CustomerID,Segment,Recency,Frequency,Monetary,Product_Variety,Avg_Days_Between_Purchases,Is_UK,Country
12347.0,Champions (VIP),2,7,3314.73,96,2.212121212121212,0,Iceland
12348.0,Occasional / At Risk,249,3,90.2,6,22.0,0,Finland
12349.0,Hibernating,19,1,999.15,58,0.0,0,Italy
12350.0,Hibernating,310,1,294.4,16,0.0,0,Norway
12352.0,Loyal Customers,36,7,1130.94,49,4.0,0,Norway
12353.0,Lost / Low Value,204,1,29.300000000000004,2,0.0,0,Bahrain
12354.0,Hibernating,232,1,682.69,40,0.0,0,Spain
12355.0,Lost / Low Value,214,1,219.0,9,0.0,0,Bahrain
12356.0,Loyal Customers,246,2,1086.56,33,2.5,0,Portugal
12357.0,Loyal Customers,33,1,3315.41,96,0.0,0,Switzerland
12358.0,Occasional / At Risk,2,2,878.22,9,11.461538461538462,0,Austria
12359.0,Loyal Customers,58,4,3161.58,158,1.5930232558139534,0,Cyprus
12360.0,Loyal Customers,52,3,1843.16,97,1.2758620689655173,0,Austria
12361.0,Lost / Low Value,287,1,174.9,9,0.0,0,Belgium
12362.0,Champions (VIP),3,10,4098.94,172,1.3035714285714286,0,Belgium
12363.0,Occasional / At Risk,110,2,484.5,19,7.388888888888889,0,Unspecified
12364.0,Loyal Customers,8,3,1106.28,67,1.3636363636363635,0,Belgium
12365.0,Hibernating,291,1,307.94,20,0.0,0,Cyprus
12367.0,Hibernating,4,1,138.3,9,0.0,0,Denmark
12370.0,Loyal Customers,51,4,2598.66,129,2.06,0,Cyprus
12371.0,Hibernating,60,1,1300.46,58,0.0,0,Switzerland
12372.0,Loyal Customers,72,3,938.34,32,5.232558139534884,0,Denmark
12373.0,Hibernating,311,1,299.1,12,0.0,0,Austria
12374.0,Hibernating,25,1,531.73,29,0.0,0,Austria
12375.0,Occasional / At Risk,11,2,283.3,12,7.333333333333333,0,Finland
12377.0,Hibernating,315,2,1472.52,69,0.5342465753424658,0,Switzerland
12378.0,Loyal Customers,130,1,3396.64,194,0.0,0,Switzerland
12379.0,Loyal Customers,82,2,736.44,37,2.4722222222222223,0,Belgium
12380.0,Loyal Customers,22,4,1738.25,71,1.8222222222222222,0,Belgium
12381.0,Loyal Customers,5,3,1242.96,62,1.619718309859155,0,Norway
12383.0,Loyal Customers,185,5,1211.84,73,2.24,0,Belgium
12384.0,Occasional / At Risk,29,2,286.32,17,5.8125,0,Switzerland
12386.0,Lost / Low Value,367,1,215.7,7,0.0,0,Australia
12388.0,Loyal Customers,16,6,2466.7000000000003,54,3.380434782608696,0,Australia
12390.0,Hibernating,80,1,407.74,26,0.0,0,Belgium
12391.0,Hibernating,22,1,406.88,89,0.0,0,Cyprus
12393.0,Loyal Customers,72,4,1193.5,45,4.56140350877193,0,Australia
12394.0,Hibernating,217,1,331.18,19,0.0,0,Belgium
12395.0,Champions (VIP),19,12,1844.57,75,2.933333333333333,0,Belgium
12397.0,Loyal Customers,36,2,1720.01,96,0.9259259259259259,0,Belgium
12398.0,Hibernating,46,1,1349.44,81,0.0,0,Switzerland
12399.0,Loyal Customers,119,4,729.15,42,3.1555555555555554,0,Belgium
12401.0,Lost / Low Value,303,1,32.85,2,0.0,0,Belgium
12402.0,Lost / Low Value,323,1,195.6,10,0.0,0,Belgium
12403.0,Lost / Low Value,50,1,92.9,2,0.0,0,Denmark
12405.0,Hibernating,149,1,1104.8700000000001,42,0.0,0,Finland
12406.0,Loyal Customers,22,2,2871.78,85,1.694736842105263,0,Denmark
12407.0,Loyal Customers,50,5,1085.01,48,3.5833333333333335,0,Belgium
12408.0,Loyal Customers,33,5,1869.47,74,2.561797752808989,0,Belgium
12409.0,Loyal Customers,79,3,1646.79,22,4.333333333333333,0,Switzerland
12410.0,Hibernating,309,1,274.23,14,0.0,0,Switzerland
12412.0,Loyal Customers,75,3,1115.04,41,1.7272727272727273,0,Denmark
12413.0,Occasional / At Risk,67,3,545.2,23,9.033333333333333,0,France
12414.0,Occasional / At Risk,217,3,343.65,12,8.454545454545455,0,Austria
12415.0,Champions (VIP),25,11,3756.06,102,2.7217391304347824,0,Australia
12417.0,Champions (VIP),3,9,2151.75,124,2.5652173913043477,0,Belgium
12418.0,Hibernating,113,1,418.16,25,0.0,0,Switzerland
12420.0,Hibernating,64,1,380.3,20,0.0,0,Cyprus
12421.0,Occasional / At Risk,16,4,607.57,30,8.0,0,Spain
12422.0,Occasional / At Risk,96,3,645.3100000000001,37,6.361111111111111,0,Australia
12423.0,Champions (VIP),1,8,1535.61,90,3.209090909090909,0,Belgium
12424.0,Hibernating,163,2,703.72,21,0.0,0,Australia
12425.0,Hibernating,78,1,538.14,30,0.0,0,Portugal
12426.0,Hibernating,195,1,446.08,25,0.0,0,Germany
12427.0,Occasional / At Risk,22,3,425.62,21,15.909090909090908,0,Germany
12428.0,Champions (VIP),26,8,4830.43,223,1.048780487804878,0,Finland
12429.0,Loyal Customers,9,4,2313.04,65,4.684210526315789,0,Denmark
12430.0,Lost / Low Value,43,1,168.6,9,0.0,0,Norway
12431.0,Champions (VIP),60,13,3866.05,143,1.6302083333333333,0,Australia
12432.0,Loyal Customers,43,4,1909.68,70,1.8571428571428572,0,Norway
12433.0,Champions (VIP),1,7,7947.37,181,1.2516778523489933,0,Norway
12434.0,Loyal Customers,85,2,624.84,38,4.631578947368421,0,Australia
12435.0,Lost / Low Value,268,1,78.0,2,0.0,0,Denmark
12436.0,Hibernating,100,1,429.01000000000005,15,0.0,0,Norway
12437.0,Champions (VIP),2,18,2760.54,102,2.3404255319148937,0,France
12438.0,Loyal Customers,14,2,1753.1200000000001,69,1.6363636363636365,0,Norway
12441.0,Lost / Low Value,367,1,155.55,10,0.0,0,France
12442.0,Hibernating,3,1,144.06,11,0.0,0,Spain
12444.0,Loyal Customers,21,5,2382.56,110,1.2,0,Norway
12445.0,Lost / Low Value,22,1,77.4,3,0.0,0,Spain
12446.0,Hibernating,58,1,734.36,45,0.0,0,RSA
12447.0,Hibernating,243,1,379.78999999999996,22,0.0,0,Belgium
12448.0,Hibernating,44,1,283.95,19,0.0,0,Spain
12449.0,Loyal Customers,22,4,2733.84,104,1.0576923076923077,0,Belgium
12450.0,Lost / Low Value,156,2,131.88,7,2.8333333333333335,0,Spain
12451.0,Champions (VIP),11,5,5878.31,227,1.1335740072202165,0,Switzerland
12452.0,Hibernating,17,1,285.67,18,0.0,0,Switzerland
12453.0,Hibernating,134,1,707.09,43,0.0,0,Austria
12454.0,Lost / Low Value,56,1,66.4,1,0.0,0,Spain
12455.0,Loyal Customers,73,5,1201.8600000000001,65,3.4307692307692306,0,Spain
12456.0,Loyal Customers,44,3,1663.24,87,2.142857142857143,0,Switzerland
12457.0,Loyal Customers,86,2,958.93,43,3.3260869565217392,0,Switzerland
12458.0,Occasional / At Risk,71,2,612.38,30,7.1,0,Switzerland
12461.0,Hibernating,155,1,419.08,29,0.0,0,Switzerland
12462.0,Loyal Customers,19,2,657.8,38,6.627906976744186,0,Spain
12463.0,Loyal Customers,53,4,1155.38,62,2.506666666666667,0,Belgium
12464.0,Occasional / At Risk,150,4,76.5,1,53.333333333333336,0,Belgium
12465.0,Loyal Customers,17,2,621.49,43,3.619047619047619,0,Belgium
12468.0,Occasional / At Risk,188,2,575.99,32,4.03125,0,Germany
12471.0,Champions (VIP),2,26,8703.38,133,1.011173184357542,0,Germany
12472.0,Champions (VIP),32,7,5052.03,207,1.0977198697068404,0,Germany
12473.0,Loyal Customers,54,3,2218.95,123,0.971830985915493,0,Germany
12474.0,Champions (VIP),17,18,6115.2,236,0.8232189973614775,0,Germany
12475.0,Hibernating,54,1,561.9399999999999,31,0.0,0,Germany
12476.0,Champions (VIP),16,10,3530.83,140,2.1097560975609757,0,Germany
12477.0,Champions (VIP),23,6,7057.34,159,1.251121076233184,0,Germany
12478.0,Hibernating,4,1,479.59000000000003,32,0.0,0,Greece
12479.0,Hibernating,11,1,426.35,28,0.0,0,Germany
12480.0,Loyal Customers,28,4,2266.94,119,2.2814814814814817,0,Germany
12481.0,Champions (VIP),23,10,3445.7,125,2.0176470588235293,0,Germany
12483.0,Loyal Customers,17,7,1486.54,42,5.366666666666666,0,Sweden
12484.0,Loyal Customers,35,4,3322.58,230,0.9678456591639871,0,Spain
12488.0,Loyal Customers,10,3,952.1600000000001,41,1.434782608695652,0,France
12489.0,Lost / Low Value,336,1,191.43,10,0.0,0,France
12490.0,Champions (VIP),5,10,4227.11,122,1.4660633484162895,0,France
12491.0,Hibernating,39,1,350.75,23,0.0,0,France
12492.0,Hibernating,63,2,227.21,18,2.4705882352941178,0,Germany
12493.0,Hibernating,166,2,332.91,16,1.8823529411764706,0,France
12494.0,Loyal Customers,16,7,951.75,59,5.46875,0,France
12497.0,Lost / Low Value,82,1,20.4,1,0.0,0,Germany
12498.0,Loyal Customers,21,3,349.70000000000005,20,1.8,0,Germany
12500.0,Occasional / At Risk,50,6,494.89,24,10.695652173913043,0,Germany
12501.0,Hibernating,337,1,1866.66,138,0.0,0,Germany
12502.0,Loyal Customers,96,5,1511.32,72,2.3777777777777778,0,Spain
12504.0,Lost / Low Value,30,1,60.0,2,0.0,0,Germany
12506.0,Lost / Low Value,233,1,57.6,21,0.0,0,France
12507.0,Occasional / At Risk,156,2,388.75,11,13.0,0,Spain
12508.0,Hibernating,26,2,397.88,57,0.04477611940298507,0,France
12509.0,Lost / Low Value,284,1,124.5,5,0.0,0,France
12510.0,Occasional / At Risk,143,2,620.05,28,6.535714285714286,0,Spain
12512.0,Hibernating,66,2,124.23,30,0.0,0,Israel
12513.0,Hibernating,113,1,520.04,33,0.0,0,France
12514.0,Hibernating,267,1,779.68,44,0.0,0,Italy
12515.0,Lost / Low Value,353,1,190.8,11,0.0,0,Italy
12516.0,Occasional / At Risk,78,2,270.48,10,10.3,0,Germany
12517.0,Loyal Customers,28,4,2176.85,221,0.6136363636363636,0,Germany
12518.0,Champions (VIP),1,5,1750.09,80,0.9734513274336283,0,Germany
12519.0,Hibernating,64,1,242.84,15,0.0,0,Germany
12520.0,Loyal Customers,79,5,2061.56,113,1.4370370370370371,0,Germany
12521.0,Hibernating,143,1,499.03,34,0.0,0,Germany
12522.0,Hibernating,39,2,152.72,9,1.5,0,Germany
12523.0,Champions (VIP),19,11,1277.91,63,4.0,0,France
12524.0,Champions (VIP),9,8,1719.21,76,3.5217391304347827,0,Germany
12526.0,Loyal Customers,1,3,1074.46,58,1.5161290322580645,0,Germany
12527.0,Occasional / At Risk,82,3,296.71000000000004,16,16.266666666666666,0,Germany
12528.0,Loyal Customers,9,6,1121.63,38,4.967213114754099,0,Germany
12530.0,Loyal Customers,60,4,1051.42,43,5.431372549019608,0,Germany
12531.0,Hibernating,15,1,95.27,16,0.0,0,Germany
12532.0,Hibernating,30,1,297.33000000000004,14,0.0,0,France
12534.0,Hibernating,131,1,828.73,55,0.0,0,Germany
12535.0,Occasional / At Risk,92,2,577.85,22,3.5185185185185186,0,France
12536.0,Loyal Customers,59,1,3659.97,230,0.0,0,France
12538.0,Hibernating,29,1,258.75,16,0.0,0,Spain
12539.0,Loyal Customers,22,4,4141.6,134,1.3405172413793103,0,Spain
12540.0,Champions (VIP),20,17,7967.64,239,0.8952879581151832,0,Spain
12541.0,Loyal Customers,30,3,721.38,42,5.704545454545454,0,Spain
12544.0,Hibernating,36,1,284.9,17,0.0,0,Spain
12545.0,Loyal Customers,75,2,698.8,34,4.717948717948718,0,Spain
12546.0,Loyal Customers,47,2,969.58,55,0.49206349206349204,0,Spain
12547.0,Occasional / At Risk,198,2,151.79999999999998,6,16.6,0,Spain
12548.0,Lost / Low Value,166,1,67.19999999999999,4,0.0,0,Spain
12550.0,Hibernating,79,1,748.88,52,0.0,0,Spain
12551.0,Lost / Low Value,358,1,168.0,10,0.0,0,Spain
12552.0,Lost / Low Value,40,1,165.47,9,0.0,0,Italy
12553.0,Champions (VIP),8,10,2933.7,87,1.8994082840236686,0,France
12556.0,Loyal Customers,50,2,513.66,93,0.9181818181818182,0,Spain
12558.0,Hibernating,8,1,195.08,10,0.0,0,USA
12559.0,Hibernating,320,1,301.41,16,0.0,0,Germany
12560.0,Loyal Customers,5,2,1746.16,84,1.4526315789473685,0,Germany
12561.0,Hibernating,303,1,207.05,14,0.0,0,Germany
12562.0,Champions (VIP),8,7,2701.7400000000002,90,1.2837837837837838,0,France
12564.0,Hibernating,261,1,336.15,17,0.0,0,France
12565.0,Lost / Low Value,289,1,145.92,9,0.0,0,Saudi Arabia
12566.0,Hibernating,86,1,222.13,14,0.0,0,Germany
12567.0,Champions (VIP),23,10,6673.58,284,0.9060052219321149,0,France
12569.0,Champions (VIP),2,28,2704.69,84,1.838235294117647,0,Germany
12571.0,Loyal Customers,40,2,489.37,29,2.6451612903225805,0,France
12572.0,Loyal Customers,9,2,650.87,45,0.8958333333333334,0,Germany
12573.0,Hibernating,227,1,150.59,25,0.0,0,France
12574.0,Lost / Low Value,316,1,162.55,9,0.0,0,France
12576.0,Loyal Customers,36,5,1225.31,67,3.2804878048780486,0,Poland
12577.0,Loyal Customers,35,3,566.7,132,2.3142857142857145,0,France
12578.0,Loyal Customers,21,2,2242.96,104,2.942857142857143,0,Italy
12579.0,Hibernating,78,1,329.12,24,0.0,0,France
12580.0,Hibernating,247,1,379.7,23,0.0,0,Germany
12581.0,Hibernating,40,1,169.76,13,0.0,0,Germany
12582.0,Hibernating,239,2,313.92,18,2.9411764705882355,0,Finland
12583.0,Champions (VIP),3,15,5267.89,103,1.8366336633663367,0,France
12584.0,Loyal Customers,4,8,1100.6000000000001,24,5.8936170212765955,0,Italy
12585.0,Loyal Customers,234,2,1212.95,68,1.647887323943662,0,Germany
12586.0,Hibernating,17,1,186.54000000000002,10,0.0,0,Italy
12587.0,Lost / Low Value,8,1,104.0,3,0.0,0,Finland
12588.0,Lost / Low Value,39,1,79.65,5,0.0,0,Finland
12589.0,Occasional / At Risk,29,2,417.28,22,4.64,0,France
12590.0,Hibernating,211,1,877.26,12,0.0,0,Germany
12591.0,Hibernating,317,1,323.1,22,0.0,0,Italy
12592.0,Occasional / At Risk,92,2,350.6,9,9.307692307692308,0,Germany
12593.0,Occasional / At Risk,109,3,382.09999999999997,13,5.7894736842105265,0,France
12594.0,Loyal Customers,47,8,2743.43,45,2.679611650485437,0,Italy
12596.0,Occasional / At Risk,51,2,288.27,17,11.235294117647058,0,Spain
12597.0,Loyal Customers,19,4,2544.07,148,1.5182926829268293,0,Spain
12598.0,Champions (VIP),10,7,2103.43,70,2.644230769230769,0,France
12599.0,Loyal Customers,29,7,764.38,31,5.392156862745098,0,France
12600.0,Loyal Customers,29,9,1996.22,30,6.58,0,Germany
12601.0,Occasional / At Risk,190,5,371.51,19,7.15,0,Germany
12602.0,Lost / Low Value,59,1,129.22,11,0.0,0,France
12604.0,Occasional / At Risk,79,2,236.18,14,13.0,0,France
12607.0,Hibernating,60,1,1490.26,96,0.0,0,USA
12609.0,Loyal Customers,78,3,846.11,49,4.8979591836734695,0,Germany
12610.0,Loyal Customers,23,4,1479.6399999999999,70,1.2380952380952381,0,Italy
12611.0,Hibernating,52,1,924.52,59,0.0,0,Italy
12612.0,Hibernating,74,1,654.0,17,0.0,0,Germany
12613.0,Loyal Customers,57,4,2886.4,118,1.443661971830986,0,Germany
12614.0,Hibernating,278,1,218.15,14,0.0,0,Germany
12615.0,Champions (VIP),2,4,1552.99,74,1.9529411764705882,0,France
12616.0,Occasional / At Risk,95,2,386.79999999999995,20,8.416666666666666,0,France
12617.0,Hibernating,29,1,333.08,37,0.0,0,France
12618.0,Lost / Low Value,22,1,121.41,9,0.0,0,Italy
12619.0,Loyal Customers,16,8,681.02,32,5.266666666666667,0,Germany
12620.0,Loyal Customers,15,3,1100.1399999999999,78,2.4050632911392404,0,France
12621.0,Champions (VIP),2,19,7699.9800000000005,234,0.9381443298969072,0,Germany
12622.0,Lost / Low Value,232,1,123.85,8,0.0,0,Germany
12623.0,Hibernating,276,1,269.1,17,0.0,0,Germany
12624.0,Hibernating,106,2,492.78,30,2.3666666666666667,0,France
12625.0,Loyal Customers,212,2,1625.82,67,1.4794520547945205,0,Germany
12626.0,Champions (VIP),23,9,4945.49,216,1.1477272727272727,0,Germany
12627.0,Champions (VIP),11,6,3675.3,148,0.6467661691542289,0,Germany
12628.0,Loyal Customers,4,3,665.46,32,1.7142857142857142,0,Germany
12630.0,Loyal Customers,10,2,905.08,53,0.6296296296296297,0,Finland
12631.0,Hibernating,57,1,396.0,25,0.0,0,Finland
12633.0,Loyal Customers,59,4,1379.94,63,2.632183908045977,0,Germany
12635.0,Loyal Customers,90,2,1357.69,86,0.7303370786516854,0,Germany
12637.0,Champions (VIP),67,8,5056.84,185,0.7314285714285714,0,France
12638.0,Hibernating,33,1,498.25,37,0.0,0,Sweden
12639.0,Hibernating,239,1,325.3,18,0.0,0,Sweden
12640.0,Loyal Customers,24,3,609.53,34,1.6571428571428573,0,France
12641.0,Lost / Low Value,115,1,128.9,8,0.0,0,Sweden
12642.0,Loyal Customers,25,3,743.77,34,2.1578947368421053,0,Germany
12643.0,Lost / Low Value,221,2,71.28,2,0.0,0,France
12644.0,Hibernating,130,1,417.12,27,0.0,0,Germany
12645.0,Loyal Customers,34,4,1406.18,56,4.492063492063492,0,Germany
12646.0,Loyal Customers,5,2,838.16,33,1.3636363636363635,0,USA
12647.0,Champions (VIP),22,12,1843.87,64,4.08235294117647,0,Germany
12648.0,Hibernating,155,1,255.3,19,0.0,0,Germany
12649.0,Occasional / At Risk,107,3,513.0500000000001,21,4.7727272727272725,0,Germany
12650.0,Hibernating,3,1,242.44000000000003,19,0.0,0,France
12651.0,Lost / Low Value,335,1,114.0,9,0.0,0,France
12652.0,Hibernating,331,1,732.28,44,0.0,0,France
12653.0,Occasional / At Risk,149,2,752.81,27,5.103448275862069,0,Israel
12654.0,Occasional / At Risk,11,5,499.33,28,9.193548387096774,0,Germany
12656.0,Loyal Customers,17,5,1873.35,63,2.541176470588235,0,France
12657.0,Loyal Customers,11,3,623.0,23,2.392857142857143,0,France
12658.0,Hibernating,19,1,535.4,29,0.0,0,Germany
12659.0,Lost / Low Value,30,1,45.6,3,0.0,0,France
12660.0,Hibernating,11,1,203.7,11,0.0,0,France
12662.0,Champions (VIP),1,11,3289.4300000000003,122,1.8019323671497585,0,Germany
12664.0,Occasional / At Risk,59,4,406.8,8,29.333333333333332,0,Finland
12665.0,Lost / Low Value,325,1,45.0,2,0.0,0,Germany
12667.0,Hibernating,58,1,410.23,29,0.0,0,Finland
12668.0,Loyal Customers,12,4,2666.0,102,2.510948905109489,0,Germany
12669.0,Loyal Customers,151,2,1319.92,89,1.1777777777777778,0,France
12670.0,Loyal Customers,10,5,2087.47,51,2.96,0,France
12672.0,Lost / Low Value,330,1,162.29999999999998,8,0.0,0,France
12673.0,Occasional / At Risk,5,2,504.62,36,9.17142857142857,0,Germany
12674.0,Loyal Customers,39,4,1289.54,44,2.5606060606060606,0,France
12676.0,Loyal Customers,25,6,1031.39,32,7.756756756756757,0,Sweden
12678.0,Loyal Customers,43,8,1359.8,36,7.775,0,France
12679.0,Hibernating,284,1,639.86,38,0.0,0,France
12680.0,Loyal Customers,1,4,736.97,29,2.511111111111111,0,France
12681.0,Champions (VIP),15,21,9584.4,237,0.6685606060606061,0,France
12682.0,Champions (VIP),4,30,8429.54,190,0.8382687927107062,0,France
12683.0,Champions (VIP),4,14,5141.41,164,1.2448275862068965,0,France
12684.0,Loyal Customers,8,6,1646.19,57,2.340909090909091,0,France
12685.0,Champions (VIP),28,6,2437.65,111,0.4513888888888889,0,France
12686.0,Lost / Low Value,372,1,71.14,6,0.0,0,France
12688.0,Hibernating,114,1,2770.04,129,0.0,0,Israel
12689.0,Loyal Customers,26,2,1020.21,54,1.5692307692307692,0,France
12690.0,Hibernating,206,1,265.11,13,0.0,0,France
12691.0,Occasional / At Risk,58,4,678.2,20,13.0,0,France
12693.0,Occasional / At Risk,127,4,476.51,28,7.111111111111111,0,Germany
12694.0,Occasional / At Risk,70,2,447.62,26,4.346153846153846,0,France
12695.0,Occasional / At Risk,7,4,342.56,17,12.6875,0,France
12697.0,Loyal Customers,29,3,676.71,34,4.0285714285714285,0,Sweden
12700.0,Champions (VIP),8,4,3888.64,174,0.8739495798319328,0,France
12701.0,Loyal Customers,80,2,652.45,44,3.6222222222222222,0,Germany
12702.0,Hibernating,20,1,201.0,11,0.0,0,Germany
12703.0,Hibernating,71,1,265.55,20,0.0,0,Germany
12704.0,Champions (VIP),7,8,1180.98,50,2.53125,0,Finland
12705.0,Champions (VIP),15,8,5154.4,199,1.1958041958041958,0,Germany
12707.0,Hibernating,292,1,417.52000000000004,29,0.0,0,France
12708.0,Champions (VIP),30,10,2117.96,73,2.6692913385826773,0,Germany
12709.0,Champions (VIP),15,14,4585.32,80,2.471830985915493,0,Germany
12710.0,Loyal Customers,97,3,909.8199999999999,69,1.5441176470588236,0,Germany
12712.0,Champions (VIP),29,13,2586.98,42,3.942528735632184,0,Germany
12713.0,Loyal Customers,1,1,722.85,36,0.0,0,Germany
12714.0,Champions (VIP),9,5,3621.0299999999997,196,1.2231759656652361,0,France
12715.0,Hibernating,106,1,263.36,19,0.0,0,Sweden
12716.0,Loyal Customers,4,2,912.91,55,2.096774193548387,0,France
12717.0,Loyal Customers,151,2,774.03,46,1.88,0,Greece
12718.0,Hibernating,71,1,182.35,17,0.0,0,France
12719.0,Loyal Customers,5,2,498.55,30,1.8181818181818181,0,France
12720.0,Champions (VIP),3,25,4424.39,194,1.1954397394136809,0,Germany
12721.0,Loyal Customers,32,6,2108.19,118,2.3405797101449277,0,France
12722.0,Hibernating,115,2,726.1,44,0.8372093023255814,0,France
12723.0,Loyal Customers,4,4,580.33,48,1.0163934426229508,0,France
12724.0,Loyal Customers,5,4,923.41,46,6.8125,0,France
12725.0,Hibernating,371,1,371.8,23,0.0,0,Italy
12726.0,Loyal Customers,28,7,1550.1,48,3.781609195402299,0,France
12727.0,Champions (VIP),11,7,2461.52,99,2.719298245614035,0,France
12728.0,Occasional / At Risk,71,4,565.33,30,7.909090909090909,0,France
12729.0,Hibernating,114,1,360.71000000000004,22,0.0,0,France
12731.0,Champions (VIP),24,10,7116.69,79,1.9825581395348837,0,France
12732.0,Lost / Low Value,180,1,178.26000000000002,10,0.0,0,France
12733.0,Hibernating,234,1,276.85,20,0.0,0,USA
12734.0,Lost / Low Value,353,1,110.39999999999999,4,0.0,0,France
12735.0,Hibernating,315,2,375.07,27,0.8461538461538461,0,France
12736.0,Lost / Low Value,333,1,93.6,2,0.0,0,France
12738.0,Lost / Low Value,372,1,110.4,8,0.0,0,Germany
12739.0,Hibernating,99,1,516.0,31,0.0,0,United Arab Emirates
12740.0,Hibernating,64,1,344.8,24,0.0,0,France
12743.0,Hibernating,134,2,418.93,104,0.0,0,Unspecified
12744.0,Loyal Customers,56,4,4774.93,128,1.7466666666666666,0,Singapore
12747.0,Champions (VIP),2,11,2640.41,32,4.766233766233766,1,United Kingdom
12748.0,Champions (VIP),1,196,20441.1,1595,0.09244114002478315,1,United Kingdom
12749.0,Champions (VIP),4,5,2737.73,120,1.4383561643835616,1,United Kingdom
12750.0,Lost / Low Value,129,1,184.98,10,0.0,0,Poland
12752.0,Hibernating,81,1,854.12,18,0.0,0,Norway
12753.0,Occasional / At Risk,23,6,1988.77,22,14.166666666666666,0,Japan
12754.0,Hibernating,277,2,61.62,49,0.6458333333333334,0,Japan
12755.0,Lost / Low Value,281,1,7.6,2,0.0,0,Japan
12756.0,Lost / Low Value,87,1,50.879999999999995,3,0.0,0,Japan
12757.0,Champions (VIP),16,7,3179.0,223,0.5833333333333334,0,Portugal
12758.0,Loyal Customers,117,2,1468.59,60,2.4242424242424243,0,Portugal
12759.0,Loyal Customers,52,3,1279.09,74,2.6547619047619047,0,Netherlands
12762.0,Loyal Customers,8,2,1211.3,57,0.3050847457627119,0,Portugal
12763.0,Hibernating,369,1,320.08,16,0.0,0,Japan
12764.0,Hibernating,317,1,952.88,33,0.0,0,Lebanon
12766.0,Champions (VIP),4,7,5713.12,188,1.3104693140794224,0,Portugal
12769.0,Hibernating,239,1,869.4,25,0.0,0,Brazil
12772.0,Hibernating,60,1,615.3199999999999,45,0.0,0,Portugal
12775.0,Loyal Customers,17,5,952.14,38,6.391304347826087,0,Netherlands
12778.0,Occasional / At Risk,20,6,492.49,31,8.617647058823529,0,Netherlands
12779.0,Loyal Customers,38,8,2523.53,67,3.2115384615384617,0,Poland
12781.0,Occasional / At Risk,64,2,594.54,18,13.0,0,Czech Republic
12782.0,Champions (VIP),5,5,1811.47,75,3.8369565217391304,0,Portugal
12783.0,Loyal Customers,2,4,1011.3000000000001,60,1.1967213114754098,0,Portugal
12784.0,Hibernating,15,1,455.46999999999997,51,0.0,0,Portugal
12785.0,Hibernating,364,1,239.0,12,0.0,0,Portugal
12787.0,Occasional / At Risk,10,3,356.26,16,12.2,0,Netherlands
12790.0,Hibernating,192,1,199.42000000000002,16,0.0,0,Netherlands
12792.0,Hibernating,257,1,329.59,23,0.0,0,Portugal
12793.0,Hibernating,335,2,395.48,20,1.85,0,Portugal
12794.0,Loyal Customers,53,2,795.51,41,1.0714285714285714,0,Portugal
12795.0,Lost / Low Value,19,1,144.63,8,0.0,0,Portugal
12797.0,Lost / Low Value,366,1,206.13,11,0.0,0,Portugal
12802.0,Hibernating,187,1,397.58,24,0.0,0,Netherlands
12808.0,Occasional / At Risk,37,3,445.7,25,13.28,0,Portugal
12809.0,Hibernating,178,1,343.41,21,0.0,0,Portugal
12811.0,Hibernating,262,2,415.55,24,0.92,0,Portugal
12812.0,Hibernating,45,1,229.64000000000001,15,0.0,0,Japan
12815.0,Hibernating,148,2,687.66,32,1.3783783783783783,0,Poland
12816.0,Occasional / At Risk,96,2,265.90000000000003,17,5.0625,0,Poland
12817.0,Lost / Low Value,281,1,126.03999999999999,3,0.0,0,Austria
12818.0,Lost / Low Value,262,1,267.6,7,0.0,0,Austria
12820.0,Loyal Customers,3,4,923.62,54,5.666666666666667,1,United Kingdom
12821.0,Lost / Low Value,214,1,75.72,5,0.0,1,United Kingdom
12822.0,Hibernating,71,2,743.28,37,0.425,1,United Kingdom
12824.0,Hibernating,60,1,316.42,22,0.0,1,United Kingdom
12826.0,Champions (VIP),3,7,1460.8,57,4.078651685393258,1,United Kingdom
12827.0,Loyal Customers,6,3,430.15000000000003,19,1.625,1,United Kingdom
12828.0,Champions (VIP),3,6,961.96,44,2.4150943396226414,1,United Kingdom
12829.0,Lost / Low Value,337,1,28.5,2,0.0,1,United Kingdom
12831.0,Lost / Low Value,262,1,124.75,6,0.0,1,United Kingdom
12832.0,Loyal Customers,32,2,366.53,26,2.64,1,United Kingdom
12833.0,Hibernating,145,1,307.03000000000003,17,0.0,1,United Kingdom
12834.0,Lost / Low Value,283,1,201.08,11,0.0,1,United Kingdom
12836.0,Loyal Customers,59,4,1620.1200000000001,120,1.8666666666666667,1,United Kingdom
12837.0,Lost / Low Value,173,1,58.75,7,0.0,1,United Kingdom
12838.0,Loyal Customers,34,2,575.3000000000001,109,3.0088495575221237,1,United Kingdom
12839.0,Champions (VIP),3,14,5115.12,87,1.2414965986394557,1,United Kingdom
12840.0,Loyal Customers,144,4,2726.77,67,0.7410714285714286,1,United Kingdom
12841.0,Champions (VIP),5,25,3308.77,215,0.963254593175853,1,United Kingdom
12842.0,Occasional / At Risk,70,2,582.3100000000001,27,9.153846153846153,1,United Kingdom
12843.0,Loyal Customers,160,7,1395.69,58,1.1931818181818181,1,United Kingdom
12844.0,Loyal Customers,29,2,325.96000000000004,47,1.9803921568627452,1,United Kingdom
12845.0,Lost / Low Value,269,2,54.79,23,1.0,1,United Kingdom
12847.0,Hibernating,22,1,640.24,61,0.0,1,United Kingdom
12849.0,Loyal Customers,31,2,719.5,38,6.405405405405405,1,United Kingdom
12851.0,Hibernating,97,1,104.91,41,0.0,1,United Kingdom
12852.0,Hibernating,295,1,264.15000000000003,15,0.0,1,United Kingdom
12853.0,Loyal Customers,135,5,1227.2,52,3.1206896551724137,1,United Kingdom
12854.0,Loyal Customers,79,3,1056.4,87,2.4,1,United Kingdom
12855.0,Lost / Low Value,373,1,38.1,3,0.0,1,United Kingdom
12856.0,Champions (VIP),8,6,1960.03,146,0.1891891891891892,1,United Kingdom
12857.0,Hibernating,211,2,831.15,32,2.4210526315789473,1,United Kingdom
12863.0,Lost / Low Value,52,1,109.2,3,0.0,1,United Kingdom
12864.0,Lost / Low Value,138,1,10.2,1,0.0,1,United Kingdom
12865.0,Loyal Customers,26,2,1355.82,79,1.1411764705882352,0,Austria
12866.0,Hibernating,283,1,344.92,20,0.0,0,Belgium
12867.0,Champions (VIP),26,7,3637.29,235,0.6447876447876448,1,United Kingdom
12868.0,Loyal Customers,186,6,1534.71,68,1.8431372549019607,1,United Kingdom
12871.0,Occasional / At Risk,84,2,120.53999999999999,6,17.571428571428573,1,United Kingdom
12872.0,Hibernating,327,2,507.12,55,0.639344262295082,1,United Kingdom
12876.0,Loyal Customers,58,2,1100.82,54,2.278688524590164,0,Belgium
12877.0,Champions (VIP),4,12,1413.31,94,2.4482758620689653,1,United Kingdom
12878.0,Hibernating,236,2,839.09,37,0.6666666666666666,1,United Kingdom
12879.0,Occasional / At Risk,45,3,220.66,5,9.4,1,United Kingdom
12881.0,Lost / Low Value,276,1,69.0,4,0.0,1,United Kingdom
12882.0,Loyal Customers,9,2,995.4,10,2.6666666666666665,1,United Kingdom
12883.0,Loyal Customers,25,4,527.87,28,2.1666666666666665,1,United Kingdom
12884.0,Lost / Low Value,88,1,107.25,5,0.0,1,United Kingdom
12885.0,Loyal Customers,63,3,977.22,56,1.0169491525423728,1,United Kingdom
12886.0,Loyal Customers,68,2,1059.3600000000001,60,2.4126984126984126,1,United Kingdom
12888.0,Occasional / At Risk,214,2,187.92000000000002,2,20.5,1,United Kingdom
12890.0,Hibernating,24,1,361.63,76,0.0,1,United Kingdom
12893.0,Hibernating,31,1,176.55,27,0.0,1,United Kingdom
12895.0,Hibernating,42,2,335.05,20,2.3157894736842106,1,United Kingdom
12897.0,Occasional / At Risk,205,2,100.50000000000001,2,97.0,1,United Kingdom
12901.0,Champions (VIP),10,15,1162.35,24,5.098039215686274,1,United Kingdom
12902.0,Lost / Low Value,265,1,87.78,7,0.0,1,United Kingdom
12904.0,Loyal Customers,18,2,338.21,52,2.5245901639344264,1,United Kingdom
12906.0,Loyal Customers,12,5,1108.02,39,1.7179487179487178,1,United Kingdom
12909.0,Loyal Customers,40,5,1022.43,58,3.34375,1,United Kingdom
12910.0,Loyal Customers,23,8,2297.02,40,3.7586206896551726,1,United Kingdom
12912.0,Loyal Customers,8,4,735.66,13,2.2857142857142856,1,United Kingdom
12913.0,Occasional / At Risk,5,5,1088.45,27,12.133333333333333,1,United Kingdom
12915.0,Occasional / At Risk,149,2,201.05,11,22.4,1,United Kingdom
12916.0,Loyal Customers,139,4,1785.8,44,2.275,1,United Kingdom
12919.0,Loyal Customers,8,6,1159.21,31,3.577777777777778,1,United Kingdom
12920.0,Hibernating,17,1,106.89,23,0.0,1,United Kingdom
12921.0,Champions (VIP),9,37,13030.37,219,0.56,1,United Kingdom
12922.0,Hibernating,161,1,377.3,26,0.0,1,United Kingdom
12923.0,Hibernating,64,1,151.67,26,0.0,1,United Kingdom
12924.0,Occasional / At Risk,88,4,644.2,18,9.958333333333334,1,United Kingdom
12925.0,Loyal Customers,5,2,636.13,38,1.75,1,United Kingdom
12928.0,Loyal Customers,35,5,1739.74,55,4.153846153846154,1,United Kingdom
12929.0,Lost / Low Value,312,1,70.95,5,0.0,1,United Kingdom
12930.0,Occasional / At Risk,78,2,389.61,19,4.2272727272727275,1,United Kingdom
12931.0,Occasional / At Risk,67,2,48.160000000000004,3,145.0,1,United Kingdom
12933.0,Loyal Customers,24,3,465.47,93,2.6979166666666665,1,United Kingdom
12935.0,Champions (VIP),2,7,1851.55,70,2.8053097345132745,1,United Kingdom
12936.0,Loyal Customers,17,3,911.9,56,1.0338983050847457,1,United Kingdom
12937.0,Loyal Customers,15,4,1233.1200000000001,77,2.230088495575221,1,United Kingdom
12938.0,Lost / Low Value,26,1,100.22,8,0.0,1,United Kingdom
12939.0,Lost / Low Value,335,1,81.36,1,0.0,1,United Kingdom
12940.0,Hibernating,55,2,515.62,68,0.44594594594594594,1,United Kingdom
12942.0,Loyal Customers,131,3,496.7,60,3.9661016949152543,1,United Kingdom
12944.0,Occasional / At Risk,36,2,519.81,26,12.26923076923077,1,United Kingdom
12945.0,Hibernating,288,1,264.25,15,0.0,1,United Kingdom
12947.0,Loyal Customers,144,5,1269.59,72,2.738095238095238,1,United Kingdom
12948.0,Champions (VIP),16,7,1892.3600000000001,74,2.339622641509434,1,United Kingdom
12949.0,Champions (VIP),31,8,3639.92,151,1.15625,1,United Kingdom
12950.0,Occasional / At Risk,8,2,284.2,11,1.6,1,United Kingdom
12951.0,Loyal Customers,9,6,979.12,51,5.4576271186440675,1,United Kingdom
12952.0,Loyal Customers,6,4,1058.26,51,1.1774193548387097,1,United Kingdom
12953.0,Hibernating,10,1,192.45000000000002,10,0.0,1,United Kingdom
12955.0,Champions (VIP),1,11,3260.2599999999998,75,1.8095238095238095,1,United Kingdom
12956.0,Lost / Low Value,306,1,74.67,16,0.0,1,United Kingdom
12957.0,Champions (VIP),10,8,3547.04,186,1.5492957746478873,1,United Kingdom
12962.0,Occasional / At Risk,7,2,240.89000000000001,14,7.571428571428571,1,United Kingdom
12963.0,Champions (VIP),8,8,1664.06,66,4.2,1,United Kingdom
12965.0,Hibernating,89,1,595.61,94,0.0,1,United Kingdom
12966.0,Hibernating,10,1,147.68,9,0.0,1,United Kingdom
12967.0,Hibernating,358,2,452.2,9,1.625,1,United Kingdom
12968.0,Lost / Low Value,112,1,126.0,4,0.0,1,United Kingdom
12970.0,Loyal Customers,7,4,310.05,109,2.603305785123967,1,United Kingdom
12971.0,Champions (VIP),4,78,5357.93,82,1.7242990654205608,1,United Kingdom
12974.0,Lost / Low Value,198,1,77.15,4,0.0,1,United Kingdom
12976.0,Hibernating,212,1,303.6,19,0.0,1,United Kingdom
12977.0,Lost / Low Value,156,1,10.74,7,0.0,1,United Kingdom
12981.0,Occasional / At Risk,30,2,372.21999999999997,12,5.473684210526316,1,United Kingdom
12982.0,Hibernating,243,1,376.5,27,0.0,1,United Kingdom
12984.0,Lost / Low Value,19,1,97.5,4,0.0,1,United Kingdom
12985.0,Loyal Customers,1,2,1033.52,61,0.4444444444444444,1,United Kingdom
12987.0,Occasional / At Risk,74,2,392.45,21,6.2,1,United Kingdom
12988.0,Hibernating,292,1,301.17,60,0.0,1,United Kingdom
12989.0,Champions (VIP),3,10,1277.23,32,7.375,1,United Kingdom
12990.0,Occasional / At Risk,31,3,351.0,8,25.363636363636363,1,United Kingdom
12991.0,Loyal Customers,23,2,461.26,30,3.0689655172413794,1,United Kingdom
12993.0,Occasional / At Risk,23,4,414.76,26,10.576923076923077,1,United Kingdom
12994.0,Loyal Customers,4,3,782.52,43,5.5,1,United Kingdom
12997.0,Loyal Customers,22,4,880.09,40,5.9,1,United Kingdom
12999.0,Hibernating,205,2,273.78,22,1.8181818181818181,1,United Kingdom
13000.0,Occasional / At Risk,260,2,382.16,24,4.375,1,United Kingdom
13001.0,Champions (VIP),4,13,5060.35,156,1.0769230769230769,1,United Kingdom
13002.0,Lost / Low Value,318,1,110.99999999999999,6,0.0,1,United Kingdom
13003.0,Occasional / At Risk,151,2,89.05000000000001,4,15.75,1,United Kingdom
13004.0,Champions (VIP),12,17,5139.96,256,0.9251336898395722,1,United Kingdom
13005.0,Occasional / At Risk,174,2,323.3,16,4.055555555555555,1,United Kingdom
13006.0,Lost / Low Value,56,1,11.52,2,0.0,1,United Kingdom
13008.0,Hibernating,323,1,229.46999999999997,14,0.0,1,United Kingdom
13011.0,Lost / Low Value,372,1,50.550000000000004,3,0.0,1,United Kingdom
13012.0,Loyal Customers,9,7,1416.15,58,3.8,1,United Kingdom
13013.0,Champions (VIP),1,13,4146.400000000001,140,1.85,1,United Kingdom
13014.0,Champions (VIP),11,9,1499.03,52,3.816901408450704,1,United Kingdom
13015.0,Loyal Customers,53,5,2642.29,137,1.2894736842105263,1,United Kingdom
13016.0,Loyal Customers,73,3,709.34,36,1.1904761904761905,1,United Kingdom
13018.0,Champions (VIP),16,28,6530.12,286,0.6611374407582938,1,United Kingdom
13021.0,Champions (VIP),4,9,1855.96,76,3.6122448979591835,1,United Kingdom
13023.0,Loyal Customers,64,2,439.86,27,2.3214285714285716,1,United Kingdom
13026.0,Occasional / At Risk,1,4,341.88,18,14.421052631578947,1,United Kingdom
13028.0,Loyal Customers,23,2,613.4399999999999,39,0.5476190476190477,1,United Kingdom
13029.0,Occasional / At Risk,31,2,116.5,7,18.0,1,United Kingdom
13030.0,Loyal Customers,11,2,514.84,66,4.4625,1,United Kingdom
13032.0,Hibernating,52,2,735.93,45,0.603448275862069,1,United Kingdom
13033.0,Lost / Low Value,357,1,190.55,11,0.0,1,United Kingdom
13034.0,Occasional / At Risk,55,2,627.82,36,9.0,1,United Kingdom
13035.0,Occasional / At Risk,74,2,349.20000000000005,16,11.6875,1,United Kingdom
13037.0,Loyal Customers,138,3,693.37,35,3.3714285714285714,1,United Kingdom
13038.0,Occasional / At Risk,80,3,891.46,23,8.076923076923077,1,United Kingdom
13040.0,Loyal Customers,9,2,676.99,38,0.5952380952380952,1,United Kingdom
13043.0,Lost / Low Value,273,1,139.7,5,0.0,1,United Kingdom
13044.0,Hibernating,291,1,391.72,28,0.0,1,United Kingdom
13045.0,Hibernating,99,1,305.28000000000003,18,0.0,1,United Kingdom
13046.0,Occasional / At Risk,31,2,419.11,26,9.076923076923077,1,United Kingdom
13047.0,Loyal Customers,57,9,2641.31,89,2.1564625850340136,1,United Kingdom
13048.0,Loyal Customers,14,4,1793.91,76,2.371212121212121,1,United Kingdom
13049.0,Occasional / At Risk,64,2,433.68,11,25.4,1,United Kingdom
13050.0,Champions (VIP),15,17,4703.98,217,1.0114942528735633,1,United Kingdom
13052.0,Lost / Low Value,212,1,197.65,10,0.0,1,United Kingdom
13055.0,Loyal Customers,78,3,1104.06,69,1.9285714285714286,1,United Kingdom
13058.0,Occasional / At Risk,25,3,261.45000000000005,4,21.166666666666668,1,United Kingdom
13059.0,Lost / Low Value,250,1,85.65,6,0.0,1,United Kingdom
13060.0,Hibernating,254,1,243.93,11,0.0,1,United Kingdom
13061.0,Lost / Low Value,72,1,200.31,8,0.0,1,United Kingdom
13062.0,Lost / Low Value,191,1,65.69999999999999,4,0.0,1,United Kingdom
13064.0,Loyal Customers,13,4,879.22,43,5.526315789473684,1,United Kingdom
13065.0,Lost / Low Value,373,1,138.41,9,0.0,1,United Kingdom
13066.0,Hibernating,24,2,372.75,43,0.19047619047619047,1,United Kingdom
13067.0,Lost / Low Value,82,1,91.61,13,0.0,1,United Kingdom
13069.0,Champions (VIP),1,24,3445.14,259,0.9485861182519281,1,United Kingdom
13070.0,Lost / Low Value,192,1,228.8,9,0.0,1,United Kingdom
13072.0,Lost / Low Value,267,1,177.15,7,0.0,1,United Kingdom
13075.0,Hibernating,130,1,477.21,16,0.0,1,United Kingdom
13077.0,Loyal Customers,1,4,637.21,95,3.5784313725490198,1,United Kingdom
13078.0,Champions (VIP),3,26,7392.89,69,1.3494423791821561,1,United Kingdom
13079.0,Occasional / At Risk,4,5,220.10000000000002,2,27.2,1,United Kingdom
13080.0,Lost / Low Value,179,1,58.08,6,0.0,1,United Kingdom
13081.0,Champions (VIP),12,10,17925.53,439,0.4265402843601896,1,United Kingdom
13082.0,Loyal Customers,126,8,1177.36,45,4.0,1,United Kingdom
13083.0,Occasional / At Risk,4,2,235.8,13,5.071428571428571,1,United Kingdom
13085.0,Occasional / At Risk,158,2,217.68,11,10.615384615384615,1,United Kingdom
13089.0,Champions (VIP),4,80,36347.88,536,0.24153948241539483,1,United Kingdom
13090.0,Champions (VIP),9,13,3737.11,80,3.1652173913043478,1,United Kingdom
13091.0,Hibernating,28,1,281.08,15,0.0,1,United Kingdom
13092.0,Occasional / At Risk,71,5,266.61,13,20.642857142857142,1,United Kingdom
13093.0,Loyal Customers,276,8,3429.4700000000003,67,0.9074074074074074,1,United Kingdom
13094.0,Lost / Low Value,206,2,106.2,1,3.0,1,United Kingdom
13095.0,Lost / Low Value,71,1,60.48,5,0.0,1,United Kingdom
13097.0,Champions (VIP),33,10,4084.6800000000003,180,0.967551622418879,1,United Kingdom
13098.0,Champions (VIP),1,27,9869.38,108,0.8876404494382022,1,United Kingdom
13101.0,Lost / Low Value,234,1,65.5,6,0.0,1,United Kingdom
13102.0,Champions (VIP),1,24,4998.69,121,1.4330708661417322,1,United Kingdom
13103.0,Lost / Low Value,40,1,141.94,6,0.0,1,United Kingdom
13104.0,Occasional / At Risk,3,4,570.48,13,17.6,1,United Kingdom
13106.0,Lost / Low Value,133,1,76.5,1,0.0,1,United Kingdom
13107.0,Loyal Customers,44,4,1092.0,47,6.020833333333333,1,United Kingdom
13108.0,Lost / Low Value,373,1,95.3,5,0.0,1,United Kingdom
13109.0,Loyal Customers,60,2,763.2,39,2.227272727272727,1,United Kingdom
13110.0,Loyal Customers,31,7,971.22,86,2.7184466019417477,1,United Kingdom
13113.0,Champions (VIP),1,24,3286.14,88,2.4563758389261743,1,United Kingdom
13115.0,Loyal Customers,12,4,2029.06,82,1.5446428571428572,1,United Kingdom
13116.0,Hibernating,138,1,291.29,21,0.0,1,United Kingdom
13117.0,Loyal Customers,22,8,840.7,59,5.161764705882353,1,United Kingdom
13118.0,Loyal Customers,20,5,1125.96,62,3.736111111111111,1,United Kingdom
13120.0,Lost / Low Value,239,1,30.599999999999998,1,0.0,1,United Kingdom
13121.0,Hibernating,269,1,260.36,48,0.0,1,United Kingdom
13122.0,Hibernating,240,1,821.1,50,0.0,1,United Kingdom
13124.0,Loyal Customers,90,3,2850.53,163,1.3917525773195876,1,United Kingdom
13126.0,Champions (VIP),5,8,1783.57,108,2.9917355371900825,1,United Kingdom
13127.0,Hibernating,78,1,259.17,15,0.0,1,United Kingdom
13130.0,Lost / Low Value,94,1,64.0,2,0.0,1,United Kingdom
13131.0,Loyal Customers,23,3,604.3,25,4.685714285714286,1,United Kingdom
13132.0,Lost / Low Value,262,1,60.3,2,0.0,1,United Kingdom
13133.0,Occasional / At Risk,274,2,79.95,5,7.75,1,United Kingdom
13134.0,Loyal Customers,86,4,1392.14,76,1.9620253164556962,1,United Kingdom
13136.0,Loyal Customers,56,5,2408.51,90,1.3,1,United Kingdom
13137.0,Champions (VIP),11,8,3506.77,338,0.4401772525849335,1,United Kingdom
13138.0,Loyal Customers,22,6,946.49,30,5.737704918032787,1,United Kingdom
13139.0,Champions (VIP),16,7,2473.04,96,2.229357798165138,1,United Kingdom
13140.0,Occasional / At Risk,108,3,348.67,37,6.2926829268292686,1,United Kingdom
13141.0,Loyal Customers,85,5,2260.53,108,1.8046875,1,United Kingdom
13142.0,Hibernating,19,1,215.92,19,0.0,1,United Kingdom
13144.0,Lost / Low Value,333,1,47.2,2,0.0,1,United Kingdom
13145.0,Occasional / At Risk,40,3,297.6,3,29.333333333333332,1,United Kingdom
13146.0,Hibernating,26,1,228.91,16,0.0,1,United Kingdom
13147.0,Occasional / At Risk,43,2,237.60000000000002,1,56.0,1,United Kingdom
13148.0,Champions (VIP),29,11,2685.36,193,1.2934362934362935,1,United Kingdom
13149.0,Loyal Customers,14,4,1210.68,63,4.104477611940299,1,United Kingdom
13151.0,Hibernating,296,1,773.27,51,0.0,1,United Kingdom
13153.0,Lost / Low Value,6,1,140.46,8,0.0,1,United Kingdom
13155.0,Loyal Customers,33,4,843.0600000000001,61,4.35064935064935,1,United Kingdom
13157.0,Loyal Customers,49,4,1447.98,62,3.276315789473684,1,United Kingdom
13158.0,Loyal Customers,95,4,1193.5,58,2.909090909090909,1,United Kingdom
13159.0,Loyal Customers,9,4,1215.79,101,1.019047619047619,1,United Kingdom
13160.0,Lost / Low Value,22,1,75.89999999999999,3,0.0,1,United Kingdom
13161.0,Lost / Low Value,313,1,95.75,6,0.0,1,United Kingdom
13162.0,Loyal Customers,122,4,1156.15,60,3.4754098360655736,1,United Kingdom
13165.0,Occasional / At Risk,46,2,349.28,25,12.2,1,United Kingdom
13166.0,Hibernating,283,1,349.6,36,0.0,1,United Kingdom
13167.0,Loyal Customers,19,4,470.15999999999997,41,2.6041666666666665,1,United Kingdom
13168.0,Loyal Customers,36,4,1097.29,90,2.5636363636363635,1,United Kingdom
13169.0,Occasional / At Risk,64,2,355.1,7,23.625,1,United Kingdom
13170.0,Hibernating,27,1,101.97,28,0.0,1,United Kingdom
13171.0,Occasional / At Risk,22,3,261.51,31,7.315789473684211,1,United Kingdom
13173.0,Occasional / At Risk,4,2,340.21,40,8.853658536585366,1,United Kingdom
13174.0,Loyal Customers,16,3,1994.53,193,1.4233870967741935,1,United Kingdom
13176.0,Hibernating,46,1,337.43,58,0.0,1,United Kingdom
13177.0,Hibernating,65,1,282.45,17,0.0,1,United Kingdom
13178.0,Champions (VIP),26,11,4569.75,93,1.3916666666666666,1,United Kingdom
13182.0,Lost / Low Value,45,1,121.18,11,0.0,1,United Kingdom
13183.0,Champions (VIP),8,9,1126.63,43,5.360655737704918,1,United Kingdom
13184.0,Champions (VIP),15,10,1395.77,130,1.6829268292682926,1,United Kingdom
13185.0,Lost / Low Value,268,1,71.4,1,0.0,1,United Kingdom
13186.0,Loyal Customers,40,3,1362.02,58,1.328358208955224,1,United Kingdom
13187.0,Hibernating,337,1,154.02,30,0.0,1,United Kingdom
13188.0,Lost / Low Value,11,1,99.60000000000001,1,0.0,1,United Kingdom
13189.0,Occasional / At Risk,19,2,167.28,21,4.85,1,United Kingdom
13192.0,Loyal Customers,95,2,859.14,54,1.8644067796610169,1,United Kingdom
13193.0,Hibernating,61,1,95.13,21,0.0,1,United Kingdom
13194.0,Lost / Low Value,136,1,60.7,3,0.0,1,United Kingdom
13196.0,Loyal Customers,11,4,1704.03,94,2.3679245283018866,1,United Kingdom
13198.0,Champions (VIP),10,6,3181.55,187,1.6635071090047393,1,United Kingdom
13199.0,Champions (VIP),8,19,2420.0,33,6.903846153846154,1,United Kingdom
13200.0,Loyal Customers,22,3,607.27,37,2.763157894736842,1,United Kingdom
13203.0,Loyal Customers,10,4,798.68,52,4.480769230769231,1,United Kingdom
13207.0,Occasional / At Risk,15,2,250.26000000000002,7,19.285714285714285,1,United Kingdom
13208.0,Loyal Customers,59,5,1045.07,113,1.8656716417910448,1,United Kingdom
13209.0,Champions (VIP),30,7,4798.16,224,1.173758865248227,1,United Kingdom
13210.0,Hibernating,94,1,293.0,20,0.0,1,United Kingdom
13211.0,Loyal Customers,10,3,483.42,43,7.02,1,United Kingdom
13212.0,Loyal Customers,20,3,527.48,108,0.3559322033898305,1,United Kingdom
13213.0,Loyal Customers,57,5,1197.28,67,2.0140845070422535,1,United Kingdom
13216.0,Lost / Low Value,268,1,10.5,1,0.0,1,United Kingdom
13217.0,Lost / Low Value,122,1,52.02,1,0.0,1,United Kingdom
13218.0,Lost / Low Value,127,1,56.76,4,0.0,1,United Kingdom
13220.0,Occasional / At Risk,78,4,506.04,14,9.875,1,United Kingdom
13221.0,Hibernating,240,2,568.16,48,2.4285714285714284,1,United Kingdom
13223.0,Lost / Low Value,200,1,62.4,4,0.0,1,United Kingdom
13224.0,Loyal Customers,60,2,1804.92,89,0.9680851063829787,1,United Kingdom
13226.0,Lost / Low Value,273,1,85.51,14,0.0,1,United Kingdom
13227.0,Lost / Low Value,202,1,257.7,9,0.0,1,United Kingdom
13229.0,Lost / Low Value,226,1,123.15,8,0.0,1,United Kingdom
13230.0,Champions (VIP),4,14,2036.45,372,0.6611721611721612,1,United Kingdom
13232.0,Champions (VIP),13,7,969.3100000000001,128,1.32,1,United Kingdom
13233.0,Occasional / At Risk,74,2,477.2,33,8.1875,1,United Kingdom
13235.0,Hibernating,212,1,870.57,50,0.0,1,United Kingdom
13236.0,Loyal Customers,25,2,592.33,27,2.9285714285714284,1,United Kingdom
13238.0,Occasional / At Risk,23,3,493.68,15,14.041666666666666,1,United Kingdom
13239.0,Hibernating,262,1,292.12,19,0.0,1,United Kingdom
13240.0,Loyal Customers,96,4,616.7,55,4.338709677419355,1,United Kingdom
13242.0,Occasional / At Risk,112,3,270.40000000000003,12,8.416666666666666,1,United Kingdom
13243.0,Hibernating,203,1,480.02000000000004,50,0.0,1,United Kingdom
13244.0,Hibernating,93,1,94.79,24,0.0,1,United Kingdom
13245.0,Hibernating,51,1,259.85,11,0.0,1,United Kingdom
13246.0,Loyal Customers,18,6,818.53,103,2.6666666666666665,1,United Kingdom
13247.0,Loyal Customers,18,4,474.72,17,2.8260869565217392,1,United Kingdom
13248.0,Hibernating,125,2,434.21,23,2.8260869565217392,1,United Kingdom
13249.0,Lost / Low Value,93,1,82.23,14,0.0,1,United Kingdom
13253.0,Occasional / At Risk,157,2,380.15999999999997,20,9.631578947368421,1,United Kingdom
13255.0,Occasional / At Risk,9,2,198.46,8,52.0,1,United Kingdom
13258.0,Occasional / At Risk,12,3,483.73,24,6.689655172413793,1,United Kingdom
13259.0,Hibernating,62,1,249.18,75,0.0,1,United Kingdom
13260.0,Lost / Low Value,61,1,82.32000000000001,4,0.0,1,United Kingdom
13261.0,Occasional / At Risk,269,2,670.5,5,3.4,1,United Kingdom
13262.0,Lost / Low Value,263,1,132.29,9,0.0,1,United Kingdom
13263.0,Champions (VIP),1,34,6695.64,430,0.20136730888750776,1,United Kingdom
13265.0,Loyal Customers,53,5,1232.52,52,3.1884057971014492,1,United Kingdom
13266.0,Champions (VIP),11,12,2290.61,64,1.678082191780822,1,United Kingdom
13267.0,Champions (VIP),3,18,3704.69,79,2.044943820224719,1,United Kingdom
13268.0,Champions (VIP),18,10,2807.06,244,0.6082725060827251,1,United Kingdom
13269.0,Champions (VIP),1,15,4350.16,163,1.2912280701754386,1,United Kingdom
13271.0,Hibernating,37,1,211.49,79,0.0,1,United Kingdom
13272.0,Occasional / At Risk,31,2,205.66000000000003,12,5.2727272727272725,1,United Kingdom
13273.0,Hibernating,113,1,128.54,15,0.0,1,United Kingdom
13276.0,Hibernating,64,2,462.98,24,1.565217391304348,1,United Kingdom
13277.0,Occasional / At Risk,16,3,159.4,4,23.6,1,United Kingdom
13278.0,Hibernating,41,1,459.86,43,0.0,1,United Kingdom
13279.0,Lost / Low Value,78,1,137.75,9,0.0,1,United Kingdom
13280.0,Loyal Customers,122,3,723.45,61,2.9054054054054053,1,United Kingdom
13282.0,Occasional / At Risk,18,3,726.94,22,7.481481481481482,1,United Kingdom
13283.0,Occasional / At Risk,60,2,93.66,7,21.0,1,United Kingdom
13284.0,Lost / Low Value,331,1,148.74,10,0.0,1,United Kingdom
13285.0,Loyal Customers,23,4,2566.02,148,1.5084745762711864,1,United Kingdom
13291.0,Hibernating,156,1,338.41,39,0.0,1,United Kingdom
13292.0,Occasional / At Risk,39,2,418.45,21,11.181818181818182,1,United Kingdom
13294.0,Hibernating,190,2,726.39,41,1.3333333333333333,1,United Kingdom
13295.0,Lost / Low Value,360,1,168.3,8,0.0,1,United Kingdom
13296.0,Lost / Low Value,137,1,53.4,4,0.0,1,United Kingdom
13297.0,Loyal Customers,8,4,1641.59,46,1.1764705882352942,1,United Kingdom
13298.0,Lost / Low Value,1,1,90.0,1,0.0,1,United Kingdom
13299.0,Lost / Low Value,268,1,82.80000000000001,4,0.0,1,United Kingdom
13300.0,Hibernating,169,1,371.89,20,0.0,1,United Kingdom
13301.0,Loyal Customers,104,4,507.74,70,2.554054054054054,1,United Kingdom
13304.0,Hibernating,351,1,244.85000000000002,17,0.0,1,United Kingdom
13305.0,Champions (VIP),4,10,1000.21,36,7.076923076923077,1,United Kingdom
13307.0,Lost / Low Value,120,1,15.0,1,0.0,1,United Kingdom
13308.0,Loyal Customers,23,3,1092.43,46,3.62,1,United Kingdom
13309.0,Loyal Customers,7,5,1389.78,77,3.04040404040404,1,United Kingdom
13310.0,Loyal Customers,28,3,1015.73,58,4.625,1,United Kingdom
13311.0,Occasional / At Risk,4,2,408.82000000000005,18,8.11111111111111,1,United Kingdom
13313.0,Loyal Customers,22,5,1475.1200000000001,47,4.226666666666667,1,United Kingdom
13314.0,Loyal Customers,2,3,666.69,49,1.3333333333333333,1,United Kingdom
13316.0,Loyal Customers,37,4,580.49,42,4.931818181818182,1,United Kingdom
13317.0,Loyal Customers,66,6,1781.8300000000002,78,3.0103092783505154,1,United Kingdom
13318.0,Loyal Customers,1,3,379.53999999999996,11,2.5714285714285716,1,United Kingdom
13319.0,Champions (VIP),5,26,9305.39,188,0.8256880733944955,1,United Kingdom
13320.0,Loyal Customers,78,4,1532.2,77,1.2980769230769231,1,United Kingdom
13321.0,Hibernating,86,1,259.04,9,0.0,1,United Kingdom
13322.0,Hibernating,17,1,199.48000000000002,25,0.0,1,United Kingdom
13323.0,Occasional / At Risk,3,5,583.85,6,4.2631578947368425,1,United Kingdom
13324.0,Occasional / At Risk,36,8,1036.95,11,17.05263157894737,1,United Kingdom
13325.0,Hibernating,82,1,471.3,10,0.0,1,United Kingdom
13327.0,Loyal Customers,39,8,2690.07,70,3.5543478260869565,1,United Kingdom
13328.0,Lost / Low Value,316,1,235.68,8,0.0,1,United Kingdom
13329.0,Occasional / At Risk,32,2,312.48,11,33.5,1,United Kingdom
13330.0,Loyal Customers,93,3,961.38,33,4.8478260869565215,1,United Kingdom
13332.0,Hibernating,14,1,338.4,20,0.0,1,United Kingdom
13334.0,Loyal Customers,82,3,3139.07,192,0.9102040816326531,1,United Kingdom
13336.0,Hibernating,77,1,752.8000000000001,48,0.0,1,United Kingdom
13338.0,Hibernating,158,1,316.47,14,0.0,1,United Kingdom
13339.0,Hibernating,201,1,664.42,42,0.0,1,United Kingdom
13340.0,Loyal Customers,45,6,2161.56,49,4.3584905660377355,1,United Kingdom
13341.0,Hibernating,261,1,603.55,35,0.0,1,United Kingdom
13343.0,Hibernating,178,1,290.93,17,0.0,1,United Kingdom
13344.0,Loyal Customers,68,3,1684.29,99,2.142857142857143,1,United Kingdom
13345.0,Hibernating,288,1,299.70000000000005,17,0.0,1,United Kingdom
13347.0,Lost / Low Value,70,1,148.79999999999998,4,0.0,1,United Kingdom
13348.0,Hibernating,64,1,233.76,14,0.0,1,United Kingdom
13349.0,Hibernating,11,1,197.32,15,0.0,1,United Kingdom
13350.0,Loyal Customers,16,2,652.77,25,2.3333333333333335,1,United Kingdom
13351.0,Hibernating,66,1,323.94,15,0.0,1,United Kingdom
13352.0,Hibernating,60,1,316.17999999999995,21,0.0,1,United Kingdom
13354.0,Hibernating,71,1,684.91,47,0.0,1,United Kingdom
13355.0,Hibernating,122,1,516.0,29,0.0,1,United Kingdom
13356.0,Hibernating,80,1,548.59,34,0.0,1,United Kingdom
13357.0,Hibernating,257,1,491.6,78,0.0,1,United Kingdom
13358.0,Hibernating,269,1,304.71,23,0.0,1,United Kingdom
13359.0,Hibernating,64,1,307.06,18,0.0,1,United Kingdom
13362.0,Loyal Customers,9,4,2686.64,109,1.944055944055944,1,United Kingdom
13363.0,Loyal Customers,18,2,834.89,42,0.49056603773584906,1,United Kingdom
13364.0,Lost / Low Value,71,1,134.95999999999998,10,0.0,1,United Kingdom
13365.0,Loyal Customers,34,2,1718.8700000000001,108,1.6727272727272726,1,United Kingdom
13368.0,Occasional / At Risk,257,2,430.18,24,3.5217391304347827,1,United Kingdom
13369.0,Lost / Low Value,366,1,198.38000000000002,11,0.0,1,United Kingdom
13370.0,Hibernating,372,1,604.75,32,0.0,1,United Kingdom
13372.0,Hibernating,90,1,290.04,19,0.0,1,United Kingdom
13373.0,Loyal Customers,61,3,2726.17,116,1.588235294117647,1,United Kingdom
13375.0,Hibernating,89,1,607.1800000000001,33,0.0,1,United Kingdom
13376.0,Loyal Customers,99,3,834.3100000000001,42,2.872340425531915,1,United Kingdom
13379.0,Loyal Customers,26,3,521.36,83,1.1827956989247312,1,United Kingdom
13381.0,Loyal Customers,32,6,3045.75,67,1.8287671232876712,1,United Kingdom
13382.0,Hibernating,281,1,197.14000000000001,13,0.0,1,United Kingdom
13384.0,Champions (VIP),31,7,2877.66,107,1.184,1,United Kingdom
13385.0,Hibernating,330,1,403.07,29,0.0,1,United Kingdom
13388.0,Hibernating,131,2,505.45,30,0.0,1,United Kingdom
13389.0,Loyal Customers,11,3,700.66,44,5.0227272727272725,1,United Kingdom
13390.0,Hibernating,75,1,304.68,10,0.0,1,United Kingdom
13394.0,Champions (VIP),2,8,1999.09,113,2.2,1,United Kingdom
13395.0,Hibernating,185,1,251.28,18,0.0,1,United Kingdom
13396.0,Occasional / At Risk,29,2,936.69,30,9.666666666666666,1,United Kingdom
13397.0,Occasional / At Risk,73,4,1118.81,25,8.090909090909092,1,United Kingdom
13398.0,Hibernating,192,1,383.57,21,0.0,1,United Kingdom
13402.0,Occasional / At Risk,127,2,587.23,30,6.805555555555555,1,United Kingdom
13403.0,Lost / Low Value,18,1,30.0,2,0.0,1,United Kingdom
13404.0,Occasional / At Risk,1,2,252.49,11,21.1,1,United Kingdom
13405.0,Occasional / At Risk,204,2,363.35,17,7.0625,1,United Kingdom
13408.0,Champions (VIP),2,52,9337.800000000001,127,1.441860465116279,1,United Kingdom
13410.0,Occasional / At Risk,24,4,588.34,13,13.35,1,United Kingdom
13411.0,Hibernating,107,1,203.60000000000002,16,0.0,1,United Kingdom
13414.0,Hibernating,134,2,568.5,22,1.1428571428571428,1,United Kingdom
13416.0,Occasional / At Risk,44,2,576.5,8,2.7142857142857144,1,United Kingdom
13417.0,Occasional / At Risk,5,2,290.48,14,14.357142857142858,1,United Kingdom
13418.0,Champions (VIP),12,18,4699.71,197,1.352059925093633,1,United Kingdom
13419.0,Hibernating,64,1,221.06,16,0.0,1,United Kingdom
13420.0,Occasional / At Risk,150,2,87.6,6,4.2,1,United Kingdom
13421.0,Loyal Customers,40,2,1556.54,82,2.6595744680851063,1,United Kingdom
13422.0,Loyal Customers,64,1,2292.0,117,0.0,1,United Kingdom
13425.0,Loyal Customers,108,3,1057.45,54,2.90625,1,United Kingdom
13426.0,Champions (VIP),1,10,3007.02,97,2.458904109589041,1,United Kingdom
13427.0,Occasional / At Risk,19,3,445.34,20,8.521739130434783,1,United Kingdom
13428.0,Hibernating,10,1,168.38,66,0.0,1,United Kingdom
13429.0,Loyal Customers,11,4,816.69,45,1.1818181818181819,1,United Kingdom
13430.0,Loyal Customers,19,2,574.25,42,1.619047619047619,1,United Kingdom
13431.0,Hibernating,67,2,814.8,39,0.5526315789473685,1,United Kingdom
13434.0,Occasional / At Risk,74,2,179.04000000000002,7,3.142857142857143,1,United Kingdom
13435.0,Champions (VIP),5,7,1894.06,55,2.5205479452054793,1,United Kingdom
13436.0,Lost / Low Value,2,1,113.53999999999999,8,0.0,1,United Kingdom
13437.0,Champions (VIP),14,7,2384.36,107,1.3858267716535433,1,United Kingdom
13439.0,Hibernating,255,1,273.27,53,0.0,1,United Kingdom
13441.0,Hibernating,92,1,195.36,11,0.0,1,United Kingdom
13447.0,Loyal Customers,23,3,1026.69,50,0.22641509433962265,1,United Kingdom
13448.0,Champions (VIP),17,6,3027.5,121,2.0635838150289016,1,United Kingdom
13449.0,Hibernating,24,1,291.88,19,0.0,1,United Kingdom
13450.0,Loyal Customers,27,6,1272.48,27,3.4909090909090907,1,United Kingdom
13451.0,Champions (VIP),26,5,2608.66,299,0.7457627118644068,1,United Kingdom
13453.0,Occasional / At Risk,166,2,245.57999999999998,11,11.272727272727273,1,United Kingdom
13455.0,Occasional / At Risk,25,2,660.19,34,10.058823529411764,1,United Kingdom
13456.0,Loyal Customers,18,5,1180.1200000000001,39,3.5185185185185186,1,United Kingdom
13458.0,Champions (VIP),7,14,7396.57,222,1.0414201183431953,1,United Kingdom
13460.0,Hibernating,29,2,183.44,16,1.25,1,United Kingdom
13461.0,Occasional / At Risk,39,3,329.8,7,13.88888888888889,1,United Kingdom
13462.0,Lost / Low Value,253,1,135.0,8,0.0,1,United Kingdom
13464.0,Hibernating,58,1,606.73,37,0.0,1,United Kingdom
13466.0,Hibernating,184,1,197.70000000000002,12,0.0,1,United Kingdom
13467.0,Loyal Customers,11,2,860.01,79,0.2988505747126437,1,United Kingdom
13468.0,Champions (VIP),2,37,3762.89,148,1.6756756756756757,1,United Kingdom
13470.0,Lost / Low Value,99,2,165.0,7,1.7777777777777777,1,United Kingdom
13471.0,Champions (VIP),1,4,2210.64,197,0.19658119658119658,1,United Kingdom
13473.0,Occasional / At Risk,61,2,326.96,17,17.0,1,United Kingdom
13474.0,Hibernating,236,1,185.24,55,0.0,1,United Kingdom
13475.0,Loyal Customers,191,4,1115.66,53,1.5285714285714285,1,United Kingdom
13476.0,Loyal Customers,179,2,697.67,40,2.5121951219512195,1,United Kingdom
13477.0,Loyal Customers,38,6,1249.8899999999999,50,3.681159420289855,1,United Kingdom
13479.0,Occasional / At Risk,201,2,261.15,11,3.090909090909091,1,United Kingdom
13481.0,Loyal Customers,46,5,1680.26,93,2.0686274509803924,1,United Kingdom
13482.0,Lost / Low Value,232,1,184.64,11,0.0,1,United Kingdom
13483.0,Lost / Low Value,66,1,140.34,10,0.0,1,United Kingdom
13484.0,Lost / Low Value,241,1,202.5,3,0.0,1,United Kingdom
13485.0,Hibernating,233,1,394.44,20,0.0,1,United Kingdom
13486.0,Loyal Customers,78,3,999.55,61,1.2833333333333334,1,United Kingdom
13487.0,Occasional / At Risk,58,3,361.1,19,14.8,1,United Kingdom
13488.0,Champions (VIP),17,13,6585.43,236,0.9776536312849162,1,United Kingdom
13489.0,Occasional / At Risk,105,3,175.44,11,18.9,1,United Kingdom
13491.0,Loyal Customers,52,10,943.34,60,4.791044776119403,1,United Kingdom
13492.0,Loyal Customers,136,3,729.24,24,2.6,0,Switzerland
13493.0,Lost / Low Value,287,1,14.850000000000001,1,0.0,0,Switzerland
13494.0,Hibernating,312,1,296.1,17,0.0,1,United Kingdom
13495.0,Loyal Customers,8,5,1716.07,32,8.395348837209303,1,United Kingdom
13496.0,Occasional / At Risk,11,2,563.63,24,11.633333333333333,1,United Kingdom
13497.0,Occasional / At Risk,283,2,348.05,19,4.777777777777778,1,United Kingdom
13499.0,Occasional / At Risk,18,5,609.09,21,10.08,1,United Kingdom
13500.0,Loyal Customers,23,3,1010.8,52,1.7678571428571428,1,United Kingdom
13501.0,Hibernating,288,1,844.72,39,0.0,0,Switzerland
13502.0,Occasional / At Risk,17,3,272.1,16,19.1875,1,United Kingdom
13503.0,Hibernating,71,1,192.95,16,0.0,1,United Kingdom
13504.0,Hibernating,64,1,260.48,19,0.0,1,United Kingdom
13505.0,Loyal Customers,73,4,3042.26,163,0.8648648648648649,0,Switzerland
13506.0,Hibernating,316,2,379.45,21,2.65,1,United Kingdom
13507.0,Champions (VIP),3,4,1991.61,127,1.0518518518518518,1,United Kingdom
13508.0,Lost / Low Value,244,1,66.42,9,0.0,1,United Kingdom
13509.0,Occasional / At Risk,9,5,662.6800000000001,23,7.885714285714286,1,United Kingdom
13510.0,Champions (VIP),1,4,1565.02,76,1.7843137254901962,1,United Kingdom
13512.0,Hibernating,261,1,228.51000000000002,13,0.0,1,United Kingdom
13513.0,Lost / Low Value,127,1,132.6,8,0.0,1,United Kingdom
13514.0,Lost / Low Value,74,1,152.20000000000002,4,0.0,1,United Kingdom
13515.0,Loyal Customers,73,4,833.82,47,3.1818181818181817,1,United Kingdom
13516.0,Loyal Customers,73,2,607.91,36,4.611111111111111,1,United Kingdom
13517.0,Loyal Customers,60,3,1839.49,112,0.975609756097561,1,United Kingdom
13518.0,Hibernating,86,1,535.4399999999999,31,0.0,1,United Kingdom
13519.0,Lost / Low Value,78,1,78.95,6,0.0,1,United Kingdom
13520.0,Loyal Customers,59,6,1582.45,46,4.408450704225352,0,Switzerland
13521.0,Champions (VIP),1,3,976.92,304,0.022113022113022112,1,United Kingdom
13522.0,Lost / Low Value,30,1,125.80000000000001,5,0.0,1,United Kingdom
13523.0,Loyal Customers,33,5,2181.58,113,2.707317073170732,1,United Kingdom
13524.0,Occasional / At Risk,41,5,580.94,14,8.136363636363637,1,United Kingdom
13525.0,Lost / Low Value,15,1,90.0,2,0.0,1,United Kingdom
13527.0,Loyal Customers,34,7,1878.75,136,1.5025641025641026,1,United Kingdom
13529.0,Occasional / At Risk,79,2,206.06,13,10.5,1,United Kingdom
13531.0,Occasional / At Risk,205,2,357.7,13,10.0625,1,United Kingdom
13532.0,Hibernating,34,1,210.31,66,0.0,1,United Kingdom
13533.0,Hibernating,183,3,245.23999999999998,59,1.1971830985915493,1,United Kingdom
13534.0,Champions (VIP),2,24,5186.38,103,1.3852140077821011,1,United Kingdom
13536.0,Champions (VIP),1,7,2451.61,78,0.524822695035461,1,United Kingdom
13538.0,Occasional / At Risk,43,5,699.45,6,27.2,1,United Kingdom
13539.0,Occasional / At Risk,86,3,446.52,26,8.615384615384615,1,United Kingdom
13544.0,Loyal Customers,40,2,205.91,68,2.9130434782608696,1,United Kingdom
13546.0,Loyal Customers,12,3,547.39,70,2.021505376344086,1,United Kingdom
13548.0,Loyal Customers,96,2,508.59000000000003,102,1.348623853211009,1,United Kingdom
13549.0,Loyal Customers,26,7,793.85,35,5.046511627906977,1,United Kingdom
13551.0,Lost / Low Value,319,1,53.550000000000004,3,0.0,1,United Kingdom
13552.0,Champions (VIP),66,12,2227.55,65,3.1125,1,United Kingdom
13555.0,Loyal Customers,74,4,2159.94,91,1.3333333333333333,1,United Kingdom
13557.0,Occasional / At Risk,28,2,524.06,30,7.875,1,United Kingdom
13558.0,Loyal Customers,6,4,550.57,119,0.38414634146341464,1,United Kingdom
13560.0,Hibernating,7,1,171.42000000000002,32,0.0,1,United Kingdom
13561.0,Lost / Low Value,216,1,39.01,11,0.0,1,United Kingdom
13562.0,Loyal Customers,82,3,1459.6100000000001,37,2.6031746031746033,1,United Kingdom
13563.0,Hibernating,84,2,375.13,40,1.435897435897436,1,United Kingdom
13564.0,Hibernating,354,2,868.59,55,0.2153846153846154,1,United Kingdom
13565.0,Occasional / At Risk,19,2,240.22,35,8.513513513513514,1,United Kingdom
13566.0,Loyal Customers,41,2,846.89,133,0.25149700598802394,1,United Kingdom
13568.0,Hibernating,173,1,169.20000000000002,39,0.0,1,United Kingdom
13569.0,Loyal Customers,17,2,266.22,65,5.0,1,United Kingdom
13570.0,Hibernating,243,1,211.64,25,0.0,1,United Kingdom
13571.0,Champions (VIP),13,12,2013.89,153,0.7215568862275449,1,United Kingdom
13572.0,Hibernating,206,1,590.9300000000001,19,0.0,1,United Kingdom
13573.0,Occasional / At Risk,50,2,233.96,21,9.666666666666666,1,United Kingdom
13575.0,Loyal Customers,23,5,674.5699999999999,39,3.558139534883721,1,United Kingdom
13576.0,Champions (VIP),10,17,1797.66,64,4.22093023255814,1,United Kingdom
13577.0,Loyal Customers,25,4,1353.5,48,3.176470588235294,1,United Kingdom
13579.0,Occasional / At Risk,15,2,321.29,15,20.88235294117647,1,United Kingdom
13581.0,Lost / Low Value,309,1,56.95,7,0.0,1,United Kingdom
13583.0,Hibernating,156,1,691.05,48,0.0,1,United Kingdom
13584.0,Lost / Low Value,307,1,75.75,18,0.0,1,United Kingdom
13587.0,Lost / Low Value,64,1,168.0,4,0.0,1,United Kingdom
13588.0,Champions (VIP),16,9,2331.81,125,1.4457831325301205,1,United Kingdom
13589.0,Occasional / At Risk,15,2,256.05,15,11.785714285714286,1,United Kingdom
13590.0,Loyal Customers,11,6,1417.5,63,3.8933333333333335,1,United Kingdom
13591.0,Loyal Customers,65,3,809.58,46,4.488888888888889,1,United Kingdom
13592.0,Occasional / At Risk,36,3,159.51,11,22.9,1,United Kingdom
13593.0,Loyal Customers,108,5,1471.93,60,2.4,1,United Kingdom
13594.0,Hibernating,53,1,396.97,26,0.0,1,United Kingdom
13596.0,Loyal Customers,6,2,586.91,126,0.050724637681159424,1,United Kingdom
13598.0,Hibernating,47,1,113.94,31,0.0,1,United Kingdom
13599.0,Champions (VIP),1,21,3836.91,148,1.721698113207547,1,United Kingdom
13600.0,Lost / Low Value,312,1,66.52,10,0.0,1,United Kingdom
13601.0,Loyal Customers,45,2,663.08,88,1.7291666666666667,1,United Kingdom
13602.0,Hibernating,65,1,398.65000000000003,22,0.0,1,United Kingdom
13603.0,Hibernating,26,1,129.44,25,0.0,1,United Kingdom
13606.0,Occasional / At Risk,29,2,148.43,34,6.484848484848484,1,United Kingdom
13607.0,Hibernating,40,1,563.0600000000001,86,0.0,1,United Kingdom
13610.0,Champions (VIP),12,7,850.48,145,1.4145077720207253,1,United Kingdom
13611.0,Loyal Customers,89,3,956.76,62,4.153846153846154,1,United Kingdom
13614.0,Loyal Customers,24,4,1060.3600000000001,150,1.8658536585365855,1,United Kingdom
13615.0,Hibernating,319,1,385.89,21,0.0,1,United Kingdom
13617.0,Loyal Customers,40,3,444.04,27,3.58974358974359,1,United Kingdom
13618.0,Lost / Low Value,174,1,154.54,11,0.0,1,United Kingdom
13621.0,Hibernating,117,1,209.85,18,0.0,1,United Kingdom
13623.0,Loyal Customers,31,5,384.76,64,4.107692307692307,1,United Kingdom
13626.0,Hibernating,253,1,241.32999999999998,18,0.0,1,United Kingdom
13627.0,Loyal Customers,59,5,1203.83,71,3.8701298701298703,1,United Kingdom
13629.0,Hibernating,143,1,281.01,18,0.0,1,United Kingdom
13630.0,Loyal Customers,5,7,866.94,45,4.912280701754386,1,United Kingdom
13631.0,Occasional / At Risk,100,5,332.5,2,42.0,1,United Kingdom
13632.0,Loyal Customers,25,5,1764.3700000000001,106,1.7661290322580645,1,United Kingdom
13634.0,Loyal Customers,33,5,1130.31,138,1.8375,1,United Kingdom
13635.0,Hibernating,68,1,1031.43,60,0.0,1,United Kingdom
13636.0,Loyal Customers,37,5,720.83,48,4.98,1,United Kingdom
13637.0,Loyal Customers,52,3,733.8,74,1.8709677419354838,1,United Kingdom
13638.0,Lost / Low Value,16,1,97.14,7,0.0,1,United Kingdom
13639.0,Hibernating,74,1,646.34,37,0.0,1,United Kingdom
13642.0,Hibernating,216,1,226.03,50,0.0,1,United Kingdom
13643.0,Occasional / At Risk,31,3,468.44,22,6.16,1,United Kingdom
13644.0,Loyal Customers,16,4,1979.0900000000001,118,0.7542372881355932,1,United Kingdom
13645.0,Lost / Low Value,120,1,30.599999999999998,1,0.0,1,United Kingdom
13647.0,Loyal Customers,10,4,1134.52,49,3.75,1,United Kingdom
13649.0,Occasional / At Risk,257,2,333.85,22,5.238095238095238,1,United Kingdom
13650.0,Loyal Customers,17,6,1567.29,71,3.0240963855421685,1,United Kingdom
13651.0,Lost / Low Value,40,1,63.3,4,0.0,1,United Kingdom
13652.0,Loyal Customers,46,3,1003.64,43,5.767857142857143,1,United Kingdom
13654.0,Loyal Customers,43,6,2261.97,136,1.5972222222222223,1,United Kingdom
13655.0,Loyal Customers,114,2,753.22,42,2.8222222222222224,1,United Kingdom
13656.0,Occasional / At Risk,165,2,319.79,43,4.119047619047619,1,United Kingdom
13657.0,Occasional / At Risk,11,2,321.0,13,15.916666666666666,1,United Kingdom
13658.0,Loyal Customers,10,5,1735.85,72,2.2941176470588234,1,United Kingdom
13659.0,Loyal Customers,206,2,1215.27,79,1.2921348314606742,1,United Kingdom
13662.0,Loyal Customers,86,3,647.0600000000001,41,4.142857142857143,1,United Kingdom
13663.0,Lost / Low Value,179,1,91.07,7,0.0,1,United Kingdom
13666.0,Occasional / At Risk,60,3,67.65,10,25.22222222222222,1,United Kingdom
13667.0,Hibernating,149,1,252.20000000000002,77,0.0,1,United Kingdom
13668.0,Champions (VIP),3,21,4272.65,251,0.8845208845208845,1,United Kingdom
13669.0,Occasional / At Risk,51,2,160.2,6,19.8,1,United Kingdom
13670.0,Hibernating,75,1,333.2,24,0.0,1,United Kingdom
13672.0,Occasional / At Risk,301,2,186.39000000000001,4,6.2,1,United Kingdom
13673.0,Hibernating,19,2,297.79,43,0.2545454545454545,1,United Kingdom
13675.0,Occasional / At Risk,151,2,473.38,24,5.782608695652174,1,United Kingdom
13678.0,Lost / Low Value,152,1,72.56,5,0.0,1,United Kingdom
13680.0,Champions (VIP),1,4,2109.54,146,1.9651162790697674,1,United Kingdom
13681.0,Loyal Customers,18,4,796.0300000000001,36,2.5555555555555554,1,United Kingdom
13682.0,Lost / Low Value,187,1,34.0,2,0.0,1,United Kingdom
13684.0,Hibernating,286,1,65.13,29,0.0,1,United Kingdom
13685.0,Occasional / At Risk,3,4,20.92,26,1.8518518518518519,1,United Kingdom
13686.0,Lost / Low Value,183,1,72.0,8,0.0,1,United Kingdom
13689.0,Lost / Low Value,63,1,15.0,1,0.0,1,United Kingdom
13690.0,Lost / Low Value,59,1,81.60000000000001,6,0.0,1,United Kingdom
13692.0,Loyal Customers,25,2,749.64,35,5.435897435897436,1,United Kingdom
13694.0,Champions (VIP),4,19,2576.61,56,5.819672131147541,1,United Kingdom
13695.0,Champions (VIP),31,13,1616.53,41,3.1666666666666665,1,United Kingdom
13697.0,Hibernating,39,1,151.29999999999998,12,0.0,1,United Kingdom
13699.0,Lost / Low Value,155,1,70.08000000000001,4,0.0,1,United Kingdom
13700.0,Champions (VIP),26,10,1840.13,136,1.6722222222222223,1,United Kingdom
13704.0,Champions (VIP),5,9,1817.8,94,0.7545454545454545,1,United Kingdom
13705.0,Occasional / At Risk,8,3,492.78000000000003,24,14.64,1,United Kingdom
13706.0,Hibernating,303,1,290.89,19,0.0,1,United Kingdom
13707.0,Hibernating,267,2,581.36,40,1.2307692307692308,1,United Kingdom
13708.0,Hibernating,271,1,258.46,46,0.0,1,United Kingdom
13709.0,Champions (VIP),4,13,4698.650000000001,208,1.1345454545454545,1,United Kingdom
13710.0,Lost / Low Value,32,1,94.56,6,0.0,1,United Kingdom
13711.0,Hibernating,219,2,232.16000000000003,10,0.0,1,United Kingdom
13712.0,Lost / Low Value,247,1,88.2,6,0.0,1,United Kingdom
13715.0,Loyal Customers,281,5,1016.25,86,0.9191919191919192,1,United Kingdom
13716.0,Hibernating,269,1,138.28,21,0.0,1,United Kingdom
13717.0,Loyal Customers,32,6,1088.32,76,3.367088607594937,1,United Kingdom
13718.0,Occasional / At Risk,246,2,242.4,6,7.0,1,United Kingdom
13719.0,Loyal Customers,15,5,855.41,50,4.211538461538462,1,United Kingdom
13720.0,Loyal Customers,117,4,685.8,40,3.5384615384615383,1,United Kingdom
13721.0,Hibernating,36,1,470.94,25,0.0,1,United Kingdom
13722.0,Loyal Customers,132,3,2004.68,68,1.9610389610389611,1,United Kingdom
13723.0,Lost / Low Value,217,1,150.10000000000002,5,0.0,1,United Kingdom
13725.0,Loyal Customers,50,7,1203.52,75,3.278481012658228,1,United Kingdom
13726.0,Loyal Customers,39,2,429.11999999999995,34,1.878787878787879,1,United Kingdom
13727.0,Hibernating,29,2,285.78000000000003,18,0.2777777777777778,1,United Kingdom
13728.0,Occasional / At Risk,37,6,437.44,23,10.148148148148149,1,United Kingdom
13730.0,Hibernating,136,2,522.55,31,0.8125,1,United Kingdom
13731.0,Hibernating,219,2,511.59000000000003,30,0.8709677419354839,1,United Kingdom
13732.0,Hibernating,28,1,491.86,33,0.0,1,United Kingdom
13735.0,Loyal Customers,25,4,1969.29,134,1.3043478260869565,1,United Kingdom
13736.0,Loyal Customers,5,2,563.95,156,1.4406779661016949,1,United Kingdom
13737.0,Hibernating,200,1,185.65,22,0.0,1,United Kingdom
13739.0,Lost / Low Value,18,1,125.10000000000001,2,0.0,1,United Kingdom
13740.0,Hibernating,241,1,234.71,17,0.0,1,United Kingdom
13741.0,Occasional / At Risk,72,3,405.63,23,6.636363636363637,1,United Kingdom
13742.0,Champions (VIP),17,12,1895.66,168,1.216,1,United Kingdom
13743.0,Occasional / At Risk,3,7,805.1999999999999,6,9.884615384615385,1,United Kingdom
13744.0,Loyal Customers,95,2,916.26,46,3.8627450980392157,1,United Kingdom
13745.0,Hibernating,162,1,241.35999999999999,22,0.0,1,United Kingdom
13748.0,Occasional / At Risk,96,4,328.7,19,8.38888888888889,1,United Kingdom
13750.0,Occasional / At Risk,54,3,243.68,10,27.0,1,United Kingdom
13751.0,Lost / Low Value,288,1,75.6,6,0.0,1,United Kingdom
13752.0,Loyal Customers,124,6,712.84,57,2.033333333333333,1,United Kingdom
13753.0,Hibernating,288,1,710.66,34,0.0,1,United Kingdom
13754.0,Occasional / At Risk,152,2,129.6,7,23.714285714285715,1,United Kingdom
13755.0,Champions (VIP),4,9,1626.66,209,0.2097902097902098,1,United Kingdom
13756.0,Champions (VIP),2,13,2850.44,55,3.5098039215686274,1,United Kingdom
13758.0,Champions (VIP),12,7,1955.39,83,4.022222222222222,1,United Kingdom
13759.0,Loyal Customers,33,2,439.59000000000003,20,1.9,1,United Kingdom
13760.0,Loyal Customers,54,2,286.79,50,3.607142857142857,1,United Kingdom
13761.0,Loyal Customers,50,2,974.65,62,2.0476190476190474,1,United Kingdom
13762.0,Lost / Low Value,219,1,133.2,5,0.0,1,United Kingdom
13763.0,Lost / Low Value,63,1,308.40000000000003,3,0.0,1,United Kingdom
13764.0,Loyal Customers,71,3,1347.6200000000001,167,1.4052631578947368,1,United Kingdom
13767.0,Champions (VIP),2,36,7636.66,43,1.394736842105263,1,United Kingdom
13769.0,Champions (VIP),2,10,2138.4700000000003,61,3.146551724137931,1,United Kingdom
13771.0,Loyal Customers,64,4,2188.72,101,1.7596153846153846,1,United Kingdom
13772.0,Loyal Customers,34,3,1017.9300000000001,131,1.271604938271605,1,United Kingdom
13774.0,Hibernating,82,1,314.15000000000003,20,0.0,1,United Kingdom
13777.0,Champions (VIP),9,20,3343.69,32,4.195402298850575,1,United Kingdom
13778.0,Lost / Low Value,103,1,178.7,9,0.0,1,United Kingdom
13780.0,Loyal Customers,7,2,247.31,53,3.0754716981132075,1,United Kingdom
13781.0,Lost / Low Value,251,1,68.54,13,0.0,1,United Kingdom
13782.0,Loyal Customers,13,6,763.42,87,3.088235294117647,1,United Kingdom
13784.0,Occasional / At Risk,113,5,247.26,5,36.5,1,United Kingdom
13786.0,Lost / Low Value,367,1,148.8,6,0.0,1,United Kingdom
13787.0,Occasional / At Risk,76,2,231.55,20,11.56,1,United Kingdom
13790.0,Hibernating,4,1,236.84,37,0.0,1,United Kingdom
13792.0,Occasional / At Risk,66,2,183.05,12,20.09090909090909,1,United Kingdom
13798.0,Champions (VIP),8,24,2138.11,32,6.155172413793103,1,United Kingdom
13799.0,Occasional / At Risk,117,2,649.06,30,4.944444444444445,1,United Kingdom
13800.0,Hibernating,310,1,486.62,31,0.0,1,United Kingdom
13801.0,Hibernating,67,1,247.1,18,0.0,1,United Kingdom
13802.0,Loyal Customers,139,3,1068.52,32,5.40625,1,United Kingdom
13803.0,Hibernating,255,1,277.07,17,0.0,1,United Kingdom
13804.0,Loyal Customers,31,7,2256.49,111,2.194915254237288,1,United Kingdom
13806.0,Hibernating,64,1,218.13000000000002,9,0.0,1,United Kingdom
13807.0,Lost / Low Value,367,1,80.8,5,0.0,1,United Kingdom
13808.0,Loyal Customers,6,5,1115.66,55,1.5423728813559323,1,United Kingdom
13809.0,Lost / Low Value,305,1,60.300000000000004,4,0.0,0,Cyprus
13810.0,Loyal Customers,29,2,609.16,26,1.037037037037037,0,Germany
13812.0,Loyal Customers,42,3,452.1,30,2.1,0,Germany
13813.0,Loyal Customers,40,4,1050.26,49,1.5833333333333333,0,Germany
13814.0,Loyal Customers,92,2,1334.22,32,0.9183673469387755,0,Germany
13815.0,Loyal Customers,22,4,3007.46,122,1.8853503184713376,0,Germany
13816.0,Loyal Customers,24,2,420.42,21,1.8636363636363635,0,Germany
13817.0,Occasional / At Risk,29,2,328.98,19,15.333333333333334,0,Germany
13819.0,Hibernating,302,3,624.75,22,0.75,1,United Kingdom
13821.0,Hibernating,145,2,321.89,49,2.1272727272727274,1,United Kingdom
13822.0,Loyal Customers,6,2,454.8,85,0.39325842696629215,1,United Kingdom
13823.0,Loyal Customers,19,2,683.36,28,2.607142857142857,1,United Kingdom
13824.0,Loyal Customers,33,5,1171.86,29,7.128205128205129,1,United Kingdom
13826.0,Lost / Low Value,176,1,102.30000000000001,6,0.0,1,United Kingdom
13827.0,Loyal Customers,58,3,237.65,69,1.131578947368421,1,United Kingdom
13828.0,Hibernating,22,1,168.45,12,0.0,1,United Kingdom
13831.0,Loyal Customers,16,4,522.63,49,3.68,1,United Kingdom
13832.0,Lost / Low Value,19,1,52.199999999999996,3,0.0,1,United Kingdom
13833.0,Hibernating,159,1,225.45,19,0.0,1,United Kingdom
13835.0,Loyal Customers,25,4,692.37,43,4.042553191489362,1,United Kingdom
13837.0,Occasional / At Risk,212,2,221.59,16,6.625,1,United Kingdom
13838.0,Loyal Customers,6,4,510.67,130,2.442953020134228,1,United Kingdom
13842.0,Champions (VIP),59,9,2555.65,123,1.8666666666666667,1,United Kingdom
13844.0,Hibernating,11,1,345.12,19,0.0,1,United Kingdom
13845.0,Lost / Low Value,65,1,157.86,6,0.0,1,United Kingdom
13846.0,Loyal Customers,25,3,733.16,47,7.304347826086956,1,United Kingdom
13849.0,Loyal Customers,52,2,1325.55,84,1.3837209302325582,1,United Kingdom
13850.0,Hibernating,129,1,1478.98,87,0.0,1,United Kingdom
13851.0,Loyal Customers,96,3,1536.08,69,2.6805555555555554,1,United Kingdom
13853.0,Hibernating,57,1,547.3000000000001,17,0.0,1,United Kingdom
13854.0,Champions (VIP),9,24,2557.92,24,5.852459016393443,1,United Kingdom
13856.0,Occasional / At Risk,169,3,120.3,9,3.888888888888889,1,United Kingdom
13858.0,Lost / Low Value,57,1,182.67,9,0.0,1,United Kingdom
13859.0,Hibernating,326,1,172.76000000000002,25,0.0,1,United Kingdom
13860.0,Champions (VIP),1,5,1106.93,53,1.2878787878787878,1,United Kingdom
13862.0,Champions (VIP),18,8,2131.96,95,2.325925925925926,1,United Kingdom
13863.0,Hibernating,248,1,264.88,18,0.0,1,United Kingdom
13865.0,Occasional / At Risk,58,4,437.81,24,8.884615384615385,1,United Kingdom
13866.0,Lost / Low Value,74,1,145.67000000000002,7,0.0,1,United Kingdom
13867.0,Loyal Customers,31,3,709.54,42,4.065217391304348,1,United Kingdom
13868.0,Hibernating,39,1,428.37,29,0.0,1,United Kingdom
13869.0,Loyal Customers,123,4,2446.95,205,0.8897338403041825,1,United Kingdom
13870.0,Champions (VIP),2,8,1713.04,76,3.064516129032258,1,United Kingdom
13871.0,Champions (VIP),23,13,5070.75,131,1.055350553505535,1,United Kingdom
13873.0,Occasional / At Risk,120,3,324.05,17,10.555555555555555,1,United Kingdom
13874.0,Hibernating,358,1,247.45000000000002,14,0.0,1,United Kingdom
13875.0,Loyal Customers,54,5,1477.82,72,2.610526315789474,1,United Kingdom
13876.0,Lost / Low Value,64,1,98.80000000000001,6,0.0,1,United Kingdom
13877.0,Lost / Low Value,86,1,17.4,1,0.0,1,United Kingdom
13878.0,Hibernating,55,1,1021.98,27,0.0,1,United Kingdom
13880.0,Champions (VIP),21,13,2927.18,113,2.2913907284768213,1,United Kingdom
13881.0,Champions (VIP),18,13,2902.56,41,4.323529411764706,1,United Kingdom
13882.0,Loyal Customers,3,5,686.34,38,1.4090909090909092,1,United Kingdom
13883.0,Loyal Customers,11,5,2176.33,94,1.9918032786885247,1,United Kingdom
13884.0,Loyal Customers,7,4,670.45,41,5.2075471698113205,1,United Kingdom
13885.0,Hibernating,189,2,390.2,24,0.4782608695652174,1,United Kingdom
13886.0,Hibernating,71,1,218.56,14,0.0,1,United Kingdom
13887.0,Hibernating,204,1,293.95,16,0.0,1,United Kingdom
13888.0,Loyal Customers,120,2,496.02,32,3.09375,1,United Kingdom
13889.0,Hibernating,93,1,416.90000000000003,15,0.0,1,United Kingdom
13890.0,Champions (VIP),1,10,1807.46,71,3.4,1,United Kingdom
13892.0,Occasional / At Risk,27,4,410.01,20,11.0,1,United Kingdom
13893.0,Lost / Low Value,298,1,195.70000000000002,9,0.0,1,United Kingdom
13894.0,Occasional / At Risk,24,2,430.55,23,12.478260869565217,1,United Kingdom
13895.0,Loyal Customers,28,4,2144.67,91,1.2710280373831775,1,United Kingdom
13897.0,Hibernating,50,1,311.16,17,0.0,1,United Kingdom
13898.0,Lost / Low Value,326,1,138.93,11,0.0,1,United Kingdom
13899.0,Occasional / At Risk,16,2,337.52,18,15.176470588235293,1,United Kingdom
13900.0,Hibernating,193,2,553.95,35,2.0,1,United Kingdom
13901.0,Loyal Customers,72,5,2365.83,122,1.9523809523809523,1,United Kingdom
13904.0,Occasional / At Risk,37,2,332.64,24,10.28,1,United Kingdom
13908.0,Loyal Customers,80,4,1948.9,94,1.790909090909091,1,United Kingdom
13911.0,Loyal Customers,144,8,1872.71,106,1.3442622950819672,1,United Kingdom
13914.0,Loyal Customers,12,2,604.83,26,0.8333333333333334,1,United Kingdom
13917.0,Occasional / At Risk,50,2,252.14000000000001,15,8.875,1,United Kingdom
13918.0,Occasional / At Risk,50,2,565.1,24,8.869565217391305,1,United Kingdom
13919.0,Occasional / At Risk,59,2,331.86,22,2.5833333333333335,0,Denmark
13922.0,Lost / Low Value,352,1,81.6,4,0.0,1,United Kingdom
13923.0,Hibernating,54,1,317.63,18,0.0,1,United Kingdom
13924.0,Champions (VIP),2,6,1544.05,74,0.7171717171717171,1,United Kingdom
13925.0,Loyal Customers,93,4,411.1,21,1.6153846153846154,1,United Kingdom
13926.0,Lost / Low Value,23,1,150.10000000000002,8,0.0,1,United Kingdom
13927.0,Hibernating,75,1,348.99,21,0.0,1,United Kingdom
13928.0,Occasional / At Risk,11,4,336.47,17,6.15,1,United Kingdom
13929.0,Occasional / At Risk,169,2,285.45,7,26.166666666666668,1,United Kingdom
13930.0,Occasional / At Risk,58,2,337.34,15,4.9375,1,United Kingdom
13931.0,Loyal Customers,96,2,956.13,54,3.3636363636363638,1,United Kingdom
13932.0,Lost / Low Value,295,1,195.8,10,0.0,1,United Kingdom
13933.0,Hibernating,109,2,576.99,22,1.8571428571428572,1,United Kingdom
13934.0,Hibernating,264,1,818.65,28,0.0,1,United Kingdom
13936.0,Hibernating,180,1,369.74,25,0.0,1,United Kingdom
13937.0,Lost / Low Value,169,1,128.25,8,0.0,1,United Kingdom
13938.0,Lost / Low Value,35,1,71.66,7,0.0,1,United Kingdom
13939.0,Occasional / At Risk,23,3,466.37,36,7.783783783783784,1,United Kingdom
13940.0,Loyal Customers,17,4,648.5600000000001,33,3.3421052631578947,1,United Kingdom
13941.0,Occasional / At Risk,22,5,1389.88,13,15.26086956521739,1,United Kingdom
13946.0,Occasional / At Risk,79,3,57.33,5,47.0,1,United Kingdom
13947.0,Lost / Low Value,65,1,90.6,5,0.0,1,United Kingdom
13948.0,Lost / Low Value,361,1,70.19999999999999,2,0.0,1,United Kingdom
13949.0,Champions (VIP),3,6,2119.84,120,0.6133333333333333,1,United Kingdom
13950.0,Occasional / At Risk,11,4,437.65999999999997,24,9.791666666666666,1,United Kingdom
13951.0,Loyal Customers,176,3,504.09000000000003,32,3.806451612903226,1,United Kingdom
13952.0,Loyal Customers,218,2,2300.81,94,0.20192307692307693,1,United Kingdom
13953.0,Occasional / At Risk,7,2,265.68,7,9.0,1,United Kingdom
13954.0,Occasional / At Risk,2,2,307.82,19,3.8333333333333335,1,United Kingdom
13955.0,Occasional / At Risk,154,2,239.31,29,5.392857142857143,1,United Kingdom
13956.0,Loyal Customers,5,5,671.39,105,2.1451612903225805,1,United Kingdom
13959.0,Loyal Customers,79,3,508.59000000000003,76,3.3294117647058825,1,United Kingdom
13960.0,Occasional / At Risk,21,2,230.22,11,4.545454545454546,1,United Kingdom
13962.0,Occasional / At Risk,22,2,82.1,6,44.8,1,United Kingdom
13963.0,Loyal Customers,308,4,469.02,27,2.269230769230769,1,United Kingdom
13967.0,Lost / Low Value,146,1,35.7,1,0.0,1,United Kingdom
13969.0,Champions (VIP),7,18,6473.63,311,0.6497277676950998,1,United Kingdom
13971.0,Champions (VIP),19,8,2502.56,109,1.963235294117647,1,United Kingdom
13972.0,Occasional / At Risk,71,2,174.35,14,10.076923076923077,1,United Kingdom
13973.0,Lost / Low Value,287,1,186.75,9,0.0,1,United Kingdom
13974.0,Hibernating,49,1,413.59000000000003,28,0.0,1,United Kingdom
13975.0,Champions (VIP),31,6,2224.15,229,0.7777777777777778,1,United Kingdom
13976.0,Lost / Low Value,207,1,227.96,7,0.0,1,United Kingdom
13978.0,Occasional / At Risk,15,2,132.53,10,3.1,1,United Kingdom
13979.0,Hibernating,73,1,869.87,54,0.0,1,United Kingdom
13980.0,Lost / Low Value,60,1,116.78,8,0.0,1,United Kingdom
13982.0,Loyal Customers,39,4,1424.6,67,3.227722772277228,1,United Kingdom
13983.0,Loyal Customers,40,9,1277.8,82,3.5934065934065935,1,United Kingdom
13984.0,Occasional / At Risk,27,4,277.43,12,30.90909090909091,1,United Kingdom
13985.0,Champions (VIP),4,15,6863.2300000000005,106,0.7580174927113703,1,United Kingdom
13986.0,Hibernating,17,1,186.06,10,0.0,1,United Kingdom
13988.0,Champions (VIP),20,6,3170.07,157,1.2239583333333333,1,United Kingdom
13989.0,Occasional / At Risk,66,2,462.21,22,6.214285714285714,1,United Kingdom
13990.0,Hibernating,213,1,292.58,15,0.0,1,United Kingdom
13991.0,Loyal Customers,12,6,720.84,57,1.7945205479452055,1,United Kingdom
13992.0,Lost / Low Value,30,1,76.8,5,0.0,1,United Kingdom
13993.0,Loyal Customers,43,8,2127.26,48,3.6455696202531644,1,United Kingdom
13994.0,Champions (VIP),4,6,2002.19,111,1.0820895522388059,1,United Kingdom
13995.0,Loyal Customers,15,5,1308.99,52,2.875,1,United Kingdom
13999.0,Champions (VIP),10,12,3506.81,95,1.8186528497409327,1,United Kingdom
14000.0,Lost / Low Value,211,1,262.2,8,0.0,1,United Kingdom
14001.0,Occasional / At Risk,46,3,828.0,23,13.12,1,United Kingdom
14002.0,Hibernating,134,2,368.59999999999997,35,0.6470588235294118,1,United Kingdom
14004.0,Loyal Customers,43,7,2921.96,77,1.856060606060606,1,United Kingdom
14005.0,Loyal Customers,10,5,1242.9,47,3.433333333333333,1,United Kingdom
14006.0,Occasional / At Risk,116,3,503.6,17,8.208333333333334,1,United Kingdom
14009.0,Hibernating,198,2,646.8100000000001,39,0.18421052631578946,1,United Kingdom
14012.0,Hibernating,278,1,328.8,11,0.0,1,United Kingdom
14013.0,Occasional / At Risk,110,3,435.58,28,5.32258064516129,1,United Kingdom
14014.0,Hibernating,77,1,304.42,27,0.0,1,United Kingdom
14015.0,Hibernating,53,1,607.62,15,0.0,1,United Kingdom
14016.0,Loyal Customers,162,4,2642.62,126,1.4961832061068703,0,EIRE
14019.0,Loyal Customers,47,3,991.01,34,1.6140350877192982,1,United Kingdom
14020.0,Loyal Customers,17,2,573.86,32,2.1818181818181817,1,United Kingdom
14021.0,Occasional / At Risk,155,3,495.7,19,5.611111111111111,1,United Kingdom
14022.0,Hibernating,225,1,396.8,25,0.0,1,United Kingdom
14023.0,Occasional / At Risk,7,2,540.77,28,8.678571428571429,1,United Kingdom
14024.0,Hibernating,122,2,298.45,14,0.23076923076923078,1,United Kingdom
14027.0,Lost / Low Value,61,1,104.82,6,0.0,1,United Kingdom
14029.0,Occasional / At Risk,63,2,315.66,12,7.363636363636363,1,United Kingdom
14030.0,Champions (VIP),18,8,1594.7,190,1.5963302752293578,1,United Kingdom
14031.0,Champions (VIP),7,16,6164.41,98,2.18562874251497,1,United Kingdom
14032.0,Champions (VIP),2,11,2173.0099999999998,47,3.111111111111111,1,United Kingdom
14034.0,Loyal Customers,22,3,343.84,73,1.8,1,United Kingdom
14035.0,Loyal Customers,29,5,876.07,37,4.981481481481482,1,United Kingdom
14036.0,Hibernating,285,1,451.25,28,0.0,1,United Kingdom
14037.0,Occasional / At Risk,176,2,139.25,26,7.230769230769231,1,United Kingdom
14038.0,Loyal Customers,78,3,1560.38,64,1.4175824175824177,1,United Kingdom
14039.0,Lost / Low Value,33,1,82.6,5,0.0,1,United Kingdom
14040.0,Champions (VIP),41,12,1910.76,120,1.7218934911242603,1,United Kingdom
14041.0,Hibernating,266,1,141.41,21,0.0,1,United Kingdom
14044.0,Loyal Customers,27,4,532.12,158,1.4292929292929293,1,United Kingdom
14046.0,Lost / Low Value,284,1,44.309999999999995,8,0.0,1,United Kingdom
14047.0,Occasional / At Risk,9,4,580.2,12,21.41176470588235,1,United Kingdom
14048.0,Hibernating,305,1,399.85,82,0.0,1,United Kingdom
14049.0,Champions (VIP),17,4,4584.74,316,0.6919540229885057,1,United Kingdom
14050.0,Loyal Customers,32,2,746.36,49,1.4150943396226414,1,United Kingdom
14051.0,Champions (VIP),1,23,10378.01,48,2.1785714285714284,1,United Kingdom
14052.0,Hibernating,20,1,173.66,51,0.0,1,United Kingdom
14053.0,Lost / Low Value,160,1,41.75,2,0.0,1,United Kingdom
14054.0,Lost / Low Value,65,1,92.46,6,0.0,1,United Kingdom
14055.0,Lost / Low Value,106,1,149.14,6,0.0,1,United Kingdom
14056.0,Champions (VIP),1,23,5869.21,297,0.29571577847439917,1,United Kingdom
14057.0,Champions (VIP),24,15,4100.97,158,1.4340425531914893,1,United Kingdom
14059.0,Lost / Low Value,267,1,132.6,7,0.0,1,United Kingdom
14060.0,Champions (VIP),5,16,2591.62,62,2.5,1,United Kingdom
14062.0,Champions (VIP),10,9,2289.89,44,6.826923076923077,1,United Kingdom
14064.0,Loyal Customers,29,5,783.75,56,3.5,1,United Kingdom
14066.0,Lost / Low Value,267,1,114.3,6,0.0,1,United Kingdom
14067.0,Hibernating,64,2,275.04,45,0.75,1,United Kingdom
14068.0,Hibernating,320,1,248.85000000000002,20,0.0,1,United Kingdom
14071.0,Champions (VIP),4,8,988.91,247,0.9125874125874126,1,United Kingdom
14073.0,Hibernating,32,1,151.04,13,0.0,1,United Kingdom
14075.0,Loyal Customers,5,3,728.54,30,6.945945945945946,1,United Kingdom
14076.0,Hibernating,129,1,101.72,42,0.0,1,United Kingdom
14077.0,Occasional / At Risk,41,5,354.05,29,6.5,1,United Kingdom
14078.0,Loyal Customers,102,6,936.7199999999999,44,4.459016393442623,1,United Kingdom
14079.0,Lost / Low Value,125,1,147.25,8,0.0,1,United Kingdom
14080.0,Lost / Low Value,33,1,45.599999999999994,4,0.0,1,United Kingdom
14081.0,Hibernating,302,2,682.15,113,0.5114503816793893,1,United Kingdom
14082.0,Hibernating,365,1,127.05,25,0.0,1,United Kingdom
14083.0,Champions (VIP),4,8,820.1,149,2.279503105590062,1,United Kingdom
14085.0,Champions (VIP),2,18,3838.85,254,0.8776978417266187,1,United Kingdom
14087.0,Hibernating,3,1,185.17,60,0.0,1,United Kingdom
14088.0,Champions (VIP),10,12,15700.62,204,1.0684931506849316,1,United Kingdom
14089.0,Lost / Low Value,57,1,111.05,11,0.0,1,United Kingdom
14092.0,Champions (VIP),8,14,3874.81,108,1.755,1,United Kingdom
14093.0,Hibernating,12,1,411.9,93,0.0,1,United Kingdom
14096.0,Champions (VIP),4,17,36019.84,909,0.021975532396918896,1,United Kingdom
14098.0,Hibernating,37,1,147.35,21,0.0,1,United Kingdom
14099.0,Champions (VIP),16,11,2668.76,153,1.4759825327510918,1,United Kingdom
14100.0,Hibernating,138,1,144.25,21,0.0,1,United Kingdom
14101.0,Lost / Low Value,295,1,2.95,2,0.0,1,United Kingdom
14102.0,Loyal Customers,5,5,563.48,32,0.8666666666666667,1,United Kingdom
14104.0,Lost / Low Value,166,1,69.71,17,0.0,1,United Kingdom
14105.0,Hibernating,239,1,1089.14,65,0.0,1,United Kingdom
14107.0,Loyal Customers,52,7,2413.2200000000003,54,2.8454545454545452,1,United Kingdom
14108.0,Loyal Customers,31,2,544.36,30,2.3666666666666667,1,United Kingdom
14109.0,Lost / Low Value,73,1,144.2,9,0.0,1,United Kingdom
14110.0,Champions (VIP),37,10,2927.37,88,1.7164179104477613,1,United Kingdom
14111.0,Occasional / At Risk,96,2,63.3,3,73.0,1,United Kingdom
14112.0,Loyal Customers,23,6,2505.16,106,1.7569444444444444,1,United Kingdom
14113.0,Occasional / At Risk,4,4,619.02,24,13.0,1,United Kingdom
14114.0,Lost / Low Value,331,1,195.13,11,0.0,1,United Kingdom
14116.0,Loyal Customers,20,5,1091.04,55,1.619047619047619,1,United Kingdom
14117.0,Lost / Low Value,144,1,90.0,3,0.0,1,United Kingdom
14121.0,Champions (VIP),4,4,2370.56,130,0.4028776978417266,1,United Kingdom
14125.0,Loyal Customers,11,3,2376.73,142,0.46258503401360546,1,United Kingdom
14126.0,Hibernating,11,1,183.4,9,0.0,1,United Kingdom
14127.0,Occasional / At Risk,123,3,503.01,29,6.266666666666667,1,United Kingdom
14128.0,Loyal Customers,61,2,625.0,39,4.431818181818182,1,United Kingdom
14129.0,Loyal Customers,2,5,1077.06,30,5.285714285714286,1,United Kingdom
14130.0,Hibernating,319,1,360.46,58,0.0,1,United Kingdom
14132.0,Champions (VIP),2,11,2714.17,88,1.0647058823529412,1,United Kingdom
14133.0,Occasional / At Risk,130,3,499.28999999999996,22,8.08695652173913,1,United Kingdom
14135.0,Champions (VIP),2,15,2849.29,76,3.435185185185185,1,United Kingdom
14138.0,Loyal Customers,2,2,965.8800000000001,40,1.3777777777777778,1,United Kingdom
14139.0,Hibernating,46,1,278.28,21,0.0,1,United Kingdom
14140.0,Loyal Customers,4,2,913.18,58,0.4444444444444444,1,United Kingdom
14141.0,Loyal Customers,3,4,902.38,26,2.710526315789474,1,United Kingdom
14142.0,Hibernating,373,1,280.95,19,0.0,1,United Kingdom
14143.0,Lost / Low Value,134,1,64.8,4,0.0,1,United Kingdom
14146.0,Champions (VIP),9,5,3054.55,166,1.8563829787234043,1,United Kingdom
14147.0,Occasional / At Risk,78,2,61.8,2,207.0,1,United Kingdom
14148.0,Lost / Low Value,234,1,29.700000000000003,2,0.0,1,United Kingdom
14149.0,Hibernating,221,1,421.12,27,0.0,1,United Kingdom
14150.0,Occasional / At Risk,36,2,584.74,22,14.08695652173913,1,United Kingdom
14152.0,Loyal Customers,75,2,602.57,46,3.382978723404255,1,United Kingdom
14154.0,Hibernating,239,2,682.92,40,0.0,1,United Kingdom
14155.0,Lost / Low Value,266,1,118.75,6,0.0,1,United Kingdom
14156.0,Champions (VIP),10,41,18276.11,519,0.3888213851761847,0,EIRE
14157.0,Occasional / At Risk,20,2,404.73,44,6.045454545454546,1,United Kingdom
14158.0,Hibernating,40,1,397.38,36,0.0,1,United Kingdom
14159.0,Champions (VIP),20,11,4426.01,489,0.2964563526361279,1,United Kingdom
14161.0,Loyal Customers,216,3,878.02,77,1.6559139784946237,1,United Kingdom
14162.0,Occasional / At Risk,174,2,198.11,21,5.95,1,United Kingdom
14163.0,Loyal Customers,87,4,1051.6100000000001,24,5.066666666666666,1,United Kingdom
14164.0,Hibernating,81,1,374.4,17,0.0,1,United Kingdom
14165.0,Lost / Low Value,276,1,82.19,20,0.0,1,United Kingdom
14167.0,Occasional / At Risk,39,4,512.84,24,6.636363636363637,1,United Kingdom
14171.0,Hibernating,98,1,308.44,54,0.0,1,United Kingdom
14173.0,Occasional / At Risk,11,4,222.34,23,9.5,1,United Kingdom
14174.0,Hibernating,33,1,124.51,25,0.0,1,United Kingdom
14175.0,Loyal Customers,60,3,2177.5,112,2.25,1,United Kingdom
14176.0,Loyal Customers,297,4,517.2,25,2.5925925925925926,1,United Kingdom
14177.0,Loyal Customers,86,4,450.77,28,3.0,1,United Kingdom
14178.0,Champions (VIP),9,7,1446.49,181,0.5723684210526315,1,United Kingdom
14179.0,Loyal Customers,41,2,548.67,124,0.08391608391608392,1,United Kingdom
14180.0,Champions (VIP),11,25,1779.8200000000002,60,3.62,1,United Kingdom
14184.0,Hibernating,67,1,245.59,15,0.0,1,United Kingdom
14185.0,Lost / Low Value,331,1,12.75,1,0.0,1,United Kingdom
14188.0,Loyal Customers,31,6,1763.8600000000001,32,4.827586206896552,1,United Kingdom
14189.0,Champions (VIP),2,15,3787.7400000000002,155,1.605263157894737,1,United Kingdom
14191.0,Champions (VIP),2,13,4273.1,130,0.9201680672268907,1,United Kingdom
14193.0,Occasional / At Risk,68,2,737.15,32,5.45945945945946,1,United Kingdom
14194.0,Champions (VIP),5,21,9440.61,219,0.608,1,United Kingdom
14196.0,Lost / Low Value,107,1,73.72,3,0.0,1,United Kingdom
14198.0,Occasional / At Risk,18,4,504.6,28,7.620689655172414,1,United Kingdom
14199.0,Lost / Low Value,218,1,10.2,1,0.0,1,United Kingdom
14201.0,Occasional / At Risk,60,7,522.64,27,10.310344827586206,1,United Kingdom
14204.0,Hibernating,2,1,128.16,34,0.0,1,United Kingdom
14205.0,Occasional / At Risk,17,2,288.2,16,16.533333333333335,1,United Kingdom
14206.0,Hibernating,239,1,302.65999999999997,19,0.0,1,United Kingdom
14208.0,Lost / Low Value,95,1,101.14,7,0.0,1,United Kingdom
14209.0,Loyal Customers,11,6,1098.55,37,5.649122807017544,1,United Kingdom
14210.0,Loyal Customers,106,6,1616.1200000000001,55,3.057471264367816,1,United Kingdom
14211.0,Loyal Customers,53,9,1761.15,76,2.4948453608247423,1,United Kingdom
14214.0,Loyal Customers,31,5,938.14,61,3.9206349206349205,1,United Kingdom
14215.0,Loyal Customers,12,6,1650.47,91,3.57,1,United Kingdom
14216.0,Loyal Customers,3,4,1082.66,36,0.7906976744186046,1,United Kingdom
14217.0,Champions (VIP),2,17,1253.13,49,5.7936507936507935,1,United Kingdom
14218.0,Hibernating,43,1,169.48000000000002,12,0.0,1,United Kingdom
14219.0,Lost / Low Value,4,1,73.44,6,0.0,1,United Kingdom
14220.0,Occasional / At Risk,247,2,510.72,20,5.842105263157895,1,United Kingdom
14221.0,Champions (VIP),42,9,2655.95,103,1.822085889570552,1,United Kingdom
14222.0,Hibernating,177,1,576.5,37,0.0,1,United Kingdom
14223.0,Loyal Customers,92,3,736.5600000000001,39,3.909090909090909,1,United Kingdom
14224.0,Loyal Customers,110,4,645.21,87,2.3076923076923075,1,United Kingdom
14226.0,Loyal Customers,30,4,1256.49,51,4.615384615384615,1,United Kingdom
14227.0,Champions (VIP),26,9,2897.32,101,1.72,1,United Kingdom
14229.0,Occasional / At Risk,52,3,757.8,22,9.724137931034482,1,United Kingdom
14231.0,Loyal Customers,184,3,793.26,43,2.3333333333333335,1,United Kingdom
14232.0,Loyal Customers,43,5,1630.66,71,2.336842105263158,1,United Kingdom
14233.0,Occasional / At Risk,49,4,916.9200000000001,28,8.933333333333334,1,United Kingdom
14234.0,Loyal Customers,22,4,706.92,119,0.24647887323943662,1,United Kingdom
14235.0,Loyal Customers,75,5,1505.34,50,3.189655172413793,1,United Kingdom
14236.0,Occasional / At Risk,81,2,302.64,12,26.545454545454547,1,United Kingdom
14237.0,Lost / Low Value,373,1,77.45,5,0.0,1,United Kingdom
14238.0,Lost / Low Value,326,1,96.2,6,0.0,1,United Kingdom
14239.0,Champions (VIP),43,11,1996.75,72,2.904255319148936,1,United Kingdom
14240.0,Loyal Customers,30,2,745.14,33,5.571428571428571,1,United Kingdom
14241.0,Lost / Low Value,184,1,213.70000000000002,10,0.0,1,United Kingdom
14242.0,Occasional / At Risk,235,2,219.25,10,7.583333333333333,1,United Kingdom
14243.0,Champions (VIP),9,10,2205.13,82,3.051282051282051,1,United Kingdom
14245.0,Loyal Customers,220,2,1516.7,95,0.4631578947368421,1,United Kingdom
14246.0,Loyal Customers,111,3,1293.0,51,2.0454545454545454,1,United Kingdom
14247.0,Lost / Low Value,278,1,104.12,16,0.0,1,United Kingdom
14248.0,Lost / Low Value,318,1,98.58,7,0.0,1,United Kingdom
14250.0,Loyal Customers,7,3,1823.13,89,0.780952380952381,1,United Kingdom
14251.0,Champions (VIP),2,5,1796.8200000000002,32,0.8615384615384616,1,United Kingdom
14256.0,Hibernating,260,2,738.0600000000001,40,2.5365853658536586,1,United Kingdom
14257.0,Loyal Customers,64,5,2451.6,79,2.702127659574468,1,United Kingdom
14258.0,Champions (VIP),9,9,2439.26,25,9.371428571428572,1,United Kingdom
14259.0,Lost / Low Value,142,1,104.1,4,0.0,1,United Kingdom
14261.0,Hibernating,79,1,633.79,32,0.0,1,United Kingdom
14262.0,Champions (VIP),8,8,2337.11,86,1.6934306569343065,1,United Kingdom
14264.0,Occasional / At Risk,155,2,177.17000000000002,6,15.166666666666666,1,United Kingdom
14265.0,Hibernating,109,2,333.43,20,2.0526315789473686,0,Unspecified
14267.0,Loyal Customers,163,3,940.44,20,2.3902439024390243,1,United Kingdom
14270.0,Hibernating,332,1,341.65000000000003,22,0.0,1,United Kingdom
14271.0,Lost / Low Value,226,1,92.42,9,0.0,1,United Kingdom
14272.0,Occasional / At Risk,74,2,330.2,26,7.24,1,United Kingdom
14273.0,Occasional / At Risk,51,4,559.97,22,6.821428571428571,1,United Kingdom
14276.0,Loyal Customers,99,3,1042.49,49,3.183333333333333,1,United Kingdom
14277.0,Loyal Customers,15,3,2830.32,160,1.0883977900552486,0,France
14280.0,Lost / Low Value,197,1,92.63999999999999,6,0.0,1,United Kingdom
14282.0,Champions (VIP),3,15,2651.88,66,2.716417910447761,1,United Kingdom
14284.0,Loyal Customers,31,2,505.3,21,2.074074074074074,1,United Kingdom
14285.0,Occasional / At Risk,21,4,368.78000000000003,10,12.916666666666666,1,United Kingdom
14286.0,Loyal Customers,24,3,3926.34,205,0.8488372093023255,1,United Kingdom
14287.0,Occasional / At Risk,8,2,159.35,8,27.142857142857142,1,United Kingdom
14288.0,Hibernating,213,1,306.0,14,0.0,1,United Kingdom
14289.0,Occasional / At Risk,9,6,508.06,22,11.708333333333334,1,United Kingdom
14290.0,Loyal Customers,11,5,1983.2,82,3.763440860215054,1,United Kingdom
14291.0,Champions (VIP),2,11,3262.5,127,1.2924528301886793,1,United Kingdom
14292.0,Champions (VIP),8,9,1665.33,56,3.481012658227848,1,United Kingdom
14293.0,Loyal Customers,3,4,951.1600000000001,47,6.517857142857143,1,United Kingdom
14295.0,Lost / Low Value,40,1,166.20000000000002,5,0.0,1,United Kingdom
14297.0,Loyal Customers,18,4,1102.85,43,4.672727272727273,1,United Kingdom
14298.0,Champions (VIP),8,40,24387.53,641,0.3485148514851485,1,United Kingdom
14299.0,Champions (VIP),8,8,2234.89,78,3.1043478260869564,1,United Kingdom
14300.0,Lost / Low Value,19,1,43.2,3,0.0,1,United Kingdom
14301.0,Lost / Low Value,117,1,128.7,5,0.0,1,United Kingdom
14304.0,Hibernating,223,1,224.4,11,0.0,1,United Kingdom
14305.0,Loyal Customers,71,3,1811.16,93,0.6336633663366337,1,United Kingdom
14306.0,Loyal Customers,51,2,697.88,18,2.0,1,United Kingdom
14307.0,Loyal Customers,89,6,2682.61,136,1.7272727272727273,1,United Kingdom
14309.0,Champions (VIP),8,9,1766.45,69,3.3333333333333335,1,United Kingdom
14311.0,Hibernating,243,1,198.97,13,0.0,1,United Kingdom
14312.0,Loyal Customers,47,6,1265.06,59,4.1571428571428575,1,United Kingdom
14314.0,Lost / Low Value,107,1,93.47999999999999,5,0.0,1,United Kingdom
14315.0,Loyal Customers,45,6,2014.03,53,2.674698795180723,1,United Kingdom
14317.0,Hibernating,65,1,375.58,20,0.0,1,United Kingdom
14320.0,Occasional / At Risk,207,2,457.89,28,4.344827586206897,1,United Kingdom
14321.0,Loyal Customers,11,5,1178.4,87,3.3645833333333335,1,United Kingdom
14323.0,Occasional / At Risk,115,2,517.66,29,4.0,1,United Kingdom
14326.0,Lost / Low Value,242,1,123.85000000000001,7,0.0,1,United Kingdom
14327.0,Hibernating,163,1,311.65,12,0.0,1,United Kingdom
14329.0,Champions (VIP),17,7,3974.03,194,1.3928571428571428,1,United Kingdom
14331.0,Hibernating,124,2,395.76,25,0.4583333333333333,1,United Kingdom
14332.0,Occasional / At Risk,23,3,559.05,18,6.578947368421052,1,United Kingdom
14333.0,Lost / Low Value,68,1,188.20000000000002,9,0.0,1,United Kingdom
14334.0,Champions (VIP),17,8,1829.61,79,2.80327868852459,1,United Kingdom
14335.0,Loyal Customers,16,2,409.2,52,1.4285714285714286,0,Germany
14336.0,Loyal Customers,17,4,1281.1100000000001,61,3.611111111111111,1,United Kingdom
14338.0,Hibernating,196,1,443.2,25,0.0,1,United Kingdom
14339.0,Hibernating,243,1,309.52,14,0.0,1,United Kingdom
14340.0,Lost / Low Value,219,1,134.7,6,0.0,1,United Kingdom
14341.0,Loyal Customers,45,8,1858.47,97,2.3947368421052633,1,United Kingdom
14342.0,Occasional / At Risk,21,4,322.8,16,11.8125,1,United Kingdom
14344.0,Loyal Customers,127,8,615.5300000000001,46,4.228070175438597,1,United Kingdom
14345.0,Lost / Low Value,39,1,108.97999999999999,6,0.0,1,United Kingdom
14346.0,Loyal Customers,121,2,799.46,47,3.54,1,United Kingdom
14348.0,Hibernating,260,1,297.87,16,0.0,1,United Kingdom
14349.0,Hibernating,10,1,125.0,30,0.0,1,United Kingdom
14350.0,Hibernating,274,1,282.93,18,0.0,1,United Kingdom
14351.0,Lost / Low Value,165,1,51.0,1,0.0,1,United Kingdom
14352.0,Loyal Customers,157,4,821.76,33,3.3142857142857145,1,United Kingdom
14353.0,Lost / Low Value,215,1,90.6,6,0.0,1,United Kingdom
14354.0,Occasional / At Risk,6,2,126.17999999999999,8,3.5714285714285716,1,United Kingdom
14355.0,Lost / Low Value,366,1,158.5,10,0.0,1,United Kingdom
14356.0,Hibernating,80,2,480.93,29,0.07142857142857142,1,United Kingdom
14357.0,Hibernating,43,1,215.17000000000002,38,0.0,1,United Kingdom
14359.0,Loyal Customers,19,3,799.08,37,1.446808510638298,1,United Kingdom
14360.0,Loyal Customers,32,4,1722.63,93,0.6,1,United Kingdom
14362.0,Hibernating,22,1,138.75,36,0.0,1,United Kingdom
14364.0,Loyal Customers,109,8,1022.95,40,2.340909090909091,1,United Kingdom
14367.0,Champions (VIP),8,16,7225.1900000000005,237,0.600896860986547,1,United Kingdom
14368.0,Lost / Low Value,320,1,105.2,6,0.0,1,United Kingdom
14371.0,Lost / Low Value,295,1,100.5,4,0.0,1,United Kingdom
14373.0,Lost / Low Value,358,1,10.2,1,0.0,1,United Kingdom
14375.0,Hibernating,185,1,219.66,55,0.0,1,United Kingdom
14377.0,Occasional / At Risk,191,2,155.25,3,35.5,1,United Kingdom
14379.0,Occasional / At Risk,44,2,340.15000000000003,38,5.704545454545454,1,United Kingdom
14381.0,Hibernating,52,1,202.68,56,0.0,1,United Kingdom
14382.0,Hibernating,26,1,448.58,112,0.0,1,United Kingdom
14383.0,Loyal Customers,38,3,903.67,41,2.6595744680851063,1,United Kingdom
14385.0,Loyal Customers,9,3,202.11,13,1.0769230769230769,1,United Kingdom
14386.0,Lost / Low Value,297,1,93.6,5,0.0,1,United Kingdom
14387.0,Loyal Customers,33,3,1458.25,113,0.6209677419354839,1,United Kingdom
14388.0,Champions (VIP),10,8,2804.56,113,2.193939393939394,1,United Kingdom
14389.0,Loyal Customers,65,2,792.94,29,3.289473684210526,1,United Kingdom
14390.0,Champions (VIP),10,9,3415.92,117,1.465587044534413,1,United Kingdom
14393.0,Lost / Low Value,218,1,67.95,5,0.0,1,United Kingdom
14395.0,Champions (VIP),2,9,3129.21,169,1.1314984709480123,1,United Kingdom
14396.0,Loyal Customers,65,2,451.09,67,4.5,1,United Kingdom
14397.0,Champions (VIP),3,16,994.8199999999999,15,3.9074074074074074,1,United Kingdom
14400.0,Hibernating,149,1,326.48,21,0.0,1,United Kingdom
14401.0,Champions (VIP),4,13,2722.94,99,2.5357142857142856,1,United Kingdom
14403.0,Occasional / At Risk,217,2,283.95000000000005,4,10.0,1,United Kingdom
14404.0,Loyal Customers,34,6,1078.73,59,4.0,1,United Kingdom
14406.0,Lost / Low Value,119,1,106.25,6,0.0,1,United Kingdom
14407.0,Loyal Customers,107,5,981.53,51,3.38,1,United Kingdom
14408.0,Champions (VIP),11,7,1816.03,51,2.791208791208791,1,United Kingdom
14409.0,Loyal Customers,71,4,875.4200000000001,30,5.880952380952381,1,United Kingdom
14410.0,Loyal Customers,92,9,886.72,140,1.23121387283237,1,United Kingdom
14411.0,Hibernating,311,1,539.4000000000001,7,0.0,1,United Kingdom
14412.0,Hibernating,43,2,562.33,37,0.8333333333333334,1,United Kingdom
14413.0,Hibernating,362,1,111.10000000000001,21,0.0,1,United Kingdom
14414.0,Loyal Customers,92,7,1033.42,63,3.6575342465753424,1,United Kingdom
14415.0,Champions (VIP),1,13,5144.24,253,0.681214421252372,1,United Kingdom
14416.0,Hibernating,22,2,189.5,12,1.8181818181818181,1,United Kingdom
14418.0,Loyal Customers,4,3,1517.64,100,0.9722222222222222,1,United Kingdom
14419.0,Loyal Customers,11,6,1025.94,109,1.7878787878787878,1,United Kingdom
14420.0,Hibernating,99,1,387.52,29,0.0,1,United Kingdom
14421.0,Occasional / At Risk,57,2,728.61,23,6.416666666666667,1,United Kingdom
14422.0,Champions (VIP),1,6,3462.69,163,1.4126984126984128,1,United Kingdom
14423.0,Lost / Low Value,218,1,20.4,1,0.0,1,United Kingdom
14426.0,Champions (VIP),24,9,2998.21,154,1.5706521739130435,1,United Kingdom
14427.0,Hibernating,50,2,287.74,14,0.9285714285714286,1,United Kingdom
14428.0,Loyal Customers,7,5,764.04,93,2.8392857142857144,1,United Kingdom
14431.0,Hibernating,303,1,303.66,13,0.0,1,United Kingdom
14432.0,Champions (VIP),10,6,2025.91,251,0.21739130434782608,1,United Kingdom
14434.0,Occasional / At Risk,22,6,964.8000000000001,2,7.285714285714286,1,United Kingdom
14436.0,Lost / Low Value,99,1,76.56,8,0.0,1,United Kingdom
14437.0,Lost / Low Value,366,1,63.0,5,0.0,1,United Kingdom
14438.0,Lost / Low Value,306,1,131.9,9,0.0,1,United Kingdom
14439.0,Hibernating,320,1,1637.3,20,0.0,0,Greece
14440.0,Loyal Customers,8,5,1549.88,28,8.5,1,United Kingdom
14441.0,Loyal Customers,1,4,1378.5900000000001,32,6.7105263157894735,1,United Kingdom
14442.0,Loyal Customers,205,2,677.47,33,3.111111111111111,0,Channel Islands
14443.0,Loyal Customers,54,4,1370.33,82,3.5,1,United Kingdom
14446.0,Champions (VIP),1,4,899.22,223,0.924812030075188,1,United Kingdom
14447.0,Loyal Customers,19,5,1147.33,53,3.8529411764705883,1,United Kingdom
14448.0,Occasional / At Risk,9,2,127.80000000000001,18,20.88235294117647,1,United Kingdom
14449.0,Loyal Customers,19,4,852.55,199,1.4390243902439024,1,United Kingdom
14450.0,Loyal Customers,181,3,483.25,32,3.58974358974359,1,United Kingdom
14451.0,Loyal Customers,60,2,626.9,85,1.3009708737864079,1,United Kingdom
14452.0,Loyal Customers,11,2,191.5,49,1.5961538461538463,1,United Kingdom
14453.0,Hibernating,190,1,109.98,21,0.0,1,United Kingdom
14456.0,Champions (VIP),5,9,2662.98,549,0.15071507150715072,1,United Kingdom
14457.0,Lost / Low Value,311,1,68.64,3,0.0,1,United Kingdom
14459.0,Hibernating,155,1,1274.16,30,0.0,1,United Kingdom
14460.0,Occasional / At Risk,110,3,150.0,5,50.0,1,United Kingdom
14461.0,Loyal Customers,148,3,1467.92,148,0.738562091503268,1,United Kingdom
14462.0,Champions (VIP),66,11,1633.88,136,1.2877358490566038,1,United Kingdom
14463.0,Lost / Low Value,205,1,39.599999999999994,1,0.0,1,United Kingdom
14465.0,Hibernating,247,3,486.59000000000003,101,0.5045045045045045,1,United Kingdom
14466.0,Loyal Customers,29,7,1400.65,31,5.913793103448276,1,United Kingdom
14467.0,Loyal Customers,18,4,530.01,62,3.597560975609756,1,United Kingdom
14470.0,Occasional / At Risk,12,2,303.99,33,8.625,1,United Kingdom
14472.0,Loyal Customers,104,8,1507.9,138,1.0285714285714285,1,United Kingdom
14473.0,Lost / Low Value,74,1,95.28,4,0.0,1,United Kingdom
14474.0,Hibernating,46,1,240.06,14,0.0,1,United Kingdom
14475.0,Occasional / At Risk,72,3,683.01,29,6.852941176470588,1,United Kingdom
14476.0,Hibernating,257,1,183.05,16,0.0,1,United Kingdom
14477.0,Lost / Low Value,51,1,83.2,2,0.0,1,United Kingdom
14479.0,Occasional / At Risk,254,2,252.65,14,8.615384615384615,1,United Kingdom
14480.0,Hibernating,11,1,262.55,12,0.0,1,United Kingdom
14481.0,Occasional / At Risk,165,2,538.41,23,4.730769230769231,1,United Kingdom
14482.0,Loyal Customers,18,6,1041.28,101,1.9051724137931034,1,United Kingdom
14483.0,Lost / Low Value,282,1,137.1,9,0.0,1,United Kingdom
14484.0,Hibernating,50,1,301.76,13,0.0,1,United Kingdom
14485.0,Hibernating,39,1,144.35,42,0.0,1,United Kingdom
14487.0,Loyal Customers,27,6,946.3299999999999,100,2.6929133858267718,1,United Kingdom
14488.0,Hibernating,68,1,706.18,41,0.0,1,United Kingdom
14489.0,Hibernating,207,1,433.5,29,0.0,1,United Kingdom
14491.0,Occasional / At Risk,175,2,220.98,12,17.90909090909091,1,United Kingdom
14493.0,Champions (VIP),7,5,2047.03,82,1.3962264150943395,1,United Kingdom
14494.0,Lost / Low Value,26,1,139.56,7,0.0,1,United Kingdom
14495.0,Occasional / At Risk,51,2,123.8,6,14.2,1,United Kingdom
14496.0,Occasional / At Risk,312,2,291.92,11,5.636363636363637,1,United Kingdom
14497.0,Hibernating,309,1,335.52,21,0.0,1,United Kingdom
14498.0,Loyal Customers,43,5,1519.27,148,1.8022598870056497,1,United Kingdom
14499.0,Loyal Customers,26,3,768.74,142,1.3695652173913044,1,United Kingdom
14500.0,Occasional / At Risk,88,2,218.10000000000002,3,33.666666666666664,1,United Kingdom
14501.0,Occasional / At Risk,184,2,251.21,9,15.11111111111111,1,United Kingdom
14502.0,Champions (VIP),20,9,1914.94,346,0.5130890052356021,1,United Kingdom
14503.0,Champions (VIP),3,6,2664.66,104,1.2152777777777777,1,United Kingdom
14504.0,Loyal Customers,47,4,522.21,73,2.510869565217391,1,United Kingdom
14505.0,Champions (VIP),17,8,4940.0,495,0.47520661157024796,1,United Kingdom
14506.0,Loyal Customers,17,5,1206.85,170,1.4605809128630705,1,United Kingdom
14507.0,Loyal Customers,40,5,928.78,71,2.8095238095238093,1,United Kingdom
14508.0,Loyal Customers,22,2,196.0,45,1.425531914893617,1,United Kingdom
14511.0,Loyal Customers,11,5,1173.41,48,1.967741935483871,1,United Kingdom
14512.0,Hibernating,188,2,175.63,16,2.5,1,United Kingdom
14513.0,Occasional / At Risk,207,2,183.75,9,10.25,1,United Kingdom
14514.0,Loyal Customers,61,3,732.3,54,4.7368421052631575,1,United Kingdom
14515.0,Loyal Customers,18,6,1542.51,57,2.5125,1,United Kingdom
14517.0,Occasional / At Risk,33,2,192.55,11,10.8,1,United Kingdom
14518.0,Lost / Low Value,64,1,112.44,12,0.0,1,United Kingdom
14520.0,Lost / Low Value,2,1,10.2,1,0.0,1,United Kingdom
14522.0,Occasional / At Risk,72,3,405.26,8,15.875,1,United Kingdom
14523.0,Lost / Low Value,108,1,160.91,9,0.0,1,United Kingdom
14524.0,Champions (VIP),32,9,1438.78,139,1.9239766081871346,1,United Kingdom
14525.0,Champions (VIP),20,9,2245.81,191,1.4741379310344827,1,United Kingdom
14527.0,Champions (VIP),3,54,4319.12,251,0.5535444947209653,1,United Kingdom
14528.0,Hibernating,37,1,234.83999999999997,14,0.0,1,United Kingdom
14529.0,Loyal Customers,60,3,542.96,174,0.23923444976076555,1,United Kingdom
14530.0,Loyal Customers,26,6,1982.45,113,1.5941176470588236,1,United Kingdom
14532.0,Occasional / At Risk,236,3,200.4,25,3.2083333333333335,1,United Kingdom
14533.0,Occasional / At Risk,25,6,757.44,32,9.647058823529411,1,United Kingdom
14534.0,Champions (VIP),3,18,3186.6800000000003,293,0.7085201793721974,1,United Kingdom
14535.0,Loyal Customers,60,3,2492.68,261,0.6163934426229508,1,United Kingdom
14536.0,Lost / Low Value,260,1,76.0,13,0.0,1,United Kingdom
14537.0,Hibernating,58,1,355.56,10,0.0,1,United Kingdom
14538.0,Occasional / At Risk,65,2,334.35,17,12.0,1,United Kingdom
14539.0,Loyal Customers,16,2,500.32,29,1.0,1,United Kingdom
14540.0,Loyal Customers,10,3,836.51,57,4.838709677419355,1,United Kingdom
14541.0,Loyal Customers,59,8,1372.05,69,2.5841584158415842,1,United Kingdom
14542.0,Lost / Low Value,186,1,103.25,5,0.0,1,United Kingdom
14543.0,Loyal Customers,29,16,1131.39,26,8.0,1,United Kingdom
14544.0,Loyal Customers,24,2,1175.57,80,3.9186046511627906,1,United Kingdom
14546.0,Champions (VIP),5,5,2366.38,237,0.648,1,United Kingdom
14547.0,Champions (VIP),4,8,3315.76,181,0.16139240506329114,1,United Kingdom
14549.0,Hibernating,311,1,224.98000000000002,50,0.0,1,United Kingdom
14550.0,Loyal Customers,11,2,650.77,35,0.7906976744186046,1,United Kingdom
14551.0,Occasional / At Risk,18,2,148.23,7,26.571428571428573,1,United Kingdom
14552.0,Hibernating,152,1,156.27,56,0.0,1,United Kingdom
14553.0,Loyal Customers,19,5,543.62,96,3.076923076923077,1,United Kingdom
14554.0,Loyal Customers,10,4,1863.18,129,0.2346368715083799,1,United Kingdom
14555.0,Occasional / At Risk,57,2,251.7,17,14.411764705882353,1,United Kingdom
14557.0,Hibernating,85,1,287.44,9,0.0,1,United Kingdom
14560.0,Occasional / At Risk,17,13,600.03,25,10.65625,1,United Kingdom
14561.0,Loyal Customers,76,3,957.37,60,1.7868852459016393,1,United Kingdom
14562.0,Champions (VIP),4,18,4012.62,167,0.8157181571815718,1,United Kingdom
14565.0,Loyal Customers,96,4,2636.81,96,2.4403669724770642,1,United Kingdom
14567.0,Loyal Customers,57,2,1257.96,31,2.466666666666667,1,United Kingdom
14569.0,Lost / Low Value,1,1,80.09,7,0.0,1,United Kingdom
14570.0,Hibernating,281,2,189.36,25,0.0,1,United Kingdom
14572.0,Champions (VIP),3,7,2333.51,179,1.3264462809917354,1,United Kingdom
14573.0,Loyal Customers,180,9,778.7,105,1.122093023255814,1,United Kingdom
14576.0,Lost / Low Value,372,1,35.400000000000006,1,0.0,1,United Kingdom
14577.0,Loyal Customers,13,4,859.71,86,2.8688524590163933,1,United Kingdom
14578.0,Hibernating,3,1,111.51,21,0.0,1,United Kingdom
14581.0,Lost / Low Value,17,1,95.67,13,0.0,1,United Kingdom
14582.0,Lost / Low Value,41,1,94.21000000000001,5,0.0,1,United Kingdom
14583.0,Champions (VIP),6,5,799.4,231,0.7017543859649122,1,United Kingdom
14584.0,Loyal Customers,169,4,825.76,61,0.3258426966292135,1,United Kingdom
14585.0,Hibernating,50,1,148.55,28,0.0,1,United Kingdom
14586.0,Hibernating,277,1,202.44,16,0.0,1,United Kingdom
14587.0,Champions (VIP),19,9,1258.33,157,0.9098837209302325,1,United Kingdom
14591.0,Loyal Customers,15,4,876.86,112,1.3846153846153846,1,United Kingdom
14592.0,Loyal Customers,35,3,516.29,128,0.1895424836601307,1,United Kingdom
14593.0,Loyal Customers,22,3,450.95,121,1.2377622377622377,1,United Kingdom
14594.0,Occasional / At Risk,7,2,273.28,40,8.714285714285714,1,United Kingdom
14595.0,Loyal Customers,20,6,1524.96,85,3.230769230769231,1,United Kingdom
14597.0,Hibernating,11,1,295.74,36,0.0,1,United Kingdom
14598.0,Hibernating,44,1,221.97,49,0.0,1,United Kingdom
14600.0,Hibernating,306,1,236.43,15,0.0,1,United Kingdom
14601.0,Lost / Low Value,11,1,123.96000000000001,6,0.0,1,United Kingdom
14606.0,Champions (VIP),1,90,8207.41,740,0.15346534653465346,1,United Kingdom
14607.0,Occasional / At Risk,19,3,450.9,6,3.5,1,United Kingdom
14608.0,Occasional / At Risk,4,3,1017.1500000000001,8,5.4,1,United Kingdom
14616.0,Lost / Low Value,285,1,10.08,1,0.0,1,United Kingdom
14618.0,Occasional / At Risk,9,3,408.84000000000003,9,29.818181818181817,1,United Kingdom
14619.0,Hibernating,246,1,263.74,13,0.0,1,United Kingdom
14620.0,Occasional / At Risk,206,2,318.54,21,3.9,1,United Kingdom
14621.0,Champions (VIP),1,5,1490.42,71,4.407407407407407,1,United Kingdom
14622.0,Hibernating,185,1,288.78000000000003,19,0.0,1,United Kingdom
14623.0,Loyal Customers,32,5,683.62,98,1.677685950413223,1,United Kingdom
14624.0,Hibernating,57,2,225.85,13,0.16666666666666666,1,United Kingdom
14625.0,Loyal Customers,196,2,668.48,39,4.230769230769231,1,United Kingdom
14626.0,Loyal Customers,24,4,2035.8200000000002,93,2.0388349514563107,1,United Kingdom
14628.0,Occasional / At Risk,91,2,411.71000000000004,16,9.4375,1,United Kingdom
14629.0,Loyal Customers,4,2,564.91,111,0.34959349593495936,1,United Kingdom
14631.0,Occasional / At Risk,51,3,722.9200000000001,33,7.294117647058823,1,United Kingdom
14632.0,Lost / Low Value,263,1,79.94,6,0.0,1,United Kingdom
14633.0,Hibernating,266,1,235.4,14,0.0,1,United Kingdom
14636.0,Occasional / At Risk,36,2,609.85,27,8.592592592592593,1,United Kingdom
14638.0,Hibernating,51,1,269.6,11,0.0,1,United Kingdom
14639.0,Loyal Customers,52,6,2119.57,105,2.4919354838709675,1,United Kingdom
14640.0,Loyal Customers,24,6,1651.76,76,2.3068181818181817,1,United Kingdom
14641.0,Lost / Low Value,22,1,110.46,7,0.0,1,United Kingdom
14642.0,Lost / Low Value,59,1,19.8,1,0.0,1,United Kingdom
14643.0,Occasional / At Risk,170,2,295.87,18,11.058823529411764,1,United Kingdom
14644.0,Occasional / At Risk,68,2,381.02000000000004,20,12.157894736842104,1,United Kingdom
14645.0,Occasional / At Risk,157,2,419.42,24,4.76,1,United Kingdom
14646.0,Champions (VIP),2,46,11901.92,263,0.8956743002544529,0,Netherlands
14647.0,Hibernating,201,1,236.04000000000002,24,0.0,1,United Kingdom
14649.0,Loyal Customers,5,4,964.26,134,1.2455089820359282,1,United Kingdom
14651.0,Loyal Customers,67,2,560.3,87,1.565217391304348,1,United Kingdom
14652.0,Hibernating,77,1,94.28,27,0.0,1,United Kingdom
14653.0,Champions (VIP),1,7,1483.15,135,1.6359223300970873,1,United Kingdom
14655.0,Loyal Customers,8,4,939.2800000000001,28,6.114285714285714,1,United Kingdom
14656.0,Hibernating,169,2,240.95000000000002,69,1.5405405405405406,1,United Kingdom
14657.0,Loyal Customers,18,4,707.37,92,2.710526315789474,1,United Kingdom
14658.0,Occasional / At Risk,5,2,110.60000000000001,20,5.6,1,United Kingdom
14659.0,Champions (VIP),9,9,2302.78,135,1.3232758620689655,1,United Kingdom
14660.0,Hibernating,87,2,256.24,22,0.5384615384615384,1,United Kingdom
14661.0,Lost / Low Value,27,1,41.05,3,0.0,1,United Kingdom
14662.0,Loyal Customers,29,4,611.8,130,2.013986013986014,1,United Kingdom
14664.0,Loyal Customers,20,2,566.59,75,0.15053763440860216,1,United Kingdom
14665.0,Loyal Customers,61,4,1490.75,50,3.4722222222222223,1,United Kingdom
14666.0,Hibernating,24,1,160.04999999999998,12,0.0,1,United Kingdom
14667.0,Champions (VIP),11,25,5931.84,295,0.7816593886462883,1,United Kingdom
14669.0,Loyal Customers,242,3,1069.77,146,0.5947712418300654,1,United Kingdom
14670.0,Hibernating,280,2,384.90999999999997,106,0.0,1,United Kingdom
14672.0,Hibernating,235,2,578.57,50,2.04,1,United Kingdom
14673.0,Loyal Customers,3,5,1334.64,38,5.515151515151516,1,United Kingdom
14675.0,Hibernating,16,1,428.01,86,0.0,1,United Kingdom
14676.0,Occasional / At Risk,31,5,702.12,11,21.0,1,United Kingdom
14680.0,Champions (VIP),25,15,3943.2,46,3.1454545454545455,1,United Kingdom
14681.0,Occasional / At Risk,71,3,120.0,2,70.0,1,United Kingdom
14684.0,Loyal Customers,26,5,1141.96,225,0.8798955613577023,1,United Kingdom
14687.0,Hibernating,107,1,217.01999999999998,10,0.0,1,United Kingdom
14688.0,Champions (VIP),8,20,3705.92,136,1.2708333333333333,1,United Kingdom
14689.0,Lost / Low Value,209,1,104.85,12,0.0,1,United Kingdom
14690.0,Loyal Customers,44,2,299.4,38,2.4318181818181817,1,United Kingdom
14691.0,Loyal Customers,31,5,1861.94,46,2.757575757575758,1,United Kingdom
14692.0,Loyal Customers,137,4,558.55,51,2.8461538461538463,1,United Kingdom
14693.0,Lost / Low Value,265,1,45.4,7,0.0,1,United Kingdom
14696.0,Champions (VIP),4,7,1750.74,101,3.294642857142857,1,United Kingdom
14697.0,Lost / Low Value,218,2,96.56,16,0.0,1,United Kingdom
14698.0,Champions (VIP),2,5,1049.07,135,0.2702702702702703,1,United Kingdom
14699.0,Lost / Low Value,214,1,109.13000000000001,8,0.0,1,United Kingdom
14700.0,Loyal Customers,32,3,1344.33,73,2.2888888888888888,1,United Kingdom
14701.0,Champions (VIP),11,9,1702.59,246,1.0337837837837838,1,United Kingdom
14702.0,Champions (VIP),1,17,2345.54,166,1.2771929824561403,1,United Kingdom
14703.0,Hibernating,15,1,318.17,22,0.0,1,United Kingdom
14704.0,Champions (VIP),20,7,1288.44,272,0.42933333333333334,1,United Kingdom
14708.0,Occasional / At Risk,3,2,525.81,22,17.428571428571427,1,United Kingdom
14709.0,Champions (VIP),15,13,4341.82,57,2.0176470588235293,1,United Kingdom
14710.0,Loyal Customers,14,4,541.63,119,0.34615384615384615,1,United Kingdom
14711.0,Champions (VIP),10,11,1786.67,202,0.802547770700637,1,United Kingdom
14712.0,Loyal Customers,29,3,851.73,19,3.772727272727273,1,United Kingdom
14713.0,Champions (VIP),9,11,2147.15,140,1.1230283911671923,1,United Kingdom
14714.0,Lost / Low Value,24,1,46.9,7,0.0,1,United Kingdom
14715.0,Loyal Customers,25,4,687.23,51,5.032786885245901,1,United Kingdom
14716.0,Loyal Customers,43,2,213.85,41,2.3863636363636362,1,United Kingdom
14719.0,Champions (VIP),2,5,1450.89,167,1.117117117117117,1,United Kingdom
14720.0,Loyal Customers,6,3,443.16,24,4.84,1,United Kingdom
14722.0,Hibernating,147,1,154.57,25,0.0,1,United Kingdom
14723.0,Champions (VIP),10,6,990.64,181,1.473469387755102,1,United Kingdom
14725.0,Hibernating,25,1,450.83,34,0.0,1,United Kingdom
14727.0,Lost / Low Value,274,1,116.03,7,0.0,1,United Kingdom
14729.0,Hibernating,374,1,290.79,67,0.0,1,United Kingdom
14730.0,Champions (VIP),1,8,1469.07,293,0.6440281030444965,1,United Kingdom
14731.0,Loyal Customers,47,3,346.13,36,4.024390243902439,1,United Kingdom
14732.0,Champions (VIP),8,8,2177.19,91,2.648,1,United Kingdom
14733.0,Champions (VIP),16,12,4398.04,71,2.9495798319327733,1,United Kingdom
14735.0,Champions (VIP),4,30,4182.42,78,2.4149659863945576,1,United Kingdom
14737.0,Occasional / At Risk,4,3,530.35,11,35.0,1,United Kingdom
14738.0,Loyal Customers,43,7,1154.7,35,5.708333333333333,1,United Kingdom
14739.0,Occasional / At Risk,20,6,745.38,22,15.130434782608695,1,United Kingdom
14740.0,Loyal Customers,197,3,1283.86,79,1.048780487804878,1,United Kingdom
14741.0,Loyal Customers,12,6,1270.34,32,6.5636363636363635,1,United Kingdom
14744.0,Occasional / At Risk,16,6,416.48,17,17.823529411764707,1,United Kingdom
14745.0,Loyal Customers,113,5,1085.5,42,2.7903225806451615,1,United Kingdom
14747.0,Lost / Low Value,249,1,176.95000000000002,11,0.0,1,United Kingdom
14748.0,Loyal Customers,29,5,1330.09,80,4.185185185185185,1,United Kingdom
14752.0,Lost / Low Value,44,1,129.0,3,0.0,1,United Kingdom
14753.0,Hibernating,87,1,526.75,28,0.0,1,United Kingdom
14754.0,Occasional / At Risk,45,2,608.3,36,6.605263157894737,1,United Kingdom
14755.0,Champions (VIP),10,11,4106.17,105,1.7015706806282722,1,United Kingdom
14756.0,Hibernating,15,1,577.36,32,0.0,1,United Kingdom
14757.0,Hibernating,75,1,395.5,18,0.0,1,United Kingdom
14758.0,Loyal Customers,145,4,711.82,32,2.875,1,United Kingdom
14759.0,Loyal Customers,5,3,1073.07,63,3.3043478260869565,1,United Kingdom
14760.0,Lost / Low Value,297,1,89.2,5,0.0,1,United Kingdom
14761.0,Occasional / At Risk,59,2,255.9,11,27.6,1,United Kingdom
14762.0,Hibernating,264,1,277.12,20,0.0,1,United Kingdom
14764.0,Lost / Low Value,47,1,79.8,3,0.0,1,United Kingdom
14765.0,Occasional / At Risk,29,3,159.76,34,4.323529411764706,1,United Kingdom
14766.0,Champions (VIP),8,6,2282.42,103,2.864,1,United Kingdom
14768.0,Occasional / At Risk,17,2,192.60000000000002,4,27.5,1,United Kingdom
14769.0,Champions (VIP),3,8,8259.55,647,0.372507869884575,1,United Kingdom
14770.0,Hibernating,232,2,622.37,39,2.275,1,United Kingdom
14772.0,Lost / Low Value,112,1,126.50999999999999,8,0.0,1,United Kingdom
14775.0,Loyal Customers,58,3,879.42,53,5.814814814814815,1,United Kingdom
14776.0,Loyal Customers,51,11,1239.54,34,3.144578313253012,1,United Kingdom
14778.0,Occasional / At Risk,127,2,691.0600000000001,32,5.65625,1,United Kingdom
14779.0,Hibernating,281,3,187.55,29,1.4827586206896552,1,United Kingdom
14780.0,Hibernating,55,2,400.88,24,1.0416666666666667,1,United Kingdom
14782.0,Lost / Low Value,320,1,110.10000000000001,5,0.0,1,United Kingdom
14784.0,Occasional / At Risk,26,2,231.32000000000002,13,24.75,1,United Kingdom
14785.0,Lost / Low Value,15,1,39.480000000000004,2,0.0,1,United Kingdom
14788.0,Loyal Customers,7,2,593.82,24,0.7037037037037037,1,United Kingdom
14789.0,Lost / Low Value,29,1,169.2,5,0.0,1,United Kingdom
14790.0,Occasional / At Risk,17,4,554.46,27,6.2368421052631575,1,United Kingdom
14792.0,Lost / Low Value,64,1,6.2,2,0.0,1,United Kingdom
14793.0,Hibernating,21,1,228.99,14,0.0,1,United Kingdom
14794.0,Champions (VIP),3,6,1060.06,58,4.955223880597015,1,United Kingdom
14795.0,Lost / Low Value,166,1,4.25,1,0.0,1,United Kingdom
14796.0,Champions (VIP),1,17,7081.17,388,0.3357865685372585,1,United Kingdom
14798.0,Occasional / At Risk,53,3,173.74,11,23.454545454545453,1,United Kingdom
14799.0,Lost / Low Value,51,1,32.720000000000006,5,0.0,1,United Kingdom
14800.0,Champions (VIP),48,12,3555.27,221,0.9252873563218391,1,United Kingdom
14801.0,Hibernating,61,1,180.84,55,0.0,1,United Kingdom
14803.0,Occasional / At Risk,162,3,279.45,33,3.5135135135135136,1,United Kingdom
14804.0,Hibernating,9,1,224.82,9,0.0,1,United Kingdom
14805.0,Occasional / At Risk,15,4,296.45,23,11.037037037037036,1,United Kingdom
14806.0,Lost / Low Value,75,1,66.0,4,0.0,1,United Kingdom
14808.0,Loyal Customers,40,7,1361.85,150,0.6963350785340314,1,United Kingdom
14810.0,Champions (VIP),41,11,2035.53,102,1.321285140562249,1,United Kingdom
14813.0,Hibernating,370,2,110.93,23,0.0,1,United Kingdom
14815.0,Loyal Customers,37,2,737.22,51,0.62,1,United Kingdom
14816.0,Lost / Low Value,197,1,11.9,1,0.0,1,United Kingdom
14817.0,Hibernating,200,2,962.08,48,1.3508771929824561,1,United Kingdom
14818.0,Occasional / At Risk,74,3,390.05,34,4.615384615384615,1,United Kingdom
14819.0,Occasional / At Risk,64,2,176.07,11,12.8,1,United Kingdom
14820.0,Occasional / At Risk,21,4,423.79,21,6.333333333333333,1,United Kingdom
14821.0,Lost / Low Value,367,1,48.800000000000004,2,0.0,1,United Kingdom
14823.0,Hibernating,180,3,217.18,47,0.2413793103448276,1,United Kingdom
14824.0,Loyal Customers,10,4,711.71,18,3.5217391304347827,1,United Kingdom
14825.0,Champions (VIP),4,12,1979.3100000000002,77,3.230088495575221,1,United Kingdom
14828.0,Lost / Low Value,254,1,10.08,1,0.0,1,United Kingdom
14829.0,Occasional / At Risk,29,4,650.83,37,8.794871794871796,1,United Kingdom
14830.0,Hibernating,53,1,179.78,37,0.0,1,United Kingdom
14834.0,Loyal Customers,18,6,1249.42,36,4.12962962962963,1,United Kingdom
14836.0,Occasional / At Risk,10,2,99.44999999999999,4,5.0,1,United Kingdom
14837.0,Loyal Customers,90,4,1613.5,94,1.0769230769230769,1,United Kingdom
14840.0,Lost / Low Value,268,1,62.85,4,0.0,1,United Kingdom
14841.0,Loyal Customers,53,6,2687.08,88,2.6293103448275863,1,United Kingdom
14842.0,Loyal Customers,44,4,2250.64,111,2.0866141732283463,1,United Kingdom
14844.0,Loyal Customers,64,4,1986.51,75,1.6181818181818182,1,United Kingdom
14847.0,Lost / Low Value,149,1,218.4,10,0.0,1,United Kingdom
14849.0,Champions (VIP),22,25,6635.39,145,1.0173410404624277,1,United Kingdom
14850.0,Hibernating,312,1,317.25,20,0.0,1,United Kingdom
14851.0,Occasional / At Risk,23,2,416.55,25,9.708333333333334,1,United Kingdom
14852.0,Loyal Customers,58,6,2228.7400000000002,84,1.6440677966101696,1,United Kingdom
14853.0,Occasional / At Risk,24,2,88.5,5,46.75,1,United Kingdom
14854.0,Loyal Customers,78,7,1821.58,98,1.798165137614679,1,United Kingdom
14855.0,Lost / Low Value,135,1,91.85,7,0.0,1,United Kingdom
14856.0,Loyal Customers,36,3,899.09,56,0.36363636363636365,1,United Kingdom
14857.0,Loyal Customers,60,2,931.17,47,1.8936170212765957,1,United Kingdom
14859.0,Loyal Customers,13,4,1190.54,41,3.764705882352941,1,United Kingdom
14860.0,Hibernating,19,1,149.44,10,0.0,1,United Kingdom
14861.0,Lost / Low Value,52,1,83.37,4,0.0,1,United Kingdom
14862.0,Loyal Customers,26,2,727.62,39,3.1538461538461537,1,United Kingdom
14863.0,Hibernating,29,1,266.76,11,0.0,1,United Kingdom
14865.0,Occasional / At Risk,7,2,43.08,3,182.5,1,United Kingdom
14866.0,Occasional / At Risk,11,4,316.72,23,5.695652173913044,1,United Kingdom
14867.0,Occasional / At Risk,186,3,517.78,25,5.592592592592593,1,United Kingdom
14868.0,Champions (VIP),3,8,2629.2400000000002,91,1.7293233082706767,1,United Kingdom
14869.0,Loyal Customers,9,2,599.02,57,1.5833333333333333,1,United Kingdom
14870.0,Hibernating,262,1,327.25,13,0.0,1,United Kingdom
14871.0,Loyal Customers,3,4,501.28000000000003,68,3.880434782608696,1,United Kingdom
14873.0,Hibernating,210,1,346.93,20,0.0,1,United Kingdom
14875.0,Loyal Customers,108,2,788.1500000000001,36,4.305555555555555,1,United Kingdom
14878.0,Champions (VIP),13,9,1259.39,58,3.008695652173913,1,United Kingdom
14880.0,Occasional / At Risk,77,3,525.09,35,6.0285714285714285,1,United Kingdom
14881.0,Hibernating,20,1,221.2,15,0.0,1,United Kingdom
14882.0,Hibernating,27,2,510.20000000000005,6,0.7777777777777778,1,United Kingdom
14883.0,Loyal Customers,19,6,727.75,37,3.86,1,United Kingdom
14885.0,Lost / Low Value,132,1,102.0,3,0.0,1,United Kingdom
14886.0,Hibernating,253,1,325.0,17,0.0,1,United Kingdom
14888.0,Hibernating,207,1,369.2,20,0.0,1,United Kingdom
14889.0,Lost / Low Value,336,1,135.9,10,0.0,1,United Kingdom
14890.0,Lost / Low Value,254,1,125.65,7,0.0,1,United Kingdom
14891.0,Hibernating,148,2,468.1,25,1.4444444444444444,1,United Kingdom
14893.0,Loyal Customers,10,2,1044.63,61,0.03278688524590164,1,United Kingdom
14894.0,Hibernating,85,1,614.95,22,0.0,1,United Kingdom
14895.0,Champions (VIP),8,19,8175.24,221,0.7057356608478803,1,United Kingdom
14896.0,Loyal Customers,205,2,457.82,42,3.926829268292683,1,United Kingdom
14897.0,Occasional / At Risk,8,4,672.58,30,9.03125,1,United Kingdom
14898.0,Loyal Customers,23,6,881.02,77,3.5876288659793816,1,United Kingdom
14901.0,Loyal Customers,11,8,1040.31,65,4.402439024390244,1,United Kingdom
14902.0,Hibernating,26,1,299.66,18,0.0,1,United Kingdom
14903.0,Champions (VIP),21,5,2386.43,204,0.7981366459627329,1,United Kingdom
14904.0,Loyal Customers,2,2,577.12,48,0.4791666666666667,1,United Kingdom
14905.0,Occasional / At Risk,158,2,371.35,12,5.846153846153846,1,United Kingdom
14907.0,Champions (VIP),3,7,2998.58,107,2.5454545454545454,1,United Kingdom
14908.0,Lost / Low Value,74,1,135.3,6,0.0,1,United Kingdom
14910.0,Loyal Customers,3,4,374.65,22,2.08,1,United Kingdom
14911.0,Champions (VIP),1,193,84980.89,1539,0.08292465448060633,0,EIRE
14912.0,Occasional / At Risk,17,2,323.77,15,15.333333333333334,0,Italy
14913.0,Loyal Customers,36,4,995.12,67,4.563380281690141,1,United Kingdom
14915.0,Occasional / At Risk,91,2,281.98,11,18.6,1,United Kingdom
14916.0,Loyal Customers,71,4,1165.71,64,3.735294117647059,1,United Kingdom
14918.0,Loyal Customers,116,2,1308.89,35,1.0263157894736843,1,United Kingdom
14920.0,Hibernating,213,2,780.25,46,0.0,1,United Kingdom
14921.0,Loyal Customers,30,2,1255.23,75,2.310810810810811,1,United Kingdom
14923.0,Hibernating,51,1,629.6,37,0.0,1,United Kingdom
14924.0,Lost / Low Value,246,1,168.05,8,0.0,1,United Kingdom
14929.0,Hibernating,32,1,172.88,10,0.0,1,United Kingdom
14930.0,Loyal Customers,109,3,1503.6100000000001,86,1.8241758241758241,0,Channel Islands
14931.0,Loyal Customers,5,4,790.88,26,6.742857142857143,0,Channel Islands
14932.0,Lost / Low Value,366,1,140.43,7,0.0,0,Channel Islands
14934.0,Loyal Customers,82,2,1246.59,56,3.0,0,Channel Islands
14936.0,Champions (VIP),34,7,5469.07,168,0.8832116788321168,0,Channel Islands
14937.0,Loyal Customers,57,2,1158.68,31,2.466666666666667,0,Channel Islands
14944.0,Champions (VIP),30,12,4288.900000000001,86,1.963235294117647,1,United Kingdom
14946.0,Lost / Low Value,14,1,100.9,3,0.0,1,United Kingdom
14947.0,Occasional / At Risk,72,2,275.82,13,4.833333333333333,1,United Kingdom
14948.0,Loyal Customers,23,6,927.11,51,3.5,1,United Kingdom
14950.0,Hibernating,19,1,243.5,12,0.0,1,United Kingdom
14951.0,Hibernating,79,1,259.52,18,0.0,1,United Kingdom
14952.0,Champions (VIP),60,9,4315.92,97,2.9326923076923075,1,United Kingdom
14953.0,Hibernating,25,1,202.59,49,0.0,1,United Kingdom
14954.0,Hibernating,12,1,186.2,68,0.0,1,United Kingdom
14957.0,Lost / Low Value,253,1,58.49,12,0.0,1,United Kingdom
14958.0,Occasional / At Risk,147,3,213.88,27,3.5,1,United Kingdom
14959.0,Loyal Customers,64,4,609.54,36,4.142857142857143,1,United Kingdom
14960.0,Occasional / At Risk,8,2,188.12,21,7.086956521739131,1,United Kingdom
14961.0,Champions (VIP),11,9,6021.2300000000005,178,1.2195121951219512,1,United Kingdom
14962.0,Lost / Low Value,271,1,14.850000000000001,1,0.0,1,United Kingdom
14963.0,Loyal Customers,10,5,983.63,137,1.0116279069767442,1,United Kingdom
14964.0,Lost / Low Value,247,1,81.75,10,0.0,1,United Kingdom
14965.0,Hibernating,96,1,461.64,77,0.0,1,United Kingdom
14966.0,Hibernating,15,1,167.9,34,0.0,1,United Kingdom
14967.0,Lost / Low Value,50,1,139.8,4,0.0,1,United Kingdom
14968.0,Hibernating,30,1,139.09,36,0.0,1,United Kingdom
14970.0,Occasional / At Risk,68,4,1465.51,19,8.857142857142858,1,United Kingdom
14971.0,Loyal Customers,35,3,808.7,126,0.058823529411764705,1,United Kingdom
14972.0,Lost / Low Value,128,1,53.47,13,0.0,1,United Kingdom
14973.0,Occasional / At Risk,107,3,465.4,24,4.916666666666667,1,United Kingdom
14974.0,Lost / Low Value,37,1,79.99000000000001,16,0.0,1,United Kingdom
14975.0,Lost / Low Value,57,1,38.65,4,0.0,1,United Kingdom
14976.0,Loyal Customers,57,6,624.0600000000001,38,4.409836065573771,1,United Kingdom
14978.0,Loyal Customers,72,5,1079.27,109,1.6538461538461537,1,United Kingdom
14981.0,Lost / Low Value,246,1,102.12,8,0.0,1,United Kingdom
14984.0,Occasional / At Risk,19,2,89.57000000000001,28,5.962962962962963,1,United Kingdom
14985.0,Hibernating,198,2,263.34,76,2.0,1,United Kingdom
14988.0,Hibernating,212,1,305.29,38,0.0,1,United Kingdom
14995.0,Occasional / At Risk,39,2,203.43,50,4.321428571428571,1,United Kingdom
14997.0,Occasional / At Risk,46,3,234.32,11,13.2,1,United Kingdom
14998.0,Hibernating,170,2,341.87,66,1.0289855072463767,1,United Kingdom
15000.0,Hibernating,48,1,443.42,73,0.0,1,United Kingdom
15002.0,Loyal Customers,116,4,1525.66,90,2.290909090909091,1,United Kingdom
15004.0,Hibernating,147,1,823.21,134,0.0,1,United Kingdom
15005.0,Champions (VIP),16,28,5607.36,335,0.33270142180094786,1,United Kingdom
15006.0,Hibernating,51,1,430.03000000000003,116,0.0,1,United Kingdom
15007.0,Lost / Low Value,159,1,146.96,11,0.0,1,United Kingdom
15009.0,Loyal Customers,12,3,1159.28,142,0.07602339181286549,1,United Kingdom
15010.0,Hibernating,36,1,263.19,17,0.0,1,United Kingdom
15012.0,Loyal Customers,54,2,343.19,106,2.782608695652174,1,United Kingdom
15014.0,Occasional / At Risk,43,2,175.17000000000002,29,4.290322580645161,1,United Kingdom
15016.0,Lost / Low Value,173,1,100.24000000000001,14,0.0,1,United Kingdom
15017.0,Hibernating,34,1,115.63,19,0.0,1,United Kingdom
15018.0,Occasional / At Risk,39,3,275.36,21,16.45,1,United Kingdom
15019.0,Hibernating,267,1,225.85999999999999,62,0.0,1,United Kingdom
15021.0,Champions (VIP),9,9,1544.1200000000001,272,0.8605769230769231,1,United Kingdom
15022.0,Loyal Customers,12,3,737.67,91,0.3157894736842105,1,United Kingdom
15023.0,Champions (VIP),3,11,4469.84,296,0.8187919463087249,1,United Kingdom
15024.0,Champions (VIP),10,9,1470.33,92,2.671641791044776,1,United Kingdom
15025.0,Hibernating,33,1,342.06,64,0.0,1,United Kingdom
15026.0,Loyal Customers,80,3,343.75,54,3.517857142857143,1,United Kingdom
15027.0,Occasional / At Risk,31,4,516.35,24,8.666666666666666,1,United Kingdom
15028.0,Occasional / At Risk,8,4,520.84,32,8.571428571428571,1,United Kingdom
15030.0,Lost / Low Value,268,1,20.4,1,0.0,1,United Kingdom
15031.0,Loyal Customers,4,4,468.34000000000003,67,2.808080808080808,1,United Kingdom
15032.0,Occasional / At Risk,256,2,315.25,15,4.230769230769231,1,United Kingdom
15033.0,Champions (VIP),5,10,2283.85,302,0.6728778467908902,1,United Kingdom
15034.0,Champions (VIP),16,8,3008.01,265,1.0,1,United Kingdom
15035.0,Hibernating,90,1,227.29000000000002,24,0.0,1,United Kingdom
15036.0,Loyal Customers,72,3,341.11,101,0.963963963963964,1,United Kingdom
15038.0,Loyal Customers,59,6,383.54,86,3.173469387755102,1,United Kingdom
15039.0,Champions (VIP),10,45,13964.12,360,0.2846946867565424,1,United Kingdom
15041.0,Hibernating,170,1,151.48,64,0.0,1,United Kingdom
15042.0,Lost / Low Value,199,1,46.68,3,0.0,1,United Kingdom
15044.0,Champions (VIP),19,17,5448.25,189,1.0362537764350452,1,United Kingdom
15045.0,Lost / Low Value,152,1,60.06,4,0.0,1,United Kingdom
15046.0,Champions (VIP),9,15,2332.68,121,2.108974358974359,1,United Kingdom
15047.0,Hibernating,270,1,329.7,21,0.0,1,United Kingdom
15048.0,Loyal Customers,65,4,281.3,78,3.607142857142857,1,United Kingdom
15049.0,Lost / Low Value,274,1,40.050000000000004,2,0.0,1,United Kingdom
15050.0,Loyal Customers,25,3,982.29,55,0.7796610169491526,1,United Kingdom
15051.0,Loyal Customers,23,3,1186.13,122,0.9548872180451128,1,United Kingdom
15052.0,Hibernating,319,1,127.83,26,0.0,1,United Kingdom
15053.0,Loyal Customers,5,3,519.59,45,4.694915254237288,1,United Kingdom
15054.0,Loyal Customers,12,2,277.95,103,0.25225225225225223,1,United Kingdom
15057.0,Hibernating,275,2,807.0,16,2.6666666666666665,1,United Kingdom
15058.0,Champions (VIP),25,11,1836.89,182,1.1762295081967213,1,United Kingdom
15059.0,Loyal Customers,41,9,1057.8700000000001,142,1.3674418604651162,1,United Kingdom
15060.0,Loyal Customers,8,4,267.5,78,0.009009009009009009,1,United Kingdom
15061.0,Champions (VIP),4,33,6687.17,39,3.075,1,United Kingdom
15062.0,Loyal Customers,71,4,912.38,43,5.647058823529412,1,United Kingdom
15063.0,Lost / Low Value,213,1,70.19999999999999,2,0.0,1,United Kingdom
15065.0,Loyal Customers,38,4,2234.06,119,2.0483870967741935,1,United Kingdom
15066.0,Hibernating,53,1,701.79,33,0.0,1,United Kingdom
15067.0,Loyal Customers,78,3,1277.2,70,2.9565217391304346,1,United Kingdom
15068.0,Loyal Customers,46,2,453.45,88,2.210526315789474,1,United Kingdom
15069.0,Hibernating,179,1,825.48,54,0.0,1,United Kingdom
15071.0,Occasional / At Risk,94,2,601.82,18,10.11111111111111,1,United Kingdom
15073.0,Loyal Customers,10,3,1043.41,31,3.339622641509434,1,United Kingdom
15074.0,Hibernating,105,1,735.67,41,0.0,1,United Kingdom
15075.0,Hibernating,78,1,496.78,21,0.0,1,United Kingdom
15076.0,Hibernating,173,1,771.3,44,0.0,1,United Kingdom
15078.0,Champions (VIP),7,31,9220.62,84,0.8677884615384616,1,United Kingdom
15079.0,Loyal Customers,213,3,610.5600000000001,42,3.642857142857143,1,United Kingdom
15081.0,Occasional / At Risk,22,5,378.7,19,13.8,1,United Kingdom
15083.0,Lost / Low Value,257,1,62.699999999999996,3,0.0,1,United Kingdom
15087.0,Hibernating,282,1,220.06,13,0.0,1,United Kingdom
15088.0,Loyal Customers,21,2,825.52,42,1.0222222222222221,1,United Kingdom
15089.0,Champions (VIP),10,6,1906.6100000000001,123,0.9365079365079365,1,United Kingdom
15090.0,Hibernating,308,1,263.12,17,0.0,1,United Kingdom
15091.0,Hibernating,68,1,446.71,29,0.0,1,United Kingdom
15092.0,Occasional / At Risk,215,2,279.61,16,4.533333333333333,1,United Kingdom
15093.0,Loyal Customers,18,6,1807.28,37,5.205882352941177,1,United Kingdom
15095.0,Loyal Customers,104,4,796.74,22,3.125,1,United Kingdom
15096.0,Hibernating,43,1,206.89000000000001,10,0.0,1,United Kingdom
15097.0,Hibernating,4,1,215.08,23,0.0,1,United Kingdom
15099.0,Hibernating,84,1,238.70000000000002,18,0.0,1,United Kingdom
15101.0,Occasional / At Risk,9,2,120.13000000000001,5,87.75,1,United Kingdom
15103.0,Loyal Customers,31,2,573.46,32,1.7741935483870968,1,United Kingdom
15104.0,Hibernating,197,2,571.49,44,2.0,1,United Kingdom
15105.0,Champions (VIP),18,7,1728.99,85,1.2608695652173914,1,United Kingdom
15106.0,Loyal Customers,18,5,1235.45,79,2.896551724137931,1,United Kingdom
15107.0,Occasional / At Risk,334,3,104.10000000000001,6,6.333333333333333,1,United Kingdom
15108.0,Loyal Customers,142,3,983.5500000000001,41,1.8695652173913044,0,European Community
15109.0,Hibernating,246,1,327.15000000000003,20,0.0,1,United Kingdom
15110.0,Occasional / At Risk,24,4,620.4,13,12.291666666666666,1,United Kingdom
15111.0,Loyal Customers,29,3,1339.68,59,4.830985915492958,1,United Kingdom
15113.0,Loyal Customers,10,3,1589.8,56,0.7377049180327869,1,United Kingdom
15114.0,Champions (VIP),30,10,2650.16,133,1.4263157894736842,1,United Kingdom
15115.0,Hibernating,18,1,238.81,18,0.0,1,United Kingdom
15116.0,Loyal Customers,18,4,1092.68,35,4.675,1,United Kingdom
15117.0,Loyal Customers,15,5,1146.73,59,2.7916666666666665,1,United Kingdom
15119.0,Lost / Low Value,246,1,162.8,10,0.0,1,United Kingdom
15120.0,Hibernating,134,1,244.4,16,0.0,1,United Kingdom
15121.0,Occasional / At Risk,50,2,399.07,25,9.916666666666666,1,United Kingdom
15122.0,Loyal Customers,114,3,1286.28,55,2.6911764705882355,1,United Kingdom
15123.0,Loyal Customers,7,2,1818.6299999999999,82,2.1868131868131866,1,United Kingdom
15124.0,Occasional / At Risk,23,2,126.5,10,16.9,1,United Kingdom
15125.0,Loyal Customers,61,9,2362.7,39,4.375,1,United Kingdom
15127.0,Hibernating,66,1,346.53,15,0.0,1,United Kingdom
15128.0,Loyal Customers,60,4,1307.74,64,1.7865168539325842,1,United Kingdom
15129.0,Loyal Customers,50,10,1583.27,45,3.8253968253968256,1,United Kingdom
15130.0,Hibernating,170,1,330.11,22,0.0,1,United Kingdom
15132.0,Loyal Customers,18,5,791.69,47,5.083333333333333,1,United Kingdom
15133.0,Occasional / At Risk,128,3,584.1800000000001,21,8.7,1,United Kingdom
15134.0,Loyal Customers,15,8,1299.55,42,3.323529411764706,1,United Kingdom
15135.0,Lost / Low Value,239,1,139.05,9,0.0,1,United Kingdom
15136.0,Loyal Customers,3,4,1234.5,60,1.4242424242424243,1,United Kingdom
15139.0,Occasional / At Risk,240,2,169.84,12,8.818181818181818,1,United Kingdom
15140.0,Loyal Customers,52,7,1604.01,63,3.3125,1,United Kingdom
15142.0,Hibernating,46,1,430.52,22,0.0,1,United Kingdom
15143.0,Hibernating,226,1,239.55,13,0.0,1,United Kingdom
15144.0,Champions (VIP),8,17,5997.62,121,1.5276381909547738,1,United Kingdom
15145.0,Loyal Customers,4,4,921.73,46,4.518518518518518,1,United Kingdom
15146.0,Loyal Customers,165,2,1164.52,86,1.4941176470588236,1,United Kingdom
15147.0,Hibernating,240,1,382.0,22,0.0,1,United Kingdom
15148.0,Hibernating,11,1,301.29,20,0.0,1,United Kingdom
15149.0,Hibernating,134,1,327.45000000000005,13,0.0,1,United Kingdom
15150.0,Champions (VIP),17,10,4592.19,251,0.8372093023255814,1,United Kingdom
15152.0,Champions (VIP),10,13,3794.9900000000002,163,0.7911111111111111,1,United Kingdom
15153.0,Hibernating,31,1,251.82,18,0.0,1,United Kingdom
15154.0,Hibernating,75,1,170.08,59,0.0,1,United Kingdom
15156.0,Loyal Customers,1,3,762.39,48,0.6666666666666666,1,United Kingdom
15157.0,Loyal Customers,4,3,1408.73,103,3.480392156862745,1,United Kingdom
15158.0,Lost / Low Value,45,1,119.76,4,0.0,1,United Kingdom
15159.0,Champions (VIP),2,28,14334.960000000001,304,0.6185567010309279,1,United Kingdom
15160.0,Lost / Low Value,357,1,51.96,3,0.0,1,United Kingdom
15163.0,Occasional / At Risk,18,2,278.77,27,6.6923076923076925,1,United Kingdom
15164.0,Loyal Customers,69,3,759.08,73,2.882978723404255,1,United Kingdom
15165.0,Hibernating,373,1,362.7,20,0.0,1,United Kingdom
15167.0,Hibernating,321,1,134.4,37,0.0,1,United Kingdom
15168.0,Lost / Low Value,26,1,58.86,4,0.0,1,United Kingdom
15172.0,Loyal Customers,9,5,1385.88,93,2.375,1,United Kingdom
15174.0,Lost / Low Value,323,1,120.63,10,0.0,1,United Kingdom
15175.0,Hibernating,72,1,212.5,21,0.0,1,United Kingdom
15178.0,Lost / Low Value,260,1,40.5,3,0.0,1,United Kingdom
15179.0,Loyal Customers,18,4,1533.79,73,4.0675675675675675,1,United Kingdom
15180.0,Lost / Low Value,367,1,87.5,6,0.0,1,United Kingdom
15181.0,Occasional / At Risk,66,3,194.99999999999997,8,25.375,1,United Kingdom
15182.0,Occasional / At Risk,154,2,605.85,23,4.222222222222222,1,United Kingdom
15184.0,Loyal Customers,29,2,283.45,53,2.9814814814814814,1,United Kingdom
15185.0,Hibernating,70,1,139.92000000000002,14,0.0,1,United Kingdom
15186.0,Occasional / At Risk,14,2,349.85,14,10.266666666666667,1,United Kingdom
15187.0,Champions (VIP),2,12,1994.24,54,3.1029411764705883,1,United Kingdom
15189.0,Champions (VIP),1,39,5114.18,55,2.8290598290598292,1,United Kingdom
15192.0,Occasional / At Risk,120,3,618.6,31,6.648648648648648,1,United Kingdom
15193.0,Hibernating,61,1,336.95,11,0.0,1,United Kingdom
15194.0,Champions (VIP),3,15,5099.79,177,1.454183266932271,1,United Kingdom
15197.0,Occasional / At Risk,11,3,451.11,27,12.88888888888889,1,United Kingdom
15198.0,Occasional / At Risk,92,2,193.64,10,3.5555555555555554,1,United Kingdom
15199.0,Occasional / At Risk,59,4,418.70000000000005,3,35.57142857142857,1,United Kingdom
15201.0,Loyal Customers,87,5,1116.54,34,2.388059701492537,1,United Kingdom
15203.0,Loyal Customers,26,6,1757.4,78,2.1029411764705883,1,United Kingdom
15204.0,Lost / Low Value,357,1,157.5,5,0.0,1,United Kingdom
15205.0,Hibernating,85,2,425.25,30,1.4482758620689655,1,United Kingdom
15206.0,Occasional / At Risk,10,4,420.29999999999995,3,33.125,1,United Kingdom
15208.0,Occasional / At Risk,1,5,442.57,15,14.08,1,United Kingdom
15210.0,Hibernating,225,1,211.2,16,0.0,1,United Kingdom
15211.0,Occasional / At Risk,60,2,670.9100000000001,41,7.625,1,United Kingdom
15212.0,Lost / Low Value,241,1,62.0,4,0.0,1,United Kingdom
15213.0,Hibernating,319,2,328.35,22,0.4782608695652174,1,United Kingdom
15214.0,Champions (VIP),2,8,1497.14,100,2.41,1,United Kingdom
15215.0,Loyal Customers,47,3,494.24,24,2.0,1,United Kingdom
15216.0,Lost / Low Value,88,1,33.0,1,0.0,1,United Kingdom
15218.0,Champions (VIP),11,10,3102.65,64,2.4444444444444446,1,United Kingdom
15219.0,Lost / Low Value,176,1,152.8,3,0.0,1,United Kingdom
15220.0,Loyal Customers,52,6,1560.45,100,2.1809523809523808,1,United Kingdom
15221.0,Lost / Low Value,366,1,162.60000000000002,2,0.0,1,United Kingdom
15223.0,Hibernating,226,2,444.55,12,1.5,1,United Kingdom
15224.0,Hibernating,358,2,244.13,12,0.36363636363636365,1,United Kingdom
15225.0,Hibernating,234,1,344.70000000000005,19,0.0,1,United Kingdom
15226.0,Lost / Low Value,311,1,128.91,7,0.0,1,United Kingdom
15227.0,Loyal Customers,37,5,891.78,34,6.386363636363637,1,United Kingdom
15228.0,Loyal Customers,66,4,2337.55,88,2.257425742574257,1,United Kingdom
15230.0,Hibernating,239,2,429.6,23,0.045454545454545456,1,United Kingdom
15232.0,Hibernating,113,2,358.06,22,1.2857142857142858,1,United Kingdom
15234.0,Hibernating,277,1,187.88,13,0.0,1,United Kingdom
15235.0,Loyal Customers,218,12,2015.51,120,1.2093023255813953,1,United Kingdom
15236.0,Hibernating,299,1,321.05,15,0.0,1,United Kingdom
15237.0,Champions (VIP),2,4,1252.38,85,2.539325842696629,1,United Kingdom
15238.0,Loyal Customers,29,3,747.23,45,3.522727272727273,1,United Kingdom
15239.0,Loyal Customers,10,2,749.67,46,1.4782608695652173,1,United Kingdom
15240.0,Loyal Customers,45,5,1168.8,50,4.52542372881356,1,United Kingdom
15241.0,Loyal Customers,67,8,1347.01,75,2.2842105263157895,1,United Kingdom
15243.0,Hibernating,74,1,316.68,22,0.0,1,United Kingdom
15244.0,Occasional / At Risk,65,2,565.17,29,6.1,1,United Kingdom
15245.0,Loyal Customers,134,3,1490.76,46,1.8405797101449275,1,United Kingdom
15246.0,Occasional / At Risk,238,2,458.1,29,4.137931034482759,1,United Kingdom
15247.0,Lost / Low Value,122,1,111.19999999999999,3,0.0,1,United Kingdom
15249.0,Champions (VIP),32,13,6298.46,197,0.6797583081570997,1,United Kingdom
15251.0,Occasional / At Risk,91,7,1307.12,16,8.823529411764707,1,United Kingdom
15252.0,Loyal Customers,36,2,740.78,44,3.4186046511627906,1,United Kingdom
15253.0,Loyal Customers,16,5,847.29,49,3.122448979591837,1,United Kingdom
15254.0,Hibernating,127,1,253.32,16,0.0,1,United Kingdom
15255.0,Hibernating,67,1,865.35,46,0.0,1,United Kingdom
15256.0,Lost / Low Value,149,1,98.45,6,0.0,1,United Kingdom
15257.0,Lost / Low Value,283,1,40.2,2,0.0,1,United Kingdom
15258.0,Hibernating,169,2,386.76,23,2.227272727272727,1,United Kingdom
15260.0,Loyal Customers,100,6,1595.27,55,4.0,1,United Kingdom
15261.0,Hibernating,135,1,254.82,19,0.0,1,United Kingdom
15262.0,Lost / Low Value,324,1,161.95000000000002,9,0.0,1,United Kingdom
15263.0,Lost / Low Value,107,1,139.51,11,0.0,1,United Kingdom
15264.0,Hibernating,64,1,393.74,23,0.0,1,United Kingdom
15265.0,Loyal Customers,151,2,1076.52,58,1.423728813559322,1,United Kingdom
15266.0,Lost / Low Value,338,1,47.7,3,0.0,1,United Kingdom
15269.0,Lost / Low Value,24,1,118.80000000000001,1,0.0,1,United Kingdom
15270.0,Occasional / At Risk,16,6,842.0500000000001,16,12.826086956521738,1,United Kingdom
15271.0,Champions (VIP),7,15,2183.04,170,1.4552845528455285,1,United Kingdom
15272.0,Hibernating,57,2,502.26,50,0.5918367346938775,1,United Kingdom
15274.0,Loyal Customers,4,2,681.77,43,0.3111111111111111,1,United Kingdom
15275.0,Hibernating,38,1,473.29,32,0.0,1,United Kingdom
15276.0,Hibernating,66,1,95.38,45,0.0,1,United Kingdom
15277.0,Hibernating,47,1,241.98,11,0.0,1,United Kingdom
15279.0,Hibernating,355,1,240.45,16,0.0,1,United Kingdom
15280.0,Lost / Low Value,172,1,87.62,15,0.0,1,United Kingdom
15281.0,Loyal Customers,59,9,1900.68,99,2.455357142857143,1,United Kingdom
15286.0,Lost / Low Value,50,1,240.55,3,0.0,1,United Kingdom
15287.0,Occasional / At Risk,22,2,414.69,16,2.6666666666666665,1,United Kingdom
15288.0,Loyal Customers,43,5,2074.12,73,4.075949367088608,1,United Kingdom
15289.0,Loyal Customers,29,3,689.46,41,4.230769230769231,1,United Kingdom
15290.0,Champions (VIP),5,18,3920.12,57,2.7734375,1,United Kingdom
15291.0,Champions (VIP),26,11,2234.16,40,5.533333333333333,1,United Kingdom
15292.0,Hibernating,201,1,111.69,19,0.0,1,United Kingdom
15296.0,Loyal Customers,51,6,2874.4700000000003,120,1.6727272727272726,1,United Kingdom
15297.0,Loyal Customers,10,3,624.94,29,1.4324324324324325,1,United Kingdom
15298.0,Champions (VIP),2,11,3106.88,101,2.1927710843373496,1,United Kingdom
15300.0,Hibernating,64,1,454.44,26,0.0,1,United Kingdom
15301.0,Champions (VIP),51,11,3478.54,144,1.5665024630541873,1,United Kingdom
15303.0,Hibernating,290,1,444.42,25,0.0,1,United Kingdom
15304.0,Occasional / At Risk,61,5,242.60000000000002,6,25.666666666666668,1,United Kingdom
15306.0,Loyal Customers,64,3,854.02,47,1.7872340425531914,1,United Kingdom
15307.0,Lost / Low Value,96,1,119.20000000000002,7,0.0,1,United Kingdom
15308.0,Hibernating,274,1,218.25,14,0.0,1,United Kingdom
15311.0,Champions (VIP),1,91,17712.96,521,0.19518576661433804,1,United Kingdom
15312.0,Loyal Customers,75,4,843.25,42,6.2,1,United Kingdom
15313.0,Lost / Low Value,110,1,52.0,1,0.0,1,United Kingdom
15314.0,Hibernating,199,1,314.05,23,0.0,1,United Kingdom
15315.0,Hibernating,64,2,475.21999999999997,30,1.6774193548387097,1,United Kingdom
15318.0,Hibernating,4,1,284.9,30,0.0,1,United Kingdom
15319.0,Lost / Low Value,284,1,145.0,13,0.0,1,United Kingdom
15320.0,Hibernating,44,1,189.03,34,0.0,1,United Kingdom
15321.0,Loyal Customers,71,3,2062.64,69,2.7974683544303796,1,United Kingdom
15322.0,Hibernating,86,1,606.66,38,0.0,1,United Kingdom
15325.0,Hibernating,104,1,161.74,47,0.0,1,United Kingdom
15326.0,Hibernating,334,1,311.71,29,0.0,1,United Kingdom
15327.0,Lost / Low Value,53,1,125.1,7,0.0,1,United Kingdom
15329.0,Loyal Customers,39,3,830.95,45,2.75,1,United Kingdom
15330.0,Lost / Low Value,32,1,29.759999999999998,2,0.0,1,United Kingdom
15332.0,Hibernating,370,3,1266.86,24,0.0,0,Lithuania
15333.0,Hibernating,208,1,238.0,11,0.0,1,United Kingdom
15334.0,Hibernating,157,3,337.92,65,0.17894736842105263,1,United Kingdom
15335.0,Hibernating,54,1,161.72,33,0.0,1,United Kingdom
15339.0,Loyal Customers,66,2,528.71,73,3.111111111111111,1,United Kingdom
15341.0,Hibernating,81,1,732.96,8,0.0,1,United Kingdom
15342.0,Hibernating,130,1,391.14,23,0.0,1,United Kingdom
15343.0,Lost / Low Value,87,1,153.7,11,0.0,1,United Kingdom
15344.0,Occasional / At Risk,32,2,187.79000000000002,12,3.8181818181818183,1,United Kingdom
15345.0,Hibernating,46,1,230.39000000000001,13,0.0,1,United Kingdom
15346.0,Hibernating,333,1,252.42000000000002,17,0.0,1,United Kingdom
15347.0,Lost / Low Value,366,1,81.60000000000001,4,0.0,1,United Kingdom
15348.0,Lost / Low Value,72,1,158.04,9,0.0,1,United Kingdom
15349.0,Hibernating,158,2,357.46,58,0.46774193548387094,1,United Kingdom
15350.0,Lost / Low Value,373,1,115.65,5,0.0,1,United Kingdom
15351.0,Champions (VIP),12,7,1632.8600000000001,145,1.7761194029850746,1,United Kingdom
15353.0,Hibernating,255,2,548.27,53,2.1320754716981134,1,United Kingdom
15355.0,Occasional / At Risk,29,2,189.3,7,2.4,1,United Kingdom
15356.0,Champions (VIP),31,10,2680.48,212,0.6821862348178138,1,United Kingdom
15358.0,Champions (VIP),5,22,7616.46,277,0.6942307692307692,1,United Kingdom
15360.0,Hibernating,40,1,427.93,13,0.0,1,United Kingdom
15361.0,Lost / Low Value,362,1,139.8,5,0.0,1,United Kingdom
15363.0,Hibernating,373,1,310.1,15,0.0,1,United Kingdom
15364.0,Occasional / At Risk,96,2,675.59,28,5.888888888888889,1,United Kingdom
15365.0,Loyal Customers,26,7,2115.7200000000003,59,2.8155339805825244,1,United Kingdom
15366.0,Occasional / At Risk,75,2,529.94,32,7.447368421052632,1,United Kingdom
15367.0,Loyal Customers,57,4,1690.8500000000001,83,2.5647058823529414,1,United Kingdom
15370.0,Loyal Customers,71,5,1495.2,61,3.3037974683544302,1,United Kingdom
15373.0,Champions (VIP),8,10,1400.01,60,3.6666666666666665,1,United Kingdom
15374.0,Lost / Low Value,129,1,25.200000000000003,1,0.0,1,United Kingdom
15376.0,Loyal Customers,40,3,1081.01,95,1.7009345794392523,1,United Kingdom
15379.0,Loyal Customers,169,7,3192.81,130,1.08,1,United Kingdom
15380.0,Occasional / At Risk,9,4,268.54,12,10.23076923076923,1,United Kingdom
15381.0,Lost / Low Value,268,1,143.1,5,0.0,1,United Kingdom
15382.0,Champions (VIP),15,6,5136.82,176,1.03690036900369,1,United Kingdom
15384.0,Occasional / At Risk,170,2,591.91,32,5.0,1,United Kingdom
15385.0,Lost / Low Value,40,1,142.46,10,0.0,1,United Kingdom
15386.0,Hibernating,186,1,370.74,30,0.0,1,United Kingdom
15388.0,Lost / Low Value,270,1,140.54,10,0.0,0,Canada
15392.0,Loyal Customers,5,4,1374.49,68,4.684210526315789,1,United Kingdom
15393.0,Occasional / At Risk,16,2,231.86,10,24.09090909090909,1,United Kingdom
15394.0,Loyal Customers,10,4,1743.69,47,4.780821917808219,1,United Kingdom
15395.0,Lost / Low Value,326,1,74.55000000000001,5,0.0,1,United Kingdom
15396.0,Hibernating,113,1,204.28,12,0.0,1,United Kingdom
15397.0,Lost / Low Value,290,1,94.0,6,0.0,1,United Kingdom
15398.0,Loyal Customers,16,2,1283.63,57,0.8985507246376812,1,United Kingdom
15399.0,Loyal Customers,1,3,768.97,43,1.6595744680851063,1,United Kingdom
15400.0,Occasional / At Risk,128,3,208.6,5,37.5,1,United Kingdom
15402.0,Hibernating,149,2,396.39,28,1.5,1,United Kingdom
15405.0,Lost / Low Value,189,1,128.84,5,0.0,1,United Kingdom
15406.0,Occasional / At Risk,31,2,331.79,41,6.585365853658536,1,United Kingdom
15407.0,Loyal Customers,34,4,652.74,129,2.045112781954887,1,United Kingdom
15408.0,Hibernating,264,1,121.98,24,0.0,1,United Kingdom
15410.0,Loyal Customers,84,8,2612.19,41,1.6857142857142857,1,United Kingdom
15411.0,Loyal Customers,26,4,1022.2,69,2.0259740259740258,1,United Kingdom
15412.0,Lost / Low Value,171,1,49.79,7,0.0,1,United Kingdom
15414.0,Loyal Customers,10,3,675.45,32,7.28125,1,United Kingdom
15415.0,Hibernating,313,1,465.09000000000003,41,0.0,1,United Kingdom
15416.0,Loyal Customers,65,4,2990.0,145,1.329268292682927,1,United Kingdom
15417.0,Hibernating,85,1,508.8,28,0.0,1,United Kingdom
15419.0,Lost / Low Value,25,1,84.74,6,0.0,1,United Kingdom
15421.0,Loyal Customers,59,4,856.94,37,5.25,1,United Kingdom
15422.0,Lost / Low Value,323,2,97.7,6,0.0,1,United Kingdom
15423.0,Lost / Low Value,38,1,7.5,1,0.0,1,United Kingdom
15424.0,Hibernating,254,2,304.14,15,0.0,1,United Kingdom
15426.0,Loyal Customers,19,5,1196.07,206,1.3618677042801557,1,United Kingdom
15427.0,Loyal Customers,33,3,1254.35,223,0.05017921146953405,1,United Kingdom
15428.0,Lost / Low Value,15,1,75.06,5,0.0,1,United Kingdom
15429.0,Loyal Customers,27,2,321.68,72,0.6447368421052632,1,United Kingdom
15432.0,Hibernating,23,1,171.19,10,0.0,1,United Kingdom
15433.0,Hibernating,214,2,533.3,40,1.35,1,United Kingdom
15434.0,Loyal Customers,8,5,833.86,35,3.9183673469387754,1,United Kingdom
15435.0,Hibernating,22,1,109.94,25,0.0,1,United Kingdom
15436.0,Loyal Customers,12,3,911.15,231,0.8072727272727273,1,United Kingdom
15437.0,Hibernating,262,1,183.71,42,0.0,1,United Kingdom
15438.0,Hibernating,131,1,137.13,23,0.0,1,United Kingdom
15440.0,Loyal Customers,55,3,307.18,49,2.6551724137931036,1,United Kingdom
15443.0,Champions (VIP),2,7,2677.03,208,0.9494047619047619,1,United Kingdom
15444.0,Loyal Customers,9,2,1253.81,178,0.155,1,United Kingdom
15445.0,Lost / Low Value,264,1,68.1,3,0.0,1,United Kingdom
15447.0,Lost / Low Value,331,1,129.67,8,0.0,1,United Kingdom
15448.0,Hibernating,313,1,405.04,24,0.0,1,United Kingdom
15449.0,Loyal Customers,26,3,903.26,46,4.196428571428571,1,United Kingdom
15450.0,Hibernating,30,1,388.94,28,0.0,1,United Kingdom
15452.0,Loyal Customers,30,3,492.83,44,4.519230769230769,1,United Kingdom
15453.0,Champions (VIP),2,7,1160.12,158,0.7181467181467182,1,United Kingdom
15454.0,Hibernating,362,1,157.2,22,0.0,1,United Kingdom
15456.0,Hibernating,283,3,356.17,45,1.4339622641509433,1,United Kingdom
15457.0,Hibernating,262,1,217.17,55,0.0,1,United Kingdom
15458.0,Lost / Low Value,25,1,142.92,6,0.0,1,United Kingdom
15460.0,Hibernating,354,1,167.16,48,0.0,1,United Kingdom
15462.0,Occasional / At Risk,94,3,144.6,7,11.625,1,United Kingdom
15463.0,Lost / Low Value,29,1,119.3,6,0.0,1,United Kingdom
15464.0,Hibernating,338,1,713.25,133,0.0,1,United Kingdom
15465.0,Champions (VIP),20,18,1854.59,22,7.0,1,United Kingdom
15466.0,Hibernating,85,1,324.58,55,0.0,1,United Kingdom
15467.0,Loyal Customers,9,3,499.93,40,2.86,1,United Kingdom
15468.0,Hibernating,51,1,377.91,19,0.0,1,United Kingdom
15469.0,Occasional / At Risk,50,2,282.1,16,4.666666666666667,1,United Kingdom
15471.0,Loyal Customers,2,1,356.13,64,0.0,1,United Kingdom
15472.0,Hibernating,113,1,335.15999999999997,72,0.0,1,United Kingdom
15475.0,Hibernating,77,1,406.31,28,0.0,1,United Kingdom
15478.0,Hibernating,40,2,862.19,26,0.48484848484848486,1,United Kingdom
15480.0,Hibernating,116,1,579.25,37,0.0,0,Malta
15482.0,Loyal Customers,16,9,2176.88,19,10.71875,1,United Kingdom
15483.0,Hibernating,161,4,192.76,71,1.3291139240506329,1,United Kingdom
15484.0,Champions (VIP),1,4,2513.27,116,0.4967741935483871,1,United Kingdom
15485.0,Loyal Customers,30,3,1388.46,46,5.532258064516129,1,United Kingdom
15489.0,Loyal Customers,23,3,746.39,39,4.846153846153846,1,United Kingdom
15491.0,Loyal Customers,95,6,2358.59,86,1.1475409836065573,1,United Kingdom
15492.0,Loyal Customers,28,2,504.73999999999995,26,1.6428571428571428,1,United Kingdom
15493.0,Loyal Customers,33,5,1216.8600000000001,141,1.0530973451327434,1,United Kingdom
15494.0,Loyal Customers,21,2,1040.08,105,0.9523809523809523,1,United Kingdom
15497.0,Occasional / At Risk,18,2,498.0,8,37.75,1,United Kingdom
15498.0,Champions (VIP),3,26,11199.47,324,0.8035320088300221,1,United Kingdom
15500.0,Loyal Customers,8,4,837.13,52,1.4038461538461537,1,United Kingdom
15502.0,Champions (VIP),16,9,3505.42,125,2.2125,1,United Kingdom
15503.0,Hibernating,363,1,122.59,64,0.0,1,United Kingdom
15504.0,Lost / Low Value,81,1,52.83,13,0.0,1,United Kingdom
15505.0,Loyal Customers,53,5,1903.86,68,1.5147058823529411,1,United Kingdom
15506.0,Loyal Customers,23,3,738.21,111,0.7785234899328859,1,United Kingdom
15507.0,Hibernating,172,1,296.76,33,0.0,1,United Kingdom
15508.0,Loyal Customers,189,6,771.13,70,0.5679012345679012,1,United Kingdom
15511.0,Loyal Customers,12,5,530.93,98,0.578125,1,United Kingdom
15512.0,Occasional / At Risk,156,2,121.0,7,34.0,1,United Kingdom
15513.0,Champions (VIP),33,17,8215.22,143,1.3949579831932772,1,United Kingdom
15514.0,Champions (VIP),12,10,2024.0,89,2.3783783783783785,1,United Kingdom
15516.0,Lost / Low Value,45,3,53.93,14,0.15384615384615385,1,United Kingdom
15517.0,Hibernating,233,1,246.72,25,0.0,1,United Kingdom
15518.0,Loyal Customers,64,7,1700.88,123,1.3743589743589744,1,United Kingdom
15520.0,Hibernating,2,1,320.7,17,0.0,1,United Kingdom
15521.0,Loyal Customers,40,7,1946.36,104,1.312883435582822,1,United Kingdom
15522.0,Hibernating,33,2,326.65,47,1.0377358490566038,1,United Kingdom
15523.0,Lost / Low Value,84,1,88.51,7,0.0,1,United Kingdom
15525.0,Loyal Customers,2,3,565.97,122,2.612676056338028,1,United Kingdom
15526.0,Lost / Low Value,33,1,9.14,2,0.0,1,United Kingdom
15527.0,Champions (VIP),19,8,1481.39,113,2.4525547445255476,1,United Kingdom
15528.0,Hibernating,254,1,153.43,23,0.0,1,United Kingdom
15529.0,Champions (VIP),23,11,3616.38,407,0.5333333333333333,1,United Kingdom
15530.0,Loyal Customers,22,4,1067.92,75,2.5568181818181817,1,United Kingdom
15531.0,Loyal Customers,8,2,1677.6000000000001,179,0.11055276381909548,1,United Kingdom
15532.0,Loyal Customers,25,4,1081.49,177,1.5560747663551402,1,United Kingdom
15533.0,Loyal Customers,19,3,504.42,59,1.044776119402985,1,United Kingdom
15535.0,Loyal Customers,173,4,251.8,38,3.142857142857143,1,United Kingdom
15537.0,Hibernating,163,1,86.02,22,0.0,1,United Kingdom
15539.0,Hibernating,7,1,478.46,40,0.0,1,United Kingdom
15540.0,Hibernating,11,1,185.22,14,0.0,1,United Kingdom
15541.0,Hibernating,114,1,85.13000000000001,29,0.0,1,United Kingdom
15543.0,Hibernating,288,1,117.91,25,0.0,1,United Kingdom
15544.0,Champions (VIP),9,9,3479.21,121,1.423529411764706,1,United Kingdom
15545.0,Loyal Customers,54,2,229.37,72,4.402777777777778,1,United Kingdom
15547.0,Champions (VIP),7,13,3895.23,409,0.5538221528861155,1,United Kingdom
15549.0,Loyal Customers,77,3,1180.26,90,2.438775510204082,1,United Kingdom
15550.0,Loyal Customers,4,4,474.38,39,5.5,1,United Kingdom
15551.0,Hibernating,37,1,270.87,20,0.0,1,United Kingdom
15552.0,Lost / Low Value,217,1,90.12,17,0.0,1,United Kingdom
15553.0,Hibernating,60,1,382.63,48,0.0,1,United Kingdom
15554.0,Lost / Low Value,278,1,130.4,9,0.0,1,United Kingdom
15555.0,Champions (VIP),12,16,4014.34,385,0.42,1,United Kingdom
15556.0,Hibernating,24,1,201.37,28,0.0,1,United Kingdom
15557.0,Hibernating,29,1,276.26,13,0.0,1,United Kingdom
15561.0,Occasional / At Risk,12,4,520.19,22,9.714285714285714,1,United Kingdom
15563.0,Loyal Customers,22,3,1120.83,80,3.4285714285714284,1,United Kingdom
15565.0,Occasional / At Risk,50,2,123.66000000000001,5,5.0,1,United Kingdom
15567.0,Lost / Low Value,19,1,59.7,3,0.0,1,United Kingdom
15568.0,Loyal Customers,3,3,724.39,26,1.392156862745098,1,United Kingdom
15569.0,Occasional / At Risk,132,2,59.160000000000004,19,11.166666666666666,1,United Kingdom
15570.0,Champions (VIP),7,12,3204.18,188,1.4031007751937985,1,United Kingdom
15571.0,Loyal Customers,12,4,558.05,43,1.3137254901960784,1,United Kingdom
15572.0,Champions (VIP),5,7,1745.99,149,1.4421052631578948,1,United Kingdom
15573.0,Loyal Customers,32,2,414.3,79,0.6352941176470588,1,United Kingdom
15574.0,Loyal Customers,178,4,438.65000000000003,120,1.4130434782608696,1,United Kingdom
15576.0,Hibernating,38,1,576.33,35,0.0,1,United Kingdom
15577.0,Occasional / At Risk,151,3,209.53,34,4.666666666666667,1,United Kingdom
15578.0,Lost / Low Value,162,1,119.15,12,0.0,1,United Kingdom
15579.0,Occasional / At Risk,69,2,209.85,35,6.805555555555555,1,United Kingdom
15581.0,Loyal Customers,156,10,603.9300000000001,125,1.5671641791044777,1,United Kingdom
15582.0,Loyal Customers,25,3,663.01,38,4.666666666666667,1,United Kingdom
15584.0,Loyal Customers,24,4,567.46,80,1.2522522522522523,1,United Kingdom
15585.0,Hibernating,177,1,439.4,30,0.0,1,United Kingdom
15587.0,Occasional / At Risk,50,3,305.28,3,75.25,1,United Kingdom
15589.0,Hibernating,256,3,413.73,24,2.2916666666666665,1,United Kingdom
15592.0,Hibernating,47,1,314.66,22,0.0,1,United Kingdom
15593.0,Lost / Low Value,71,1,199.8,5,0.0,1,United Kingdom
15594.0,Loyal Customers,16,5,1648.5,78,2.3297872340425534,1,United Kingdom
15596.0,Loyal Customers,101,5,1109.14,45,4.2063492063492065,1,United Kingdom
15597.0,Hibernating,35,1,324.57,22,0.0,1,United Kingdom
15598.0,Hibernating,53,1,223.68,13,0.0,1,United Kingdom
15599.0,Loyal Customers,27,2,653.6899999999999,45,3.869565217391304,1,United Kingdom
15601.0,Champions (VIP),11,14,5198.57,182,1.0494186046511629,1,United Kingdom
15602.0,Occasional / At Risk,8,7,619.7,21,13.846153846153847,1,United Kingdom
15604.0,Hibernating,52,1,216.39,17,0.0,1,United Kingdom
15605.0,Loyal Customers,36,5,944.5300000000001,49,6.480769230769231,1,United Kingdom
15606.0,Loyal Customers,61,9,2570.92,45,3.704225352112676,1,United Kingdom
15607.0,Lost / Low Value,337,1,87.76,12,0.0,1,United Kingdom
15608.0,Loyal Customers,60,3,800.16,48,1.2765957446808511,1,United Kingdom
15609.0,Hibernating,184,1,268.78000000000003,14,0.0,1,United Kingdom
15610.0,Lost / Low Value,52,1,112.46000000000001,6,0.0,1,United Kingdom
15611.0,Occasional / At Risk,10,10,676.71,16,13.0,1,United Kingdom
15612.0,Occasional / At Risk,36,2,180.15,3,6.25,1,United Kingdom
15615.0,Champions (VIP),10,22,8027.4800000000005,163,0.935656836461126,1,United Kingdom
15618.0,Loyal Customers,33,4,739.9499999999999,36,2.5365853658536586,1,United Kingdom
15619.0,Lost / Low Value,11,1,99.60000000000001,1,0.0,1,United Kingdom
15620.0,Loyal Customers,57,3,1207.95,75,3.8227848101265822,1,United Kingdom
15621.0,Loyal Customers,4,3,202.01000000000002,9,0.875,1,United Kingdom
15622.0,Champions (VIP),43,9,3050.79,141,1.551948051948052,1,United Kingdom
15623.0,Hibernating,141,1,229.43,15,0.0,1,United Kingdom
15624.0,Occasional / At Risk,117,4,511.5,21,5.0,1,United Kingdom
15625.0,Loyal Customers,104,4,1161.42,41,2.4,1,United Kingdom
15626.0,Occasional / At Risk,75,2,562.56,43,6.071428571428571,1,United Kingdom
15628.0,Champions (VIP),5,9,2584.34,79,2.5314685314685317,1,United Kingdom
15630.0,Loyal Customers,45,2,977.75,51,3.0576923076923075,1,United Kingdom
15632.0,Champions (VIP),16,8,2874.85,96,1.773972602739726,1,United Kingdom
15634.0,Hibernating,17,1,227.65,14,0.0,1,United Kingdom
15636.0,Occasional / At Risk,90,2,589.5600000000001,18,9.19047619047619,1,United Kingdom
15637.0,Hibernating,53,1,223.36,15,0.0,1,United Kingdom
15639.0,Hibernating,134,1,178.02,17,0.0,1,United Kingdom
15640.0,Champions (VIP),4,14,7973.33,210,0.9019607843137255,1,United Kingdom
15641.0,Loyal Customers,105,4,1749.32,95,2.309090909090909,1,United Kingdom
15643.0,Occasional / At Risk,192,3,433.95000000000005,22,4.333333333333333,1,United Kingdom
15644.0,Loyal Customers,166,4,732.09,164,0.4185022026431718,1,United Kingdom
15645.0,Hibernating,19,1,481.09000000000003,45,0.0,1,United Kingdom
15646.0,Occasional / At Risk,158,3,364.57000000000005,29,7.678571428571429,1,United Kingdom
15648.0,Occasional / At Risk,204,2,465.20000000000005,18,3.5,1,United Kingdom
15651.0,Occasional / At Risk,37,3,491.65999999999997,25,8.0,1,United Kingdom
15652.0,Hibernating,91,1,293.09000000000003,17,0.0,1,United Kingdom
15653.0,Lost / Low Value,116,1,48.0,4,0.0,1,United Kingdom
15654.0,Loyal Customers,9,2,380.91,13,1.4166666666666667,1,United Kingdom
15655.0,Hibernating,243,1,465.57,29,0.0,1,United Kingdom
15656.0,Occasional / At Risk,45,4,569.4,35,7.029411764705882,1,United Kingdom
15657.0,Lost / Low Value,23,1,30.0,1,0.0,1,United Kingdom
15658.0,Occasional / At Risk,190,4,583.85,25,6.5,1,United Kingdom
15659.0,Lost / Low Value,44,1,77.85,4,0.0,1,United Kingdom
15660.0,Loyal Customers,25,8,1470.24,50,4.197530864197531,1,United Kingdom
15661.0,Lost / Low Value,317,1,19.8,3,0.0,1,United Kingdom
15663.0,Lost / Low Value,106,1,124.1,8,0.0,1,United Kingdom
15664.0,Hibernating,51,1,311.43,15,0.0,1,United Kingdom
15665.0,Loyal Customers,168,2,1887.45,79,0.7425742574257426,1,United Kingdom
15667.0,Hibernating,40,1,301.32,13,0.0,1,United Kingdom
15669.0,Occasional / At Risk,40,4,437.0,27,8.576923076923077,1,United Kingdom
15670.0,Lost / Low Value,297,1,157.15,11,0.0,1,United Kingdom
15671.0,Loyal Customers,26,6,1179.81,46,4.1525423728813555,1,United Kingdom
15673.0,Loyal Customers,88,4,2054.26,99,1.975206611570248,1,United Kingdom
15674.0,Loyal Customers,73,4,1823.6100000000001,78,1.81,1,United Kingdom
15675.0,Occasional / At Risk,81,3,216.16,12,16.583333333333332,1,United Kingdom
15676.0,Loyal Customers,19,3,2787.22,166,1.5317919075144508,1,United Kingdom
15677.0,Hibernating,49,1,580.93,30,0.0,1,United Kingdom
15678.0,Hibernating,53,1,290.3,11,0.0,1,United Kingdom
15679.0,Loyal Customers,24,4,690.98,90,1.5643564356435644,1,United Kingdom
15680.0,Loyal Customers,9,3,1153.39,57,5.173913043478261,1,United Kingdom
15681.0,Loyal Customers,25,5,1358.16,31,5.0,1,United Kingdom
15683.0,Lost / Low Value,117,1,152.95,9,0.0,1,United Kingdom
15687.0,Champions (VIP),9,9,2344.23,100,2.4393939393939394,1,United Kingdom
15689.0,Occasional / At Risk,120,2,238.8,8,34.57142857142857,1,United Kingdom
15690.0,Occasional / At Risk,4,2,201.48,16,6.4,1,United Kingdom
15692.0,Hibernating,28,1,191.04,12,0.0,1,United Kingdom
15694.0,Champions (VIP),8,11,2436.7599999999998,36,7.137254901960785,1,United Kingdom
15695.0,Hibernating,267,2,357.81,20,0.0,1,United Kingdom
15696.0,Champions (VIP),33,8,2235.91,123,2.0206896551724136,1,United Kingdom
15699.0,Hibernating,18,1,201.0,13,0.0,1,United Kingdom
15700.0,Hibernating,172,2,551.43,78,0.01282051282051282,1,United Kingdom
15701.0,Champions (VIP),2,4,1175.66,173,0.5320197044334976,1,United Kingdom
15703.0,Lost / Low Value,265,1,211.5,5,0.0,1,United Kingdom
15704.0,Loyal Customers,140,4,1778.3700000000001,66,0.7894736842105263,1,United Kingdom
15705.0,Lost / Low Value,201,1,19.5,1,0.0,1,United Kingdom
15706.0,Loyal Customers,65,3,714.16,38,1.3333333333333333,1,United Kingdom
15707.0,Loyal Customers,35,4,793.76,117,0.265625,1,United Kingdom
15708.0,Loyal Customers,41,7,2667.2200000000003,105,1.449339207048458,1,United Kingdom
15709.0,Lost / Low Value,284,1,69.65,4,0.0,1,United Kingdom
15712.0,Loyal Customers,9,5,842.9,34,6.465116279069767,1,United Kingdom
15713.0,Occasional / At Risk,143,2,266.6,13,17.153846153846153,1,United Kingdom
15714.0,Loyal Customers,12,2,254.53,29,2.357142857142857,1,United Kingdom
15716.0,Loyal Customers,146,4,824.64,95,2.036363636363636,1,United Kingdom
15717.0,Lost / Low Value,234,1,150.3,7,0.0,1,United Kingdom
15719.0,Champions (VIP),33,13,4629.97,283,0.341545352743561,1,United Kingdom
15720.0,Hibernating,24,1,423.03000000000003,118,0.0,1,United Kingdom
15721.0,Hibernating,12,1,458.90000000000003,78,0.0,1,United Kingdom
15722.0,Loyal Customers,36,4,847.4200000000001,33,5.425531914893617,1,United Kingdom
15723.0,Hibernating,365,1,137.0,35,0.0,1,United Kingdom
15724.0,Occasional / At Risk,201,2,218.25,11,8.3,1,United Kingdom
15725.0,Hibernating,15,1,382.25,31,0.0,1,United Kingdom
15727.0,Champions (VIP),17,7,3889.91,191,1.2798507462686568,1,United Kingdom
15729.0,Lost / Low Value,213,1,85.0,5,0.0,1,United Kingdom
15730.0,Loyal Customers,66,3,943.91,60,2.35,1,United Kingdom
15732.0,Occasional / At Risk,212,2,280.2,12,13.333333333333334,1,United Kingdom
15733.0,Lost / Low Value,283,1,112.4,7,0.0,1,United Kingdom
15734.0,Occasional / At Risk,115,2,376.35,15,6.142857142857143,1,United Kingdom
15737.0,Loyal Customers,15,7,948.85,50,4.0,1,United Kingdom
15738.0,Champions (VIP),19,16,3804.94,45,2.4246575342465753,1,United Kingdom
15739.0,Lost / Low Value,66,1,77.6,3,0.0,1,United Kingdom
15740.0,Lost / Low Value,49,1,126.80000000000001,8,0.0,1,United Kingdom
15743.0,Loyal Customers,16,4,565.76,47,2.5074626865671643,1,United Kingdom
15744.0,Lost / Low Value,78,1,6.959999999999999,1,0.0,1,United Kingdom
15745.0,Loyal Customers,19,4,928.5400000000001,49,4.173076923076923,1,United Kingdom
15746.0,Hibernating,134,1,182.96,27,0.0,1,United Kingdom
15747.0,Loyal Customers,13,3,631.09,47,1.9753086419753085,1,United Kingdom
15748.0,Hibernating,40,1,134.41,18,0.0,1,United Kingdom
15750.0,Champions (VIP),3,8,2171.15,200,1.3431734317343174,1,United Kingdom
15752.0,Champions (VIP),40,7,2594.4700000000003,235,0.830423940149626,1,United Kingdom
15754.0,Occasional / At Risk,51,3,458.57,24,7.222222222222222,1,United Kingdom
15755.0,Champions (VIP),10,6,2059.84,111,2.347107438016529,1,United Kingdom
15756.0,Loyal Customers,61,4,454.41,153,1.032967032967033,1,United Kingdom
15757.0,Loyal Customers,66,2,672.88,40,3.707317073170732,1,United Kingdom
15758.0,Hibernating,25,1,205.25,9,0.0,1,United Kingdom
15759.0,Occasional / At Risk,297,2,77.24000000000001,4,20.666666666666668,1,United Kingdom
15762.0,Hibernating,65,2,482.95000000000005,31,0.4,1,United Kingdom
15763.0,Loyal Customers,32,2,602.87,36,1.2432432432432432,1,United Kingdom
15764.0,Loyal Customers,88,6,2602.27,134,1.197452229299363,1,United Kingdom
15766.0,Hibernating,64,1,273.65999999999997,9,0.0,1,United Kingdom
15768.0,Occasional / At Risk,116,3,331.03,20,5.0,1,United Kingdom
15769.0,Lost / Low Value,235,1,122.03999999999999,2,0.0,1,United Kingdom
15773.0,Lost / Low Value,6,1,128.8,8,0.0,1,United Kingdom
15774.0,Hibernating,69,1,189.75,20,0.0,1,United Kingdom
15775.0,Lost / Low Value,245,1,87.9,6,0.0,1,United Kingdom
15776.0,Hibernating,133,1,164.13,13,0.0,1,United Kingdom
15777.0,Occasional / At Risk,241,3,309.21000000000004,12,10.0,1,United Kingdom
15780.0,Occasional / At Risk,184,3,402.08,22,7.565217391304348,1,United Kingdom
15781.0,Occasional / At Risk,25,3,254.91,15,20.0,1,United Kingdom
15782.0,Loyal Customers,10,3,1351.38,20,3.4782608695652173,1,United Kingdom
15783.0,Hibernating,11,1,165.62,10,0.0,1,United Kingdom
15785.0,Loyal Customers,33,5,1115.67,45,4.174603174603175,1,United Kingdom
15786.0,Loyal Customers,46,3,4164.45,232,0.2833333333333333,1,United Kingdom
15787.0,Loyal Customers,26,3,752.56,145,0.18716577540106952,1,United Kingdom
15789.0,Hibernating,358,1,297.65999999999997,22,0.0,1,United Kingdom
15790.0,Hibernating,10,1,143.43,28,0.0,1,United Kingdom
15791.0,Loyal Customers,44,2,1297.17,58,2.515625,1,United Kingdom
15793.0,Occasional / At Risk,15,2,133.92000000000002,3,12.5,1,United Kingdom
15795.0,Hibernating,150,1,495.52,35,0.0,1,United Kingdom
15796.0,Champions (VIP),1,8,2046.21,60,2.7117117117117115,1,United Kingdom
15799.0,Loyal Customers,76,3,715.04,84,3.011627906976744,1,United Kingdom
15800.0,Loyal Customers,107,2,588.69,108,1.287037037037037,1,United Kingdom
15801.0,Loyal Customers,46,3,997.85,57,1.0677966101694916,1,United Kingdom
15803.0,Lost / Low Value,51,1,154.86,5,0.0,1,United Kingdom
15804.0,Champions (VIP),1,13,3350.18,144,0.8839285714285714,1,United Kingdom
15805.0,Champions (VIP),23,16,4665.85,196,1.2771535580524345,1,United Kingdom
15806.0,Occasional / At Risk,46,3,671.22,22,8.846153846153847,1,United Kingdom
15807.0,Loyal Customers,50,2,798.1,45,0.6136363636363636,1,United Kingdom
15808.0,Loyal Customers,306,4,2909.07,123,0.38414634146341464,1,United Kingdom
15809.0,Occasional / At Risk,36,4,321.4,22,12.090909090909092,1,United Kingdom
15810.0,Loyal Customers,79,4,1307.23,62,2.6265060240963853,1,United Kingdom
15811.0,Loyal Customers,22,6,1910.63,106,2.906779661016949,1,United Kingdom
15812.0,Occasional / At Risk,107,4,506.38000000000005,24,8.4,1,United Kingdom
15813.0,Hibernating,208,2,728.86,30,1.103448275862069,1,United Kingdom
15814.0,Loyal Customers,17,4,994.09,46,0.6538461538461539,1,United Kingdom
15815.0,Occasional / At Risk,64,3,522.48,15,10.88888888888889,1,United Kingdom
15819.0,Loyal Customers,49,4,1728.57,89,1.9912280701754386,1,United Kingdom
15820.0,Lost / Low Value,320,1,116.97999999999999,16,0.0,1,United Kingdom
15821.0,Hibernating,44,2,396.86,48,0.3333333333333333,1,United Kingdom
15822.0,Occasional / At Risk,3,2,627.02,22,13.692307692307692,1,United Kingdom
15825.0,Hibernating,172,1,199.44,17,0.0,1,United Kingdom
15826.0,Loyal Customers,56,3,1331.97,55,2.6551724137931036,1,United Kingdom
15827.0,Loyal Customers,73,14,1463.24,59,3.397727272727273,1,United Kingdom
15829.0,Hibernating,99,2,517.8199999999999,36,1.025,1,United Kingdom
15830.0,Hibernating,38,1,459.5,33,0.0,1,United Kingdom
15831.0,Loyal Customers,58,3,392.02,48,5.32,1,United Kingdom
15832.0,Hibernating,254,1,821.49,53,0.0,1,United Kingdom
15834.0,Loyal Customers,70,3,1478.98,215,0.8697478991596639,1,United Kingdom
15835.0,Loyal Customers,44,4,802.09,43,6.355555555555555,1,United Kingdom
15836.0,Lost / Low Value,50,1,49.97,4,0.0,1,United Kingdom
15837.0,Hibernating,65,1,300.23,18,0.0,1,United Kingdom
15838.0,Occasional / At Risk,25,5,717.84,7,27.666666666666668,1,United Kingdom
15839.0,Loyal Customers,33,3,1022.21,54,1.9491525423728813,1,United Kingdom
15840.0,Occasional / At Risk,59,2,317.8,23,4.956521739130435,1,United Kingdom
15841.0,Occasional / At Risk,73,4,735.0,26,7.388888888888889,1,United Kingdom
15843.0,Lost / Low Value,304,1,80.70000000000002,5,0.0,1,United Kingdom
15844.0,Lost / Low Value,46,1,108.83999999999999,10,0.0,1,United Kingdom
15845.0,Champions (VIP),18,8,2953.07,87,2.711864406779661,1,United Kingdom
15847.0,Occasional / At Risk,38,2,278.04,18,14.705882352941176,1,United Kingdom
15850.0,Loyal Customers,19,2,202.97,84,1.6741573033707866,1,United Kingdom
15852.0,Hibernating,187,2,109.71000000000001,19,0.6111111111111112,1,United Kingdom
15853.0,Hibernating,52,1,110.8,29,0.0,1,United Kingdom
15854.0,Champions (VIP),4,11,1986.7300000000002,99,2.811023622047244,1,United Kingdom
15855.0,Loyal Customers,137,5,712.24,59,1.6075949367088607,1,United Kingdom
15856.0,Champions (VIP),4,25,9401.32,266,0.671003717472119,1,United Kingdom
15857.0,Hibernating,19,1,174.6,12,0.0,1,United Kingdom
15858.0,Loyal Customers,16,5,1175.8,134,2.0584795321637426,1,United Kingdom
15860.0,Loyal Customers,41,8,754.76,94,2.624,1,United Kingdom
15861.0,Champions (VIP),12,7,2751.17,325,0.4875717017208413,1,United Kingdom
15862.0,Loyal Customers,8,4,657.29,129,2.744360902255639,1,United Kingdom
15863.0,Occasional / At Risk,26,2,42.44,15,11.928571428571429,1,United Kingdom
15864.0,Occasional / At Risk,67,3,334.8,8,31.25,1,United Kingdom
15865.0,Occasional / At Risk,41,3,460.18,24,7.521739130434782,1,United Kingdom
15866.0,Hibernating,101,1,161.49,39,0.0,1,United Kingdom
15867.0,Champions (VIP),5,15,2246.76,268,0.9918256130790191,1,United Kingdom
15869.0,Lost / Low Value,277,2,119.4,12,0.0,1,United Kingdom
15870.0,Hibernating,33,1,334.69,66,0.0,1,United Kingdom
15872.0,Hibernating,15,2,268.2,98,0.0,1,United Kingdom
15874.0,Loyal Customers,64,7,1584.3500000000001,74,2.728395061728395,1,United Kingdom
15877.0,Loyal Customers,2,2,376.18,118,0.13333333333333333,1,United Kingdom
15880.0,Hibernating,369,1,292.18,93,0.0,1,United Kingdom
15881.0,Hibernating,312,4,216.19,21,2.3636363636363638,1,United Kingdom
15882.0,Occasional / At Risk,199,4,423.48,20,8.947368421052632,1,United Kingdom
15883.0,Loyal Customers,2,2,348.28,40,0.6888888888888889,1,United Kingdom
15885.0,Hibernating,93,1,258.55,13,0.0,1,United Kingdom
15886.0,Lost / Low Value,60,1,104.5,9,0.0,1,United Kingdom
15888.0,Lost / Low Value,81,1,86.14,9,0.0,1,United Kingdom
15889.0,Loyal Customers,157,2,330.27,73,2.7662337662337664,1,United Kingdom
15891.0,Hibernating,227,1,391.77,52,0.0,1,United Kingdom
15894.0,Hibernating,253,2,249.65,33,3.411764705882353,1,United Kingdom
15895.0,Lost / Low Value,150,1,21.85,9,0.0,1,United Kingdom
15897.0,Lost / Low Value,194,2,90.53,16,0.0,1,United Kingdom
15898.0,Loyal Customers,1,5,683.53,62,5.397058823529412,1,United Kingdom
15899.0,Lost / Low Value,369,1,43.5,3,0.0,1,United Kingdom
15900.0,Hibernating,24,1,337.28,44,0.0,1,United Kingdom
15901.0,Loyal Customers,17,3,270.78,93,1.38,1,United Kingdom
15903.0,Loyal Customers,10,7,2050.44,32,5.5,1,United Kingdom
15904.0,Hibernating,8,1,128.23,27,0.0,1,United Kingdom
15906.0,Loyal Customers,20,7,1247.79,103,1.7226277372262773,1,United Kingdom
15907.0,Loyal Customers,4,3,756.47,163,0.9857142857142858,1,United Kingdom
15909.0,Lost / Low Value,174,1,191.94,7,0.0,1,United Kingdom
15910.0,Champions (VIP),1,8,1154.23,209,1.2248062015503876,1,United Kingdom
15912.0,Occasional / At Risk,178,2,254.67000000000002,18,3.235294117647059,1,United Kingdom
15916.0,Loyal Customers,16,7,1076.44,108,2.6923076923076925,1,United Kingdom
15917.0,Lost / Low Value,248,1,60.550000000000004,9,0.0,1,United Kingdom
15918.0,Hibernating,191,2,334.23,33,2.076923076923077,1,United Kingdom
15919.0,Loyal Customers,20,2,483.74,100,2.957627118644068,1,United Kingdom
15920.0,Hibernating,154,3,154.6,51,0.0,1,United Kingdom
15921.0,Hibernating,173,1,151.06,19,0.0,1,United Kingdom
15922.0,Lost / Low Value,373,1,208.10000000000002,7,0.0,1,United Kingdom
15923.0,Lost / Low Value,373,1,78.3,17,0.0,1,United Kingdom
15925.0,Lost / Low Value,194,1,168.9,11,0.0,1,United Kingdom
15930.0,Hibernating,67,1,393.63,19,0.0,1,United Kingdom
15932.0,Champions (VIP),4,8,1591.41,82,3.097826086956522,1,United Kingdom
15933.0,Loyal Customers,21,3,1035.05,59,0.9420289855072463,1,United Kingdom
15935.0,Lost / Low Value,239,1,91.04,10,0.0,1,United Kingdom
15937.0,Lost / Low Value,64,1,145.35,7,0.0,1,United Kingdom
15938.0,Occasional / At Risk,112,5,297.58,12,15.071428571428571,1,United Kingdom
15939.0,Occasional / At Risk,90,11,834.16,16,7.806451612903226,1,United Kingdom
15942.0,Hibernating,134,1,255.54,11,0.0,1,United Kingdom
15944.0,Lost / Low Value,277,1,149.9,5,0.0,1,United Kingdom
15945.0,Lost / Low Value,365,1,13.6,1,0.0,1,United Kingdom
15947.0,Hibernating,83,1,349.64,10,0.0,1,United Kingdom
15948.0,Loyal Customers,8,2,931.84,50,0.603448275862069,1,United Kingdom
15949.0,Occasional / At Risk,17,2,349.6,12,3.235294117647059,1,United Kingdom
15950.0,Loyal Customers,32,4,1586.91,78,3.7701149425287355,1,United Kingdom
15951.0,Occasional / At Risk,9,2,583.27,30,8.147058823529411,1,United Kingdom
15952.0,Loyal Customers,34,4,670.0400000000001,58,2.56,1,United Kingdom
15953.0,Loyal Customers,15,8,955.93,54,4.37037037037037,1,United Kingdom
15955.0,Champions (VIP),24,14,3714.51,124,2.0714285714285716,1,United Kingdom
15957.0,Hibernating,32,1,399.04,38,0.0,1,United Kingdom
15958.0,Lost / Low Value,74,1,87.85,5,0.0,1,United Kingdom
15963.0,Loyal Customers,20,2,434.36,24,1.04,1,United Kingdom
15965.0,Loyal Customers,17,4,752.0,83,3.3333333333333335,1,United Kingdom
15967.0,Loyal Customers,23,2,352.28,68,3.9864864864864864,1,United Kingdom
15969.0,Occasional / At Risk,3,3,272.7,11,18.3,1,United Kingdom
15970.0,Hibernating,304,1,314.1,11,0.0,1,United Kingdom
15971.0,Occasional / At Risk,53,7,268.1,6,21.8,1,United Kingdom
15973.0,Lost / Low Value,367,1,34.4,2,0.0,1,United Kingdom
15974.0,Champions (VIP),39,7,2880.81,127,1.585987261146497,1,United Kingdom
15975.0,Hibernating,84,1,371.01,24,0.0,1,United Kingdom
15976.0,Hibernating,165,2,375.78000000000003,77,0.6179775280898876,1,United Kingdom
15977.0,Loyal Customers,17,2,633.32,36,0.4583333333333333,1,United Kingdom
15978.0,Hibernating,77,1,942.58,44,0.0,1,United Kingdom
15980.0,Loyal Customers,89,3,1250.0,29,5.928571428571429,1,United Kingdom
15981.0,Loyal Customers,25,8,2328.48,47,3.4578313253012047,1,United Kingdom
15983.0,Loyal Customers,22,4,1119.91,78,3.4411764705882355,1,United Kingdom
15984.0,Champions (VIP),3,9,1815.66,203,1.5313807531380754,1,United Kingdom
15985.0,Occasional / At Risk,123,2,569.1800000000001,22,4.52,1,United Kingdom
15986.0,Lost / Low Value,30,1,126.11999999999999,11,0.0,1,United Kingdom
15987.0,Loyal Customers,12,5,506.44,102,3.1228070175438596,1,United Kingdom
15988.0,Hibernating,19,1,112.13,22,0.0,1,United Kingdom
15990.0,Loyal Customers,44,2,604.01,45,5.5227272727272725,1,United Kingdom
15992.0,Lost / Low Value,4,1,27.04,2,0.0,1,United Kingdom
15993.0,Champions (VIP),9,6,2239.98,307,0.07157057654075547,1,United Kingdom
15994.0,Hibernating,55,1,342.37,28,0.0,1,United Kingdom
15996.0,Loyal Customers,88,6,792.23,87,2.574074074074074,1,United Kingdom
15998.0,Champions (VIP),37,5,2464.11,340,0.7196467991169978,1,United Kingdom
16003.0,Loyal Customers,30,5,1628.8700000000001,73,3.5869565217391304,1,United Kingdom
16005.0,Loyal Customers,12,4,470.06,161,1.3796791443850267,1,United Kingdom
16006.0,Lost / Low Value,211,1,101.4,8,0.0,1,United Kingdom
16007.0,Loyal Customers,48,4,1592.6200000000001,216,0.45161290322580644,1,United Kingdom
16008.0,Occasional / At Risk,24,3,428.26,28,6.033333333333333,1,United Kingdom
16009.0,Loyal Customers,22,4,665.1600000000001,59,2.0757575757575757,1,United Kingdom
16010.0,Hibernating,246,3,392.4,62,1.5,1,United Kingdom
16011.0,Champions (VIP),8,16,3224.48,94,1.7635467980295567,1,United Kingdom
16012.0,Loyal Customers,35,3,984.87,79,1.4285714285714286,1,United Kingdom
16013.0,Loyal Customers,8,7,869.9,11,2.8,1,United Kingdom
16014.0,Loyal Customers,38,3,554.58,115,1.9689922480620154,1,United Kingdom
16015.0,Loyal Customers,4,3,566.56,140,0.2658959537572254,1,United Kingdom
16016.0,Champions (VIP),3,8,1246.56,143,1.736842105263158,1,United Kingdom
16017.0,Hibernating,47,1,172.03,24,0.0,1,United Kingdom
16018.0,Occasional / At Risk,39,2,332.46,22,6.130434782608695,1,United Kingdom
16019.0,Champions (VIP),47,9,2397.83,116,2.373134328358209,1,United Kingdom
16020.0,Loyal Customers,17,3,707.01,39,1.1666666666666667,1,United Kingdom
16022.0,Hibernating,260,1,532.28,62,0.0,1,United Kingdom
16023.0,Loyal Customers,46,3,548.86,80,2.4719101123595504,1,United Kingdom
16024.0,Hibernating,12,1,219.11,57,0.0,1,United Kingdom
16025.0,Hibernating,30,1,423.15999999999997,27,0.0,1,United Kingdom
16026.0,Hibernating,43,1,236.09,30,0.0,1,United Kingdom
16027.0,Occasional / At Risk,137,3,64.75,4,27.0,1,United Kingdom
16029.0,Occasional / At Risk,66,16,1324.35,5,18.058823529411764,1,United Kingdom
16030.0,Hibernating,310,1,312.85,26,0.0,1,United Kingdom
16031.0,Loyal Customers,92,2,434.05,82,1.7613636363636365,1,United Kingdom
16033.0,Champions (VIP),6,20,6909.12,484,0.36218905472636814,1,United Kingdom
16034.0,Occasional / At Risk,196,3,407.1,17,6.8,1,United Kingdom
16036.0,Loyal Customers,87,2,607.69,51,3.52,1,United Kingdom
16037.0,Loyal Customers,270,3,675.4200000000001,34,2.5428571428571427,1,United Kingdom
16038.0,Occasional / At Risk,8,3,431.98,22,8.434782608695652,1,United Kingdom
16040.0,Loyal Customers,65,3,1018.86,45,4.142857142857143,1,United Kingdom
16042.0,Loyal Customers,22,5,1095.27,63,4.84375,1,United Kingdom
16043.0,Occasional / At Risk,38,4,598.74,26,9.333333333333334,1,United Kingdom
16045.0,Loyal Customers,120,4,1133.4,62,2.408450704225352,1,United Kingdom
16048.0,Lost / Low Value,373,2,256.44,8,0.0,1,United Kingdom
16049.0,Loyal Customers,40,3,973.99,239,0.12110726643598616,1,United Kingdom
16050.0,Lost / Low Value,174,1,77.48,5,0.0,1,United Kingdom
16052.0,Hibernating,54,1,303.54,31,0.0,1,United Kingdom
16053.0,Loyal Customers,33,2,1075.45,70,1.3043478260869565,1,United Kingdom
16054.0,Hibernating,145,1,608.5600000000001,55,0.0,1,United Kingdom
16055.0,Lost / Low Value,221,1,78.0,5,0.0,1,United Kingdom
16056.0,Hibernating,45,1,485.85,57,0.0,1,United Kingdom
16057.0,Champions (VIP),16,7,1955.47,95,2.576923076923077,1,United Kingdom
16059.0,Loyal Customers,66,6,1303.51,115,1.852760736196319,1,United Kingdom
16062.0,Loyal Customers,10,4,571.52,42,6.69811320754717,1,United Kingdom
16063.0,Hibernating,260,1,335.32,23,0.0,1,United Kingdom
16065.0,Hibernating,365,1,317.84000000000003,69,0.0,1,United Kingdom
16066.0,Loyal Customers,17,5,1085.74,66,1.3333333333333333,1,United Kingdom
16070.0,Loyal Customers,22,2,852.15,32,0.3125,1,United Kingdom
16071.0,Hibernating,45,1,299.29,19,0.0,1,United Kingdom
16072.0,Lost / Low Value,288,1,138.15,7,0.0,1,United Kingdom
16076.0,Champions (VIP),3,9,2002.96,66,1.7521367521367521,1,United Kingdom
16078.0,Lost / Low Value,284,1,79.2,1,0.0,1,United Kingdom
16079.0,Occasional / At Risk,17,3,98.34,7,4.0,1,United Kingdom
16080.0,Occasional / At Risk,82,2,217.16,10,21.444444444444443,1,United Kingdom
16081.0,Loyal Customers,56,5,2321.37,166,1.5196078431372548,1,United Kingdom
16083.0,Occasional / At Risk,101,2,606.14,22,12.380952380952381,1,United Kingdom
16084.0,Hibernating,299,1,397.58,35,0.0,1,United Kingdom
16085.0,Loyal Customers,23,5,852.4,117,1.9161290322580644,1,United Kingdom
16086.0,Occasional / At Risk,59,5,794.0600000000001,20,10.620689655172415,1,United Kingdom
16091.0,Hibernating,155,2,315.06,16,2.588235294117647,1,United Kingdom
16092.0,Loyal Customers,115,3,752.5600000000001,34,2.978723404255319,1,United Kingdom
16093.0,Lost / Low Value,107,1,17.0,1,0.0,1,United Kingdom
16094.0,Loyal Customers,12,4,847.93,41,4.078431372549019,1,United Kingdom
16096.0,Lost / Low Value,264,1,124.62,8,0.0,1,United Kingdom
16097.0,Lost / Low Value,240,1,110.4,6,0.0,1,United Kingdom
16098.0,Loyal Customers,88,7,1107.51,24,5.39622641509434,1,United Kingdom
16099.0,Loyal Customers,50,3,731.9,29,4.605263157894737,1,United Kingdom
16101.0,Hibernating,71,1,1261.7,74,0.0,1,United Kingdom
16102.0,Loyal Customers,42,3,1562.74,38,1.6538461538461537,1,United Kingdom
16103.0,Occasional / At Risk,80,4,644.6,20,6.695652173913044,1,United Kingdom
16104.0,Hibernating,62,1,239.41,26,0.0,1,United Kingdom
16105.0,Lost / Low Value,249,1,165.6,11,0.0,1,United Kingdom
16106.0,Lost / Low Value,66,1,108.38,6,0.0,1,United Kingdom
16107.0,Occasional / At Risk,29,6,577.9000000000001,9,11.071428571428571,1,United Kingdom
16108.0,Hibernating,85,1,811.58,46,0.0,1,United Kingdom
16109.0,Occasional / At Risk,219,2,208.32,11,9.0,1,United Kingdom
16110.0,Loyal Customers,45,3,1232.15,277,0.7987987987987988,1,United Kingdom
16112.0,Occasional / At Risk,143,2,100.7,12,17.272727272727273,1,United Kingdom
16113.0,Hibernating,183,1,110.15,27,0.0,1,United Kingdom
16114.0,Lost / Low Value,171,1,135.75000000000003,8,0.0,1,United Kingdom
16115.0,Champions (VIP),10,8,1512.38,161,1.0599250936329587,1,United Kingdom
16116.0,Hibernating,212,1,446.98,27,0.0,1,United Kingdom
16117.0,Hibernating,190,1,195.31,28,0.0,1,United Kingdom
16119.0,Occasional / At Risk,8,2,363.96000000000004,13,4.571428571428571,1,United Kingdom
16120.0,Hibernating,59,3,588.1,18,0.0,1,United Kingdom
16121.0,Loyal Customers,57,2,817.51,166,0.7939698492462312,1,United Kingdom
16122.0,Occasional / At Risk,73,4,342.18,16,13.318181818181818,1,United Kingdom
16123.0,Hibernating,52,1,254.88,14,0.0,1,United Kingdom
16124.0,Lost / Low Value,317,1,113.4,7,0.0,1,United Kingdom
16125.0,Hibernating,367,1,273.45,12,0.0,1,United Kingdom
16126.0,Loyal Customers,29,4,4571.2300000000005,43,2.966666666666667,1,United Kingdom
16127.0,Hibernating,39,1,656.25,40,0.0,1,United Kingdom
16128.0,Loyal Customers,18,5,1819.27,74,3.0813953488372094,1,United Kingdom
16131.0,Loyal Customers,52,5,1984.6399999999999,39,3.6862745098039214,1,United Kingdom
16133.0,Champions (VIP),4,31,5853.43,152,1.3404255319148937,1,United Kingdom
16134.0,Occasional / At Risk,22,2,586.29,33,10.242424242424242,1,United Kingdom
16135.0,Hibernating,263,1,313.7,18,0.0,1,United Kingdom
16136.0,Occasional / At Risk,60,3,535.94,30,7.032258064516129,1,United Kingdom
16139.0,Occasional / At Risk,19,3,635.41,25,6.266666666666667,1,United Kingdom
16140.0,Occasional / At Risk,66,2,501.9,28,10.2,1,United Kingdom
16141.0,Hibernating,88,1,430.70000000000005,22,0.0,1,United Kingdom
16142.0,Hibernating,250,1,356.04,28,0.0,1,United Kingdom
16143.0,Champions (VIP),3,6,1948.19,70,3.327272727272727,1,United Kingdom
16145.0,Champions (VIP),9,11,3235.35,117,1.7908163265306123,1,United Kingdom
16146.0,Hibernating,204,2,557.13,25,1.1153846153846154,1,United Kingdom
16147.0,Hibernating,134,1,243.08,15,0.0,1,United Kingdom
16149.0,Occasional / At Risk,5,2,251.24,16,9.2,1,United Kingdom
16150.0,Loyal Customers,43,5,1841.32,83,3.142857142857143,1,United Kingdom
16152.0,Hibernating,269,1,712.46,11,0.0,1,United Kingdom
16153.0,Loyal Customers,50,5,1463.53,69,3.91025641025641,1,United Kingdom
16156.0,Champions (VIP),9,9,2681.6400000000003,100,2.5811965811965814,1,United Kingdom
16157.0,Occasional / At Risk,16,3,369.95000000000005,11,4.384615384615385,1,United Kingdom
16159.0,Hibernating,282,1,348.2,14,0.0,1,United Kingdom
16160.0,Lost / Low Value,65,1,173.09999999999997,3,0.0,1,United Kingdom
16161.0,Champions (VIP),2,19,4613.87,259,0.8758949880668258,1,United Kingdom
16162.0,Lost / Low Value,252,1,11.9,1,0.0,1,United Kingdom
16163.0,Lost / Low Value,365,1,50.1,3,0.0,1,United Kingdom
16164.0,Loyal Customers,17,3,678.54,26,0.8064516129032258,1,United Kingdom
16168.0,Champions (VIP),11,23,1838.22,51,4.723684210526316,1,United Kingdom
16169.0,Loyal Customers,8,4,1651.8200000000002,62,0.8933333333333333,1,United Kingdom
16170.0,Loyal Customers,51,6,1598.52,93,1.81651376146789,1,United Kingdom
16171.0,Lost / Low Value,59,1,73.2,3,0.0,1,United Kingdom
16172.0,Loyal Customers,95,5,1091.31,50,2.212121212121212,1,United Kingdom
16173.0,Loyal Customers,16,6,1216.6200000000001,60,1.1690140845070423,1,United Kingdom
16174.0,Hibernating,126,2,313.0,15,1.6666666666666667,1,United Kingdom
16175.0,Loyal Customers,94,4,885.09,39,2.979591836734694,1,United Kingdom
16177.0,Hibernating,50,1,179.35,10,0.0,1,United Kingdom
16178.0,Lost / Low Value,138,1,150.1,7,0.0,1,United Kingdom
16179.0,Lost / Low Value,61,1,177.58,10,0.0,1,United Kingdom
16180.0,Loyal Customers,100,8,1928.33,73,1.5833333333333333,1,United Kingdom
16181.0,Lost / Low Value,73,1,163.94,10,0.0,1,United Kingdom
16182.0,Lost / Low Value,72,1,72.8,4,0.0,1,United Kingdom
16183.0,Hibernating,67,1,338.71000000000004,15,0.0,1,United Kingdom
16184.0,Occasional / At Risk,64,6,722.58,19,4.9,1,United Kingdom
16185.0,Occasional / At Risk,17,2,473.26,27,8.307692307692308,1,United Kingdom
16186.0,Champions (VIP),23,12,3643.08,84,1.7073170731707317,1,United Kingdom
16187.0,Champions (VIP),32,15,5428.56,147,0.9960629921259843,1,United Kingdom
16188.0,Loyal Customers,45,4,910.87,61,3.193548387096774,1,United Kingdom
16189.0,Occasional / At Risk,16,2,125.57999999999998,6,10.0,1,United Kingdom
16190.0,Lost / Low Value,40,1,94.99000000000001,4,0.0,1,United Kingdom
16191.0,Champions (VIP),3,11,2661.2200000000003,53,3.4095238095238094,1,United Kingdom
16193.0,Hibernating,237,1,280.63,17,0.0,1,United Kingdom
16198.0,Hibernating,75,1,286.28000000000003,10,0.0,1,United Kingdom
16200.0,Loyal Customers,4,2,854.4200000000001,136,1.0256410256410255,1,United Kingdom
16201.0,Champions (VIP),3,4,1739.92,70,1.0095238095238095,1,United Kingdom
16202.0,Hibernating,361,1,247.52,15,0.0,1,United Kingdom
16203.0,Occasional / At Risk,59,4,592.9,27,9.235294117647058,1,United Kingdom
16204.0,Hibernating,23,1,384.18,45,0.0,1,United Kingdom
16205.0,Loyal Customers,31,4,603.3299999999999,66,1.6741573033707866,1,United Kingdom
16206.0,Loyal Customers,55,4,502.71000000000004,48,4.706896551724138,1,United Kingdom
16207.0,Hibernating,25,1,310.38,17,0.0,1,United Kingdom
16208.0,Loyal Customers,45,2,534.06,56,4.1525423728813555,1,United Kingdom
16209.0,Loyal Customers,89,4,744.28,30,4.157894736842105,1,United Kingdom
16210.0,Champions (VIP),2,14,1664.8,52,5.904761904761905,1,United Kingdom
16211.0,Hibernating,89,1,329.22,20,0.0,1,United Kingdom
16212.0,Occasional / At Risk,19,2,552.09,31,8.516129032258064,1,United Kingdom
16213.0,Lost / Low Value,79,1,82.5,5,0.0,1,United Kingdom
16214.0,Loyal Customers,171,3,653.45,27,3.09375,1,United Kingdom
16215.0,Lost / Low Value,81,1,186.9,10,0.0,1,United Kingdom
16216.0,Hibernating,267,1,605.88,31,0.0,1,United Kingdom
16217.0,Occasional / At Risk,235,2,288.45000000000005,12,3.6153846153846154,1,United Kingdom
16218.0,Loyal Customers,30,5,1186.38,50,6.254545454545455,1,United Kingdom
16221.0,Loyal Customers,37,3,668.08,79,3.9879518072289155,1,United Kingdom
16222.0,Hibernating,318,1,620.7,106,0.0,1,United Kingdom
16224.0,Loyal Customers,57,4,1072.85,77,2.341463414634146,1,United Kingdom
16225.0,Loyal Customers,45,5,1077.8700000000001,107,1.7786259541984732,1,United Kingdom
16226.0,Occasional / At Risk,203,3,181.20000000000002,5,6.4,1,United Kingdom
16227.0,Lost / Low Value,225,1,314.22,6,0.0,1,United Kingdom
16229.0,Loyal Customers,87,2,836.6,42,2.9761904761904763,1,United Kingdom
16230.0,Hibernating,190,2,516.53,31,0.9393939393939394,1,United Kingdom
16232.0,Loyal Customers,44,4,795.88,23,5.212121212121212,1,United Kingdom
16233.0,Occasional / At Risk,71,2,373.38,19,14.333333333333334,1,United Kingdom
16235.0,Occasional / At Risk,41,4,595.71,30,9.419354838709678,1,United Kingdom
16236.0,Hibernating,78,1,416.3,19,0.0,1,United Kingdom
16239.0,Occasional / At Risk,57,2,363.2,17,7.823529411764706,1,United Kingdom
16240.0,Loyal Customers,24,2,2055.47,105,0.4690265486725664,1,United Kingdom
16241.0,Champions (VIP),10,13,2287.15,331,0.5769230769230769,1,United Kingdom
16242.0,Champions (VIP),8,7,3221.08,173,0.992619926199262,1,United Kingdom
16243.0,Hibernating,34,2,227.4,39,0.525,1,United Kingdom
16244.0,Loyal Customers,212,2,1475.05,85,1.8505747126436782,1,United Kingdom
16245.0,Loyal Customers,24,3,1217.76,71,2.9125,1,United Kingdom
16247.0,Lost / Low Value,170,1,56.28,11,0.0,1,United Kingdom
16248.0,Lost / Low Value,62,1,152.94,7,0.0,1,United Kingdom
16249.0,Loyal Customers,53,5,1103.39,50,3.6666666666666665,1,United Kingdom
16250.0,Occasional / At Risk,261,2,373.54,21,5.090909090909091,1,United Kingdom
16253.0,Loyal Customers,67,2,2191.18,77,2.392405063291139,1,United Kingdom
16255.0,Champions (VIP),17,8,2180.61,135,1.4244897959183673,1,United Kingdom
16256.0,Lost / Low Value,267,1,169.95000000000002,6,0.0,1,United Kingdom
16258.0,Loyal Customers,45,5,3245.31,92,1.5535714285714286,1,United Kingdom
16260.0,Hibernating,51,1,427.45000000000005,13,0.0,1,United Kingdom
16261.0,Loyal Customers,17,4,597.09,89,2.1203703703703702,1,United Kingdom
16265.0,Champions (VIP),9,9,4018.51,137,1.6435185185185186,1,United Kingdom
16266.0,Loyal Customers,74,7,607.99,34,2.891304347826087,1,United Kingdom
16268.0,Hibernating,71,2,495.2,38,0.0,1,United Kingdom
16270.0,Hibernating,353,1,685.99,44,0.0,1,United Kingdom
16271.0,Loyal Customers,16,4,1221.8500000000001,87,2.7886178861788617,1,United Kingdom
16272.0,Hibernating,117,1,411.7,25,0.0,1,United Kingdom
16274.0,Hibernating,373,1,194.2,52,0.0,1,United Kingdom
16275.0,Hibernating,197,1,322.12,21,0.0,1,United Kingdom
16276.0,Lost / Low Value,177,1,177.0,4,0.0,1,United Kingdom
16278.0,Hibernating,100,1,211.03,14,0.0,1,United Kingdom
16279.0,Loyal Customers,21,3,1393.0,96,1.5656565656565657,1,United Kingdom
16281.0,Lost / Low Value,72,1,121.5,4,0.0,1,United Kingdom
16282.0,Lost / Low Value,340,1,129.75,9,0.0,1,United Kingdom
16283.0,Champions (VIP),6,5,1320.41,106,1.380952380952381,1,United Kingdom
16284.0,Loyal Customers,31,2,759.84,83,0.1958762886597938,1,United Kingdom
16287.0,Lost / Low Value,170,1,125.22000000000001,7,0.0,1,United Kingdom
16292.0,Hibernating,122,1,282.35,16,0.0,1,United Kingdom
16293.0,Champions (VIP),22,10,1877.74,85,3.494949494949495,1,United Kingdom
16295.0,Loyal Customers,10,4,967.26,54,0.9166666666666666,1,United Kingdom
16297.0,Hibernating,269,1,277.34000000000003,18,0.0,1,United Kingdom
16298.0,Occasional / At Risk,23,3,385.2,19,7.454545454545454,1,United Kingdom
16302.0,Hibernating,127,1,233.22,11,0.0,1,United Kingdom
16303.0,Loyal Customers,26,3,3904.43,101,2.3157894736842106,1,United Kingdom
16305.0,Hibernating,139,1,361.21999999999997,22,0.0,1,United Kingdom
16306.0,Loyal Customers,214,6,585.17,34,4.052631578947368,1,United Kingdom
16309.0,Loyal Customers,106,2,666.77,37,3.4358974358974357,1,United Kingdom
16311.0,Loyal Customers,18,2,568.89,32,0.9696969696969697,1,United Kingdom
16313.0,Occasional / At Risk,3,2,203.57,12,4.181818181818182,1,United Kingdom
16315.0,Lost / Low Value,331,1,155.52,10,0.0,1,United Kingdom
16316.0,Loyal Customers,64,7,1803.72,98,2.4297520661157024,1,United Kingdom
16317.0,Loyal Customers,120,3,1055.63,58,2.966666666666667,1,United Kingdom
16318.0,Hibernating,35,1,304.75,18,0.0,1,United Kingdom
16319.0,Lost / Low Value,218,1,404.40000000000003,3,0.0,1,United Kingdom
16320.0,Hibernating,172,2,922.64,51,0.82,0,Unspecified
16321.0,Occasional / At Risk,72,5,346.8,6,25.1,0,Australia
16322.0,Loyal Customers,1,2,306.85,27,1.0,1,United Kingdom
16324.0,Hibernating,128,3,369.89,96,0.46226415094339623,1,United Kingdom
16325.0,Occasional / At Risk,47,3,560.74,12,13.266666666666667,1,United Kingdom
16326.0,Champions (VIP),6,14,1310.02,129,1.7978142076502732,1,United Kingdom
16327.0,Champions (VIP),14,6,3170.06,137,1.1993243243243243,1,United Kingdom
16330.0,Loyal Customers,18,3,122.66,36,2.7142857142857144,1,United Kingdom
16332.0,Loyal Customers,28,7,1231.9,112,2.114503816793893,1,United Kingdom
16337.0,Lost / Low Value,37,1,133.15,9,0.0,1,United Kingdom
16338.0,Lost / Low Value,157,1,199.85,10,0.0,1,United Kingdom
16339.0,Lost / Low Value,284,1,30.45,9,0.0,1,United Kingdom
16340.0,Hibernating,107,1,465.44,120,0.0,1,United Kingdom
16341.0,Loyal Customers,25,4,1040.37,49,2.95,1,United Kingdom
16342.0,Occasional / At Risk,75,4,193.96,7,11.555555555555555,1,United Kingdom
16343.0,Hibernating,16,2,278.83,27,0.0,1,United Kingdom
16344.0,Lost / Low Value,158,1,101.10000000000001,1,0.0,1,United Kingdom
16345.0,Hibernating,44,1,421.76,31,0.0,1,United Kingdom
16347.0,Loyal Customers,11,2,620.58,52,0.3472222222222222,1,United Kingdom
16348.0,Loyal Customers,32,7,1125.71,144,1.0146341463414634,1,United Kingdom
16349.0,Lost / Low Value,291,1,12.65,6,0.0,1,United Kingdom
16350.0,Loyal Customers,21,4,932.7,34,6.638297872340425,1,United Kingdom
16351.0,Lost / Low Value,333,1,153.9,8,0.0,1,United Kingdom
16352.0,Loyal Customers,18,2,494.44,28,0.7407407407407407,1,United Kingdom
16353.0,Champions (VIP),18,16,2745.05,49,4.5,1,United Kingdom
16354.0,Hibernating,63,2,361.40000000000003,36,0.2777777777777778,1,United Kingdom
16356.0,Hibernating,198,3,211.77,20,2.6666666666666665,1,United Kingdom
16357.0,Occasional / At Risk,33,3,538.6800000000001,24,6.923076923076923,1,United Kingdom
16358.0,Champions (VIP),1,4,2027.5,82,1.6944444444444444,1,United Kingdom
16359.0,Occasional / At Risk,7,8,429.36,30,8.307692307692308,1,United Kingdom
16360.0,Champions (VIP),5,6,2929.14,338,0.14,1,United Kingdom
16361.0,Loyal Customers,10,4,711.36,79,0.6595744680851063,1,United Kingdom
16362.0,Loyal Customers,32,5,659.3000000000001,55,0.8194444444444444,1,United Kingdom
16363.0,Lost / Low Value,53,1,75.36,4,0.0,1,United Kingdom
16364.0,Loyal Customers,12,2,467.64,42,2.9302325581395348,1,United Kingdom
16365.0,Occasional / At Risk,18,7,547.61,31,10.9375,1,United Kingdom
16366.0,Hibernating,19,1,281.90000000000003,16,0.0,1,United Kingdom
16367.0,Loyal Customers,37,2,696.76,113,2.8017241379310347,1,United Kingdom
16368.0,Loyal Customers,2,2,421.07,53,0.4126984126984127,1,United Kingdom
16369.0,Loyal Customers,18,3,1306.96,84,1.6952380952380952,1,United Kingdom
16370.0,Loyal Customers,82,4,977.21,128,0.7185929648241206,1,United Kingdom
16372.0,Hibernating,33,2,271.48,78,0.0,1,United Kingdom
16374.0,Loyal Customers,66,2,396.28000000000003,95,1.9215686274509804,1,United Kingdom
16376.0,Loyal Customers,9,2,721.59,93,0.08256880733944955,1,United Kingdom
16378.0,Occasional / At Risk,247,3,362.95,22,2.8636363636363638,1,United Kingdom
16379.0,Champions (VIP),4,4,2006.68,84,0.7254901960784313,1,United Kingdom
16380.0,Hibernating,61,1,142.79,15,0.0,1,United Kingdom
16383.0,Loyal Customers,75,2,515.89,72,2.1797752808988764,1,United Kingdom
16384.0,Occasional / At Risk,90,2,502.2,29,6.214285714285714,1,United Kingdom
16385.0,Loyal Customers,60,3,478.01,48,5.884615384615385,1,United Kingdom
16386.0,Loyal Customers,29,2,273.07,73,2.9220779220779223,1,United Kingdom
16387.0,Lost / Low Value,323,1,94.36,4,0.0,1,United Kingdom
16389.0,Occasional / At Risk,53,4,807.51,27,8.846153846153847,1,United Kingdom
16392.0,Hibernating,270,1,210.24,40,0.0,1,United Kingdom
16393.0,Champions (VIP),2,13,3025.84,119,1.1292307692307693,1,United Kingdom
16394.0,Loyal Customers,57,5,786.44,59,3.819672131147541,1,United Kingdom
16395.0,Loyal Customers,61,5,1270.64,142,1.3846153846153846,1,United Kingdom
16398.0,Loyal Customers,154,2,972.95,50,1.9038461538461537,1,United Kingdom
16399.0,Loyal Customers,19,2,324.2,60,3.4285714285714284,1,United Kingdom
16400.0,Hibernating,95,1,271.08,26,0.0,1,United Kingdom
16401.0,Champions (VIP),1,12,2683.04,64,1.9757575757575758,1,United Kingdom
16402.0,Hibernating,265,2,208.6,52,2.019230769230769,1,United Kingdom
16403.0,Lost / Low Value,312,1,177.5,10,0.0,1,United Kingdom
16404.0,Hibernating,70,1,296.45,17,0.0,1,United Kingdom
16405.0,Lost / Low Value,302,2,74.85,3,2.6666666666666665,1,United Kingdom
16406.0,Hibernating,19,1,146.4,53,0.0,1,United Kingdom
16407.0,Champions (VIP),13,9,1638.98,88,2.0134228187919465,1,United Kingdom
16409.0,Loyal Customers,36,5,1737.14,132,1.338095238095238,1,United Kingdom
16411.0,Occasional / At Risk,19,2,203.75,40,8.333333333333334,1,United Kingdom
16412.0,Hibernating,54,1,135.99,25,0.0,1,United Kingdom
16413.0,Hibernating,57,1,247.25,29,0.0,1,United Kingdom
16414.0,Occasional / At Risk,22,2,31.6,2,259.0,1,United Kingdom
16415.0,Hibernating,44,1,181.62,43,0.0,1,United Kingdom
16416.0,Loyal Customers,27,3,752.3,51,0.4838709677419355,1,United Kingdom
16418.0,Loyal Customers,45,3,490.12,66,2.1666666666666665,1,United Kingdom
16419.0,Occasional / At Risk,113,6,522.09,28,5.527777777777778,1,United Kingdom
16422.0,Champions (VIP),17,37,3487.44,30,3.485148514851485,1,United Kingdom
16423.0,Hibernating,25,1,268.78,16,0.0,1,United Kingdom
16424.0,Lost / Low Value,191,1,70.56,2,0.0,1,United Kingdom
16425.0,Lost / Low Value,302,1,157.4,13,0.0,1,United Kingdom
16426.0,Champions (VIP),2,10,1640.4,203,0.8035190615835777,1,United Kingdom
16427.0,Lost / Low Value,263,2,166.06,6,3.5,1,United Kingdom
16429.0,Lost / Low Value,106,1,4.95,1,0.0,1,United Kingdom
16430.0,Lost / Low Value,57,1,200.05,5,0.0,1,United Kingdom
16431.0,Hibernating,213,3,547.68,50,1.1506849315068493,1,United Kingdom
16432.0,Lost / Low Value,64,1,111.0,5,0.0,1,United Kingdom
16433.0,Hibernating,28,1,120.66,16,0.0,1,United Kingdom
16434.0,Loyal Customers,29,7,1192.4,77,2.9347826086956523,1,United Kingdom
16438.0,Loyal Customers,6,5,748.6,72,0.6015625,1,United Kingdom
16440.0,Champions (VIP),8,5,3503.27,179,0.7554744525547445,1,United Kingdom
16441.0,Occasional / At Risk,67,2,358.75,20,10.666666666666666,1,United Kingdom
16442.0,Loyal Customers,2,3,495.2,152,2.257861635220126,1,United Kingdom
16444.0,Loyal Customers,46,4,552.17,64,2.831168831168831,1,United Kingdom
16445.0,Hibernating,34,1,208.06,60,0.0,1,United Kingdom
16446.0,Lost / Low Value,206,1,2.9,2,0.0,1,United Kingdom
16447.0,Hibernating,136,1,116.56,27,0.0,1,United Kingdom
16448.0,Hibernating,198,1,157.49,18,0.0,1,United Kingdom
16449.0,Hibernating,198,2,606.54,34,2.515151515151515,1,United Kingdom
16450.0,Hibernating,150,1,311.92,11,0.0,1,United Kingdom
16451.0,Hibernating,88,1,266.97,14,0.0,1,United Kingdom
16454.0,Lost / Low Value,64,1,5.9,1,0.0,1,United Kingdom
16455.0,Loyal Customers,64,7,1841.18,69,3.142857142857143,1,United Kingdom
16456.0,Loyal Customers,99,5,1407.13,75,2.8842105263157896,1,United Kingdom
16457.0,Lost / Low Value,218,1,161.56,8,0.0,1,United Kingdom
16458.0,Champions (VIP),3,18,3469.3,52,1.79,1,United Kingdom
16460.0,Loyal Customers,28,3,726.0,124,0.42063492063492064,1,United Kingdom
16461.0,Hibernating,178,1,76.67,25,0.0,1,United Kingdom
16463.0,Loyal Customers,21,4,1295.48,68,2.472972972972973,1,United Kingdom
16464.0,Loyal Customers,20,3,1087.25,141,0.5747663551401869,1,United Kingdom
16466.0,Loyal Customers,34,7,1368.42,94,1.9328358208955223,1,United Kingdom
16469.0,Loyal Customers,24,4,523.17,139,1.4025157232704402,1,United Kingdom
16470.0,Loyal Customers,52,4,664.9,113,1.9679487179487178,1,United Kingdom
16471.0,Hibernating,275,1,223.95000000000002,13,0.0,1,United Kingdom
16473.0,Occasional / At Risk,165,3,289.16,16,11.466666666666667,1,United Kingdom
16474.0,Champions (VIP),7,6,1681.0900000000001,228,0.42724458204334365,1,United Kingdom
16475.0,Occasional / At Risk,144,3,417.7,22,5.2,1,United Kingdom
16477.0,Loyal Customers,64,7,2450.7200000000003,108,2.1690140845070425,1,United Kingdom
16478.0,Occasional / At Risk,25,2,251.26000000000002,12,3.3333333333333335,1,United Kingdom
16479.0,Hibernating,10,2,255.63,32,0.0,1,United Kingdom
16480.0,Hibernating,76,1,416.57,41,0.0,1,United Kingdom
16482.0,Hibernating,16,1,167.34,15,0.0,1,United Kingdom
16483.0,Lost / Low Value,192,1,95.7,16,0.0,1,United Kingdom
16484.0,Hibernating,174,2,376.8,23,0.7727272727272727,1,United Kingdom
16485.0,Hibernating,77,1,279.35,37,0.0,1,United Kingdom
16488.0,Occasional / At Risk,33,3,290.3,20,6.052631578947368,1,United Kingdom
16491.0,Hibernating,47,1,617.84,35,0.0,1,United Kingdom
16493.0,Loyal Customers,80,4,1002.6,34,5.9523809523809526,1,United Kingdom
16494.0,Hibernating,297,1,723.93,44,0.0,1,United Kingdom
16495.0,Loyal Customers,3,2,420.61,69,3.64,1,United Kingdom
16496.0,Loyal Customers,9,3,1259.63,79,3.85,1,United Kingdom
16497.0,Loyal Customers,50,6,2296.79,106,2.5357142857142856,1,United Kingdom
16498.0,Lost / Low Value,161,2,93.02,14,0.07692307692307693,1,United Kingdom
16499.0,Hibernating,360,2,294.55,16,0.26666666666666666,1,United Kingdom
16500.0,Occasional / At Risk,5,5,235.86,7,3.5555555555555554,1,United Kingdom
16503.0,Loyal Customers,107,4,1124.28,57,3.9076923076923076,1,United Kingdom
16504.0,Hibernating,25,1,451.84,75,0.0,1,United Kingdom
16506.0,Occasional / At Risk,20,2,90.30000000000001,3,10.5,1,United Kingdom
16509.0,Lost / Low Value,297,1,169.50000000000003,6,0.0,1,United Kingdom
16510.0,Lost / Low Value,372,1,178.54999999999998,9,0.0,1,United Kingdom
16511.0,Loyal Customers,22,3,665.33,118,1.75,1,United Kingdom
16513.0,Loyal Customers,5,4,874.59,33,1.1470588235294117,1,United Kingdom
16515.0,Loyal Customers,52,5,1367.54,81,2.5643564356435644,1,United Kingdom
16516.0,Lost / Low Value,30,1,101.69999999999999,6,0.0,1,United Kingdom
16517.0,Hibernating,277,1,154.75,16,0.0,1,United Kingdom
16518.0,Occasional / At Risk,61,2,376.07,33,6.371428571428571,1,United Kingdom
16519.0,Occasional / At Risk,25,2,72.28,6,68.0,1,United Kingdom
16520.0,Loyal Customers,186,3,912.72,119,1.2430555555555556,1,United Kingdom
16523.0,Champions (VIP),2,19,4755.91,109,1.7444444444444445,1,United Kingdom
16525.0,Champions (VIP),2,26,4041.79,41,4.232558139534884,1,United Kingdom
16526.0,Hibernating,172,1,237.66,11,0.0,1,United Kingdom
16527.0,Hibernating,81,1,219.81,13,0.0,1,United Kingdom
16528.0,Hibernating,4,1,175.02,13,0.0,1,United Kingdom
16529.0,Hibernating,190,1,391.65000000000003,26,0.0,1,United Kingdom
16531.0,Loyal Customers,22,7,1050.32,59,5.2,1,United Kingdom
16533.0,Loyal Customers,19,3,896.97,104,0.3006134969325153,1,United Kingdom
16535.0,Hibernating,5,1,384.63,26,0.0,1,United Kingdom
16536.0,Hibernating,110,1,356.17,40,0.0,1,United Kingdom
16539.0,Loyal Customers,3,4,1372.91,35,8.627906976744185,1,United Kingdom
16542.0,Lost / Low Value,54,1,119.62,5,0.0,1,United Kingdom
16545.0,Lost / Low Value,165,1,101.7,2,0.0,1,United Kingdom
16546.0,Occasional / At Risk,291,2,564.95,20,4.315789473684211,1,United Kingdom
16549.0,Champions (VIP),10,10,3659.3,426,0.36080178173719374,1,United Kingdom
16550.0,Loyal Customers,109,5,1934.1000000000001,149,1.1255411255411256,1,United Kingdom
16551.0,Occasional / At Risk,96,3,426.38,20,11.476190476190476,1,United Kingdom
16552.0,Occasional / At Risk,243,2,189.19000000000003,11,13.1,1,United Kingdom
16553.0,Occasional / At Risk,205,6,977.24,23,5.961538461538462,1,United Kingdom
16554.0,Loyal Customers,42,3,742.8,46,6.282608695652174,1,United Kingdom
16555.0,Occasional / At Risk,35,2,269.39,14,4.933333333333334,1,United Kingdom
16556.0,Loyal Customers,67,7,2316.6,113,1.9731543624161074,1,United Kingdom
16557.0,Occasional / At Risk,24,2,174.1,6,22.6,1,United Kingdom
16558.0,Champions (VIP),1,20,6452.22,220,0.9408740359897172,1,United Kingdom
16560.0,Occasional / At Risk,27,2,652.66,44,7.545454545454546,1,United Kingdom
16561.0,Loyal Customers,6,2,494.12,28,1.8620689655172413,1,United Kingdom
16563.0,Hibernating,54,1,324.5,12,0.0,1,United Kingdom
16565.0,Lost / Low Value,364,1,35.7,2,0.0,1,United Kingdom
16566.0,Occasional / At Risk,15,5,287.28000000000003,11,25.181818181818183,1,United Kingdom
16567.0,Occasional / At Risk,194,2,561.4,27,5.461538461538462,1,United Kingdom
16569.0,Lost / Low Value,3,1,76.5,4,0.0,1,United Kingdom
16570.0,Champions (VIP),15,9,2176.71,54,3.441860465116279,1,United Kingdom
16571.0,Loyal Customers,27,3,1249.37,66,3.4,1,United Kingdom
16572.0,Loyal Customers,127,3,855.55,33,3.148936170212766,1,United Kingdom
16573.0,Occasional / At Risk,85,2,525.96,32,6.242424242424242,1,United Kingdom
16574.0,Hibernating,71,1,409.14,26,0.0,1,United Kingdom
16581.0,Lost / Low Value,183,1,105.84,9,0.0,1,United Kingdom
16582.0,Lost / Low Value,113,1,50.099999999999994,4,0.0,1,United Kingdom
16583.0,Hibernating,374,1,233.45,14,0.0,1,United Kingdom
16584.0,Occasional / At Risk,80,2,675.38,22,7.565217391304348,1,United Kingdom
16586.0,Lost / Low Value,249,1,361.95,7,0.0,1,United Kingdom
16587.0,Lost / Low Value,232,1,127.85000000000001,8,0.0,1,United Kingdom
16589.0,Loyal Customers,71,3,459.24,31,2.8125,1,United Kingdom
16591.0,Hibernating,69,1,213.5,10,0.0,1,United Kingdom
16592.0,Champions (VIP),4,16,3584.33,134,1.4221105527638191,1,United Kingdom
16593.0,Occasional / At Risk,51,2,104.47999999999999,14,9.266666666666667,1,United Kingdom
16594.0,Hibernating,75,1,123.44,47,0.0,1,United Kingdom
16595.0,Hibernating,61,1,341.96,81,0.0,1,United Kingdom
16596.0,Occasional / At Risk,16,2,193.85000000000002,10,39.0,1,United Kingdom
16597.0,Lost / Low Value,4,1,44.24,5,0.0,1,United Kingdom
16598.0,Lost / Low Value,286,1,145.04999999999998,10,0.0,1,United Kingdom
16600.0,Loyal Customers,4,6,658.1,43,6.423076923076923,1,United Kingdom
16601.0,Hibernating,41,1,159.74,24,0.0,1,United Kingdom
16602.0,Hibernating,36,1,497.21,27,0.0,1,United Kingdom
16603.0,Hibernating,75,2,465.97,32,0.5483870967741935,1,United Kingdom
16607.0,Champions (VIP),18,12,2374.72,123,2.2885906040268456,1,United Kingdom
16609.0,Champions (VIP),15,7,4808.900000000001,139,0.9595141700404858,1,United Kingdom
16610.0,Lost / Low Value,219,1,75.66,6,0.0,1,United Kingdom
16611.0,Lost / Low Value,186,1,129.49,9,0.0,1,United Kingdom
16612.0,Loyal Customers,33,4,1036.76,41,4.810344827586207,1,United Kingdom
16613.0,Hibernating,70,1,586.79,29,0.0,1,United Kingdom
16614.0,Hibernating,183,1,305.79,15,0.0,1,United Kingdom
16616.0,Occasional / At Risk,15,2,420.52,30,4.580645161290323,1,United Kingdom
16617.0,Lost / Low Value,236,1,79.1,3,0.0,1,United Kingdom
16618.0,Loyal Customers,31,4,1561.08,62,4.1571428571428575,1,United Kingdom
16619.0,Hibernating,264,1,226.21,14,0.0,1,United Kingdom
16620.0,Occasional / At Risk,4,2,144.96,8,36.714285714285715,1,United Kingdom
16621.0,Occasional / At Risk,52,4,282.71000000000004,18,11.894736842105264,1,United Kingdom
16623.0,Lost / Low Value,246,1,129.45,5,0.0,1,United Kingdom
16624.0,Loyal Customers,81,2,439.49,33,3.342857142857143,1,United Kingdom
16625.0,Hibernating,275,1,300.68,21,0.0,1,United Kingdom
16626.0,Champions (VIP),1,16,2337.14,71,2.078125,1,United Kingdom
16627.0,Lost / Low Value,79,1,162.38,10,0.0,1,United Kingdom
16628.0,Loyal Customers,30,5,1963.05,74,1.9158878504672898,1,United Kingdom
16629.0,Hibernating,74,2,328.95,52,0.4423076923076923,1,United Kingdom
16633.0,Loyal Customers,17,6,2259.55,88,1.8235294117647058,1,United Kingdom
16634.0,Occasional / At Risk,223,2,172.5,7,25.0,1,United Kingdom
16637.0,Loyal Customers,32,4,921.76,59,3.2711864406779663,1,United Kingdom
16638.0,Loyal Customers,23,10,1125.55,66,5.242424242424242,1,United Kingdom
16639.0,Loyal Customers,31,3,974.01,42,4.744186046511628,1,United Kingdom
16641.0,Lost / Low Value,106,1,123.38,7,0.0,1,United Kingdom
16642.0,Occasional / At Risk,5,2,428.73,22,9.227272727272727,1,United Kingdom
16643.0,Hibernating,246,1,401.31,24,0.0,1,United Kingdom
16644.0,Hibernating,178,2,813.88,61,0.5833333333333334,1,United Kingdom
16647.0,Occasional / At Risk,170,2,142.42000000000002,10,3.5,1,United Kingdom
16648.0,Hibernating,43,1,267.26,18,0.0,1,United Kingdom
16650.0,Hibernating,72,1,430.38,21,0.0,1,United Kingdom
16652.0,Loyal Customers,59,5,2879.15,48,2.986111111111111,1,United Kingdom
16653.0,Loyal Customers,16,2,1043.31,57,0.9482758620689655,1,United Kingdom
16654.0,Occasional / At Risk,141,4,381.87,21,11.35,1,United Kingdom
16655.0,Champions (VIP),18,6,2721.36,192,1.3652173913043477,1,United Kingdom
16656.0,Occasional / At Risk,22,12,1325.28,7,15.545454545454545,1,United Kingdom
16657.0,Loyal Customers,10,4,756.46,152,1.3461538461538463,1,United Kingdom
16658.0,Lost / Low Value,368,1,91.44,7,0.0,1,United Kingdom
16659.0,Lost / Low Value,189,1,20.4,1,0.0,1,United Kingdom
16660.0,Occasional / At Risk,16,2,205.97,9,37.875,1,United Kingdom
16665.0,Lost / Low Value,362,1,39.25,5,0.0,1,United Kingdom
16666.0,Hibernating,19,1,118.98,32,0.0,1,United Kingdom
16667.0,Loyal Customers,68,2,469.98,47,4.695652173913044,1,United Kingdom
16668.0,Occasional / At Risk,15,6,286.56,9,14.944444444444445,1,United Kingdom
16669.0,Loyal Customers,24,2,1101.78,127,0.39568345323741005,1,United Kingdom
16670.0,Champions (VIP),17,11,3472.7200000000003,157,1.5545454545454545,1,United Kingdom
16671.0,Lost / Low Value,36,1,81.75,1,0.0,1,United Kingdom
16672.0,Champions (VIP),2,17,4005.3,16,3.5675675675675675,1,United Kingdom
16674.0,Hibernating,55,2,293.84,88,0.4835164835164835,1,United Kingdom
16676.0,Loyal Customers,34,4,1062.78,56,4.825396825396825,1,United Kingdom
16678.0,Champions (VIP),3,12,2564.91,87,1.917808219178082,1,United Kingdom
16679.0,Lost / Low Value,366,1,117.0,2,0.0,1,United Kingdom
16680.0,Lost / Low Value,43,1,149.7,8,0.0,1,United Kingdom
16681.0,Occasional / At Risk,78,5,939.64,14,6.769230769230769,1,United Kingdom
16682.0,Occasional / At Risk,5,5,363.42,11,13.071428571428571,1,United Kingdom
16684.0,Occasional / At Risk,4,8,1357.74,15,22.125,1,United Kingdom
16685.0,Hibernating,61,1,227.82,52,0.0,1,United Kingdom
16686.0,Champions (VIP),47,7,2273.28,373,0.616,1,United Kingdom
16688.0,Loyal Customers,1,4,1000.88,46,1.1132075471698113,1,United Kingdom
16689.0,Hibernating,76,2,293.52,9,0.875,1,United Kingdom
16690.0,Occasional / At Risk,72,2,156.43,9,14.333333333333334,1,United Kingdom
16693.0,Loyal Customers,69,2,361.86,50,4.06,1,United Kingdom
16696.0,Occasional / At Risk,135,4,462.3,6,14.125,1,United Kingdom
16697.0,Lost / Low Value,241,1,50.85,13,0.0,1,United Kingdom
16700.0,Champions (VIP),9,13,4800.46,150,1.2387543252595157,1,United Kingdom
16701.0,Champions (VIP),9,12,2023.07,50,5.430769230769231,1,United Kingdom
16705.0,Champions (VIP),1,20,6634.37,85,2.251572327044025,1,United Kingdom
16706.0,Loyal Customers,37,3,398.1,100,0.6875,1,United Kingdom
16708.0,Hibernating,46,1,571.03,24,0.0,1,United Kingdom
16709.0,Loyal Customers,85,5,1667.8300000000002,44,3.7169811320754715,1,United Kingdom
16710.0,Champions (VIP),19,10,2122.44,254,0.935656836461126,1,United Kingdom
16711.0,Occasional / At Risk,3,3,273.03000000000003,7,22.833333333333332,1,United Kingdom
16712.0,Champions (VIP),18,10,2515.83,227,0.6789473684210526,1,United Kingdom
16713.0,Champions (VIP),19,15,4707.88,298,0.6529080675422139,1,United Kingdom
16714.0,Hibernating,317,1,806.41,72,0.0,1,United Kingdom
16715.0,Lost / Low Value,78,1,99.39999999999999,13,0.0,1,United Kingdom
16716.0,Lost / Low Value,267,1,166.8,1,0.0,1,United Kingdom
16717.0,Champions (VIP),24,6,3239.63,155,2.0058479532163744,1,United Kingdom
16718.0,Hibernating,369,1,482.93,37,0.0,1,United Kingdom
16719.0,Loyal Customers,15,7,1263.97,86,2.198757763975155,1,United Kingdom
16720.0,Hibernating,26,1,114.28,21,0.0,1,United Kingdom
16721.0,Hibernating,262,1,292.47,37,0.0,1,United Kingdom
16722.0,Champions (VIP),17,13,3271.29,85,1.8972972972972972,1,United Kingdom
16723.0,Hibernating,108,1,246.99,29,0.0,1,United Kingdom
16725.0,Loyal Customers,302,6,578.48,97,0.5433070866141733,1,United Kingdom
16726.0,Loyal Customers,26,5,1132.15,113,2.0303030303030303,1,United Kingdom
16727.0,Hibernating,364,1,256.32,41,0.0,1,United Kingdom
16728.0,Loyal Customers,46,4,838.78,205,0.8790322580645161,1,United Kingdom
16729.0,Champions (VIP),38,21,6348.52,218,0.3344316309719934,1,United Kingdom
16730.0,Loyal Customers,52,3,627.87,71,3.608108108108108,1,United Kingdom
16732.0,Hibernating,32,1,540.33,24,0.0,1,United Kingdom
16734.0,Loyal Customers,52,3,462.16,39,1.3777777777777778,1,United Kingdom
16735.0,Loyal Customers,79,5,1949.05,84,2.4615384615384617,1,United Kingdom
16738.0,Lost / Low Value,298,1,3.75,1,0.0,1,United Kingdom
16739.0,Hibernating,177,1,238.75,10,0.0,1,United Kingdom
16743.0,Loyal Customers,29,7,2072.65,87,1.7880434782608696,1,United Kingdom
16744.0,Champions (VIP),11,7,1034.02,184,0.7363636363636363,1,United Kingdom
16745.0,Champions (VIP),87,17,4417.53,139,0.7627118644067796,1,United Kingdom
16746.0,Champions (VIP),5,18,5265.54,200,0.9030612244897959,1,United Kingdom
16747.0,Hibernating,38,2,590.73,26,0.9375,1,United Kingdom
16748.0,Loyal Customers,18,5,1515.9,42,4.661764705882353,1,United Kingdom
16750.0,Loyal Customers,45,5,414.13,67,2.186046511627907,1,United Kingdom
16751.0,Hibernating,31,1,216.01999999999998,19,0.0,1,United Kingdom
16752.0,Lost / Low Value,373,1,77.7,5,0.0,1,United Kingdom
16753.0,Hibernating,58,1,198.92000000000002,32,0.0,1,United Kingdom
16755.0,Loyal Customers,114,3,1156.54,118,1.3767123287671232,1,United Kingdom
16756.0,Hibernating,215,1,213.9,12,0.0,1,United Kingdom
16757.0,Lost / Low Value,319,1,106.83000000000001,7,0.0,1,United Kingdom
16758.0,Hibernating,65,1,207.86,16,0.0,1,United Kingdom
16759.0,Loyal Customers,8,3,643.1,32,0.696969696969697,1,United Kingdom
16761.0,Lost / Low Value,97,1,195.9,10,0.0,1,United Kingdom
16762.0,Loyal Customers,20,3,1110.3400000000001,49,2.0833333333333335,1,United Kingdom
16763.0,Hibernating,199,1,287.45,17,0.0,1,United Kingdom
16764.0,Champions (VIP),4,13,2538.85,195,0.20710059171597633,1,United Kingdom
16766.0,Hibernating,273,2,989.0,15,0.0,1,United Kingdom
16767.0,Champions (VIP),31,10,3910.87,129,1.4895833333333333,1,United Kingdom
16768.0,Occasional / At Risk,48,3,223.69,36,5.463414634146342,1,United Kingdom
16769.0,Hibernating,260,1,206.19,25,0.0,1,United Kingdom
16770.0,Loyal Customers,58,5,683.0500000000001,111,2.3507462686567164,1,United Kingdom
16771.0,Loyal Customers,33,5,1807.19,179,1.3495575221238938,1,United Kingdom
16773.0,Hibernating,57,1,106.89,19,0.0,1,United Kingdom
16774.0,Loyal Customers,68,4,590.12,35,2.466666666666667,1,United Kingdom
16775.0,Champions (VIP),10,11,1271.1100000000001,71,2.6842105263157894,1,United Kingdom
16776.0,Hibernating,60,1,356.59000000000003,60,0.0,1,United Kingdom
16777.0,Occasional / At Risk,80,2,134.32,36,4.657894736842105,1,United Kingdom
16778.0,Occasional / At Risk,74,2,228.94,15,14.285714285714286,1,United Kingdom
16779.0,Champions (VIP),2,22,7656.4800000000005,146,1.2508591065292096,1,United Kingdom
16780.0,Loyal Customers,100,2,386.79,48,2.890909090909091,1,United Kingdom
16781.0,Hibernating,372,1,216.8,12,0.0,1,United Kingdom
16782.0,Champions (VIP),10,13,1786.3500000000001,91,2.2049689440993787,1,United Kingdom
16784.0,Lost / Low Value,20,1,107.6,3,0.0,1,United Kingdom
16788.0,Loyal Customers,123,2,574.29,135,0.9097222222222222,1,United Kingdom
16789.0,Lost / Low Value,8,1,80.8,5,0.0,1,United Kingdom
16790.0,Champions (VIP),4,6,1485.38,85,0.38202247191011235,1,United Kingdom
16791.0,Champions (VIP),29,7,1414.38,207,1.0341296928327646,1,United Kingdom
16792.0,Lost / Low Value,282,1,87.68,9,0.0,1,United Kingdom
16793.0,Hibernating,57,1,226.84,15,0.0,1,United Kingdom
16794.0,Champions (VIP),1,10,1114.82,136,0.662962962962963,1,United Kingdom
16795.0,Hibernating,365,1,392.18,62,0.0,1,United Kingdom
16796.0,Hibernating,89,1,305.62,18,0.0,1,United Kingdom
16800.0,Loyal Customers,11,1,817.98,125,0.0,1,United Kingdom
16801.0,Loyal Customers,163,4,884.03,42,2.619047619047619,1,United Kingdom
16803.0,Hibernating,65,1,332.3,24,0.0,1,United Kingdom
16804.0,Loyal Customers,23,3,445.84000000000003,54,4.574074074074074,1,United Kingdom
16805.0,Hibernating,174,2,365.31,88,2.077777777777778,1,United Kingdom
16806.0,Loyal Customers,103,4,607.16,61,1.619047619047619,1,United Kingdom
16807.0,Loyal Customers,143,3,934.6899999999999,49,2.2857142857142856,1,United Kingdom
16808.0,Occasional / At Risk,99,2,222.97,20,8.75,1,United Kingdom
16809.0,Loyal Customers,23,5,882.59,76,1.6597222222222223,1,United Kingdom
16810.0,Hibernating,192,1,289.64,14,0.0,1,United Kingdom
16811.0,Loyal Customers,5,2,464.23,22,0.5652173913043478,1,United Kingdom
16812.0,Lost / Low Value,361,1,204.15,12,0.0,1,United Kingdom
16813.0,Champions (VIP),8,10,1385.57,237,0.4827586206896552,1,United Kingdom
16814.0,Champions (VIP),14,21,4873.4800000000005,103,1.3396226415094339,1,United Kingdom
16816.0,Occasional / At Risk,103,4,401.16,27,9.807692307692308,1,United Kingdom
16817.0,Champions (VIP),3,9,1262.71,62,5.013698630136986,1,United Kingdom
16818.0,Champions (VIP),11,11,3091.15,160,1.1142857142857143,1,United Kingdom
16820.0,Hibernating,96,1,415.94,21,0.0,1,United Kingdom
16823.0,Hibernating,227,1,269.68,28,0.0,1,United Kingdom
16824.0,Occasional / At Risk,16,2,402.74,20,6.7727272727272725,1,United Kingdom
16825.0,Occasional / At Risk,39,2,521.48,21,7.0,1,United Kingdom
16826.0,Hibernating,51,1,279.45,18,0.0,1,United Kingdom
16828.0,Lost / Low Value,112,1,113.5,7,0.0,1,United Kingdom
16829.0,Lost / Low Value,157,1,181.32,10,0.0,1,United Kingdom
16830.0,Hibernating,39,1,325.91,23,0.0,1,United Kingdom
16832.0,Lost / Low Value,217,1,39.0,5,0.0,1,United Kingdom
16833.0,Loyal Customers,1,4,1021.53,43,7.744186046511628,1,United Kingdom
16834.0,Hibernating,228,1,413.46,24,0.0,1,United Kingdom
16835.0,Occasional / At Risk,128,2,133.15,7,40.833333333333336,1,United Kingdom
16836.0,Occasional / At Risk,40,2,175.55,10,8.555555555555555,1,United Kingdom
16837.0,Champions (VIP),31,9,2083.25,101,1.671875,1,United Kingdom
16838.0,Occasional / At Risk,197,2,353.9,20,4.55,1,United Kingdom
16839.0,Champions (VIP),9,29,3731.29,78,2.5785714285714287,1,United Kingdom
16841.0,Loyal Customers,37,6,1692.7,89,2.51,1,United Kingdom
16842.0,Loyal Customers,101,3,935.49,38,3.811320754716981,1,United Kingdom
16843.0,Champions (VIP),43,16,7099.72,177,1.0326086956521738,1,United Kingdom
16846.0,Hibernating,50,1,197.82,10,0.0,1,United Kingdom
16847.0,Hibernating,43,1,176.94,11,0.0,1,United Kingdom
16848.0,Hibernating,53,1,281.42,14,0.0,1,United Kingdom
16849.0,Lost / Low Value,187,1,84.77,6,0.0,1,United Kingdom
16850.0,Hibernating,334,1,317.29,18,0.0,1,United Kingdom
16851.0,Loyal Customers,4,3,322.28999999999996,16,2.611111111111111,1,United Kingdom
16852.0,Occasional / At Risk,10,2,70.96000000000001,6,33.2,1,United Kingdom
16855.0,Hibernating,24,2,285.8,16,1.3333333333333333,1,United Kingdom
16856.0,Lost / Low Value,15,1,35.400000000000006,2,0.0,1,United Kingdom
16858.0,Lost / Low Value,369,1,320.04,7,0.0,1,United Kingdom
16859.0,Loyal Customers,145,2,587.63,41,2.7857142857142856,1,United Kingdom
16861.0,Occasional / At Risk,60,2,112.80000000000001,4,33.0,1,United Kingdom
16863.0,Occasional / At Risk,31,2,438.88,23,14.565217391304348,1,United Kingdom
16866.0,Occasional / At Risk,141,3,108.24000000000001,7,3.0,1,United Kingdom
16869.0,Loyal Customers,23,4,690.79,104,1.3304347826086957,1,United Kingdom
16871.0,Loyal Customers,22,6,2267.2400000000002,113,2.1196581196581197,1,United Kingdom
16873.0,Champions (VIP),5,6,5218.74,149,1.5384615384615385,1,United Kingdom
16875.0,Loyal Customers,67,5,1643.83,80,2.9565217391304346,1,United Kingdom
16877.0,Loyal Customers,12,6,772.77,106,1.3154362416107384,1,United Kingdom
16878.0,Lost / Low Value,84,1,13.3,3,0.0,1,United Kingdom
16880.0,Loyal Customers,31,7,809.37,97,1.213740458015267,1,United Kingdom
16882.0,Occasional / At Risk,67,3,529.47,34,7.606060606060606,1,United Kingdom
16883.0,Occasional / At Risk,187,2,208.78,29,5.935483870967742,1,United Kingdom
16884.0,Hibernating,38,2,399.96,25,0.0,1,United Kingdom
16885.0,Loyal Customers,15,3,326.26,71,4.170731707317073,1,United Kingdom
16887.0,Hibernating,35,1,167.58,33,0.0,1,United Kingdom
16889.0,Loyal Customers,195,3,1273.84,99,1.2033898305084745,1,United Kingdom
16891.0,Champions (VIP),2,5,615.9300000000001,157,2.138728323699422,1,United Kingdom
16892.0,Loyal Customers,1,5,367.99,77,2.1666666666666665,1,United Kingdom
16893.0,Hibernating,367,1,126.03,42,0.0,1,United Kingdom
16895.0,Hibernating,65,1,175.12,54,0.0,1,United Kingdom
16897.0,Hibernating,299,2,154.23000000000002,25,0.5833333333333334,1,United Kingdom
16898.0,Loyal Customers,26,3,441.54,145,2.28,1,United Kingdom
16899.0,Loyal Customers,8,6,811.56,68,3.4607843137254903,1,United Kingdom
16900.0,Loyal Customers,20,2,748.95,70,0.6285714285714286,1,United Kingdom
16902.0,Hibernating,116,1,1094.69,35,0.0,1,United Kingdom
16903.0,Hibernating,29,1,326.8,46,0.0,1,United Kingdom
16904.0,Champions (VIP),4,14,2624.73,345,0.6029900332225914,1,United Kingdom
16905.0,Champions (VIP),5,7,2036.51,101,2.2732919254658386,1,United Kingdom
16906.0,Loyal Customers,82,4,332.58000000000004,67,2.2266666666666666,1,United Kingdom
16907.0,Loyal Customers,29,5,733.21,79,2.7096774193548385,1,United Kingdom
16909.0,Hibernating,72,1,213.72,13,0.0,1,United Kingdom
16910.0,Champions (VIP),4,8,1136.41,296,0.17159763313609466,1,United Kingdom
16912.0,Champions (VIP),29,11,1691.08,72,3.933333333333333,1,United Kingdom
16913.0,Lost / Low Value,290,1,53.44,7,0.0,1,United Kingdom
16914.0,Hibernating,36,1,113.86,22,0.0,1,United Kingdom
16915.0,Occasional / At Risk,9,5,305.63,33,6.682926829268292,1,United Kingdom
16916.0,Loyal Customers,24,2,498.18,121,2.748031496062992,1,United Kingdom
16917.0,Lost / Low Value,277,1,121.9,5,0.0,1,United Kingdom
16918.0,Loyal Customers,50,6,923.52,91,2.2333333333333334,1,United Kingdom
16919.0,Loyal Customers,156,11,1592.8,124,0.8,1,United Kingdom
16921.0,Hibernating,61,1,145.93,49,0.0,1,United Kingdom
16923.0,Champions (VIP),12,17,5265.91,283,0.6375227686703097,1,United Kingdom
16924.0,Loyal Customers,21,3,681.39,62,0.863013698630137,1,United Kingdom
16926.0,Lost / Low Value,371,1,33.45,4,0.0,1,United Kingdom
16927.0,Occasional / At Risk,276,2,139.85,4,28.333333333333332,1,United Kingdom
16928.0,Champions (VIP),80,17,1867.22,59,1.6368715083798884,1,United Kingdom
16929.0,Champions (VIP),4,7,1211.81,50,2.1714285714285713,1,United Kingdom
16930.0,Loyal Customers,26,3,292.17,44,0.8571428571428571,1,United Kingdom
16931.0,Champions (VIP),5,21,4190.9,428,0.4287396937573616,1,United Kingdom
16932.0,Hibernating,53,1,133.73000000000002,42,0.0,1,United Kingdom
16933.0,Loyal Customers,1,2,452.36,36,6.4324324324324325,1,United Kingdom
16934.0,Hibernating,55,2,786.38,53,0.0,1,United Kingdom
16936.0,Hibernating,26,1,246.11,54,0.0,1,United Kingdom
16938.0,Champions (VIP),9,4,1712.49,201,1.3513513513513513,1,United Kingdom
16940.0,Loyal Customers,52,3,2879.89,218,0.8061224489795918,1,United Kingdom
16942.0,Champions (VIP),13,9,1504.19,143,0.8669354838709677,1,United Kingdom
16943.0,Occasional / At Risk,212,3,431.18,14,5.095238095238095,1,United Kingdom
16945.0,Champions (VIP),22,19,4126.04,129,1.4100418410041842,1,United Kingdom
16947.0,Hibernating,236,1,339.48,18,0.0,1,United Kingdom
16948.0,Occasional / At Risk,139,3,212.9,11,17.0,1,United Kingdom
16949.0,Loyal Customers,4,6,674.72,49,6.137254901960785,1,United Kingdom
16950.0,Occasional / At Risk,57,3,741.3000000000001,30,10.03225806451613,1,United Kingdom
16951.0,Loyal Customers,135,3,1125.06,67,2.207792207792208,1,United Kingdom
16952.0,Lost / Low Value,109,2,101.75999999999999,10,0.0,1,United Kingdom
16953.0,Lost / Low Value,30,1,20.8,1,0.0,1,United Kingdom
16954.0,Champions (VIP),1,7,1026.71,35,9.447368421052632,1,United Kingdom
16955.0,Occasional / At Risk,185,4,373.87,12,10.5,1,United Kingdom
16956.0,Hibernating,18,1,225.04,14,0.0,1,United Kingdom
16957.0,Hibernating,239,2,376.84000000000003,14,3.0,1,United Kingdom
16959.0,Lost / Low Value,87,1,117.35000000000001,7,0.0,1,United Kingdom
16960.0,Loyal Customers,39,3,486.65000000000003,89,2.2061855670103094,1,United Kingdom
16961.0,Hibernating,116,1,234.17,14,0.0,1,United Kingdom
16963.0,Lost / Low Value,187,1,110.55000000000001,7,0.0,1,United Kingdom
16965.0,Hibernating,227,1,117.4,21,0.0,1,United Kingdom
16966.0,Occasional / At Risk,45,2,116.05,2,98.0,1,United Kingdom
16967.0,Hibernating,189,1,305.09999999999997,20,0.0,1,United Kingdom
16968.0,Loyal Customers,4,2,370.73,27,3.9615384615384617,1,United Kingdom
16969.0,Loyal Customers,39,3,522.2,35,4.470588235294118,1,United Kingdom
16971.0,Hibernating,38,1,116.21,29,0.0,1,United Kingdom
16978.0,Hibernating,78,1,294.43,35,0.0,1,United Kingdom
16979.0,Loyal Customers,4,6,1137.33,50,4.59375,1,United Kingdom
16980.0,Hibernating,255,2,738.51,66,0.48,1,United Kingdom
16982.0,Hibernating,61,1,384.06,22,0.0,1,United Kingdom
16983.0,Champions (VIP),13,7,1529.87,100,2.8333333333333335,1,United Kingdom
16984.0,Loyal Customers,88,2,2944.9,290,0.12804878048780488,1,United Kingdom
16985.0,Champions (VIP),17,9,3875.84,52,3.479591836734694,1,United Kingdom
16986.0,Lost / Low Value,30,1,20.8,1,0.0,1,United Kingdom
16987.0,Champions (VIP),3,6,879.6,59,2.2954545454545454,1,United Kingdom
16988.0,Lost / Low Value,5,1,67.87,4,0.0,1,United Kingdom
16989.0,Occasional / At Risk,7,3,110.54999999999998,1,45.5,1,United Kingdom
16992.0,Loyal Customers,11,5,1302.16,70,3.6052631578947367,1,United Kingdom
16996.0,Occasional / At Risk,30,6,1335.2800000000002,13,9.5,1,United Kingdom
16997.0,Occasional / At Risk,288,2,117.0,5,5.25,1,United Kingdom
16998.0,Occasional / At Risk,150,3,105.4,1,77.5,1,United Kingdom
16999.0,Occasional / At Risk,23,2,289.92,19,2.55,1,United Kingdom
17001.0,Champions (VIP),1,11,3317.16,62,2.4689655172413794,1,United Kingdom
17002.0,Occasional / At Risk,86,3,801.3,33,6.029411764705882,1,United Kingdom
17004.0,Loyal Customers,46,2,665.64,29,1.393939393939394,1,United Kingdom
17006.0,Loyal Customers,5,4,703.9300000000001,33,1.8205128205128205,1,United Kingdom
17007.0,Loyal Customers,51,6,675.91,40,7.675,1,United Kingdom
17010.0,Hibernating,18,1,171.96,10,0.0,1,United Kingdom
17011.0,Hibernating,30,1,270.9,15,0.0,1,United Kingdom
17014.0,Loyal Customers,8,3,484.98,59,0.8656716417910447,1,United Kingdom
17015.0,Loyal Customers,29,3,1743.84,176,0.7584541062801933,1,United Kingdom
17017.0,Champions (VIP),3,19,5224.44,81,1.9576719576719577,1,United Kingdom
17018.0,Occasional / At Risk,41,2,748.5,12,23.75,1,United Kingdom
17019.0,Loyal Customers,11,4,1115.28,158,1.6527777777777777,1,United Kingdom
17022.0,Lost / Low Value,31,1,71.0,7,0.0,1,United Kingdom
17024.0,Occasional / At Risk,45,3,95.85,2,56.0,1,United Kingdom
17025.0,Occasional / At Risk,61,3,236.45,7,52.166666666666664,1,United Kingdom
17026.0,Lost / Low Value,370,1,20.4,2,0.0,1,United Kingdom
17027.0,Loyal Customers,79,6,818.26,103,1.707142857142857,1,United Kingdom
17030.0,Lost / Low Value,64,1,115.95,9,0.0,1,United Kingdom
17031.0,Occasional / At Risk,12,2,317.95,18,7.15,1,United Kingdom
17033.0,Occasional / At Risk,86,3,617.76,21,13.0,1,United Kingdom
17034.0,Occasional / At Risk,16,3,585.07,21,12.318181818181818,1,United Kingdom
17035.0,Hibernating,246,2,347.08,22,3.0,1,United Kingdom
17037.0,Hibernating,88,1,1182.32,70,0.0,1,United Kingdom
17038.0,Hibernating,30,1,88.25,19,0.0,1,United Kingdom
17040.0,Lost / Low Value,138,1,159.78,12,0.0,1,United Kingdom
17041.0,Loyal Customers,27,3,954.57,56,5.301587301587301,1,United Kingdom
17042.0,Loyal Customers,3,5,959.68,68,2.752808988764045,1,United Kingdom
17043.0,Loyal Customers,32,4,1144.98,83,2.819277108433735,1,United Kingdom
17045.0,Hibernating,113,2,210.24,18,2.388888888888889,1,United Kingdom
17046.0,Hibernating,157,1,248.6,14,0.0,1,United Kingdom
17047.0,Loyal Customers,85,3,882.9,49,2.3076923076923075,1,United Kingdom
17048.0,Loyal Customers,118,3,772.25,36,5.783783783783784,1,United Kingdom
17049.0,Champions (VIP),3,9,4300.39,169,1.0622568093385214,1,United Kingdom
17050.0,Loyal Customers,96,6,2640.84,148,0.7328519855595668,1,United Kingdom
17051.0,Hibernating,194,1,230.94,39,0.0,1,United Kingdom
17052.0,Hibernating,28,1,350.08,70,0.0,1,United Kingdom
17053.0,Hibernating,131,1,373.08000000000004,11,0.0,1,United Kingdom
17054.0,Loyal Customers,28,5,795.28,45,4.09433962264151,1,United Kingdom
17058.0,Loyal Customers,82,3,965.54,46,2.981132075471698,1,United Kingdom
17059.0,Champions (VIP),30,5,2549.16,269,0.7112970711297071,1,United Kingdom
17060.0,Lost / Low Value,266,1,50.400000000000006,3,0.0,1,United Kingdom
17061.0,Loyal Customers,74,7,1653.0,34,3.18,1,United Kingdom
17062.0,Hibernating,314,4,488.0,49,0.875,1,United Kingdom
17063.0,Loyal Customers,21,7,1276.7,61,3.7746478873239435,1,United Kingdom
17064.0,Loyal Customers,59,3,681.3000000000001,47,4.981481481481482,1,United Kingdom
17068.0,Champions (VIP),12,21,4232.74,109,1.249122807017544,1,United Kingdom
17069.0,Champions (VIP),28,9,2422.9500000000003,101,2.6538461538461537,1,United Kingdom
17070.0,Hibernating,114,1,284.34,61,0.0,1,United Kingdom
17071.0,Champions (VIP),28,9,1836.0800000000002,88,2.5089285714285716,1,United Kingdom
17073.0,Loyal Customers,18,4,1141.77,124,0.6174496644295302,1,United Kingdom
17075.0,Loyal Customers,18,4,624.52,52,4.6875,1,United Kingdom
17076.0,Occasional / At Risk,36,3,386.9599999999999,11,27.333333333333332,1,United Kingdom
17078.0,Hibernating,36,2,259.94,18,0.0,1,United Kingdom
17079.0,Lost / Low Value,78,1,118.80000000000001,2,0.0,1,United Kingdom
17080.0,Lost / Low Value,22,1,125.39999999999999,5,0.0,1,United Kingdom
17081.0,Hibernating,25,2,210.51,49,0.38181818181818183,1,United Kingdom
17082.0,Loyal Customers,33,2,1408.1,63,4.1911764705882355,1,United Kingdom
17083.0,Loyal Customers,109,3,1219.0,23,4.217391304347826,1,United Kingdom
17084.0,Loyal Customers,35,2,2101.58,125,0.0,1,United Kingdom
17085.0,Loyal Customers,123,5,1366.7,104,1.3895348837209303,1,United Kingdom
17086.0,Champions (VIP),7,6,1307.9,64,0.717948717948718,1,United Kingdom
17088.0,Loyal Customers,28,4,1651.6100000000001,84,2.25,1,United Kingdom
17090.0,Loyal Customers,4,5,1346.74,39,6.862745098039215,1,United Kingdom
17091.0,Champions (VIP),3,9,3421.37,103,2.085714285714286,1,United Kingdom
17092.0,Loyal Customers,50,4,1634.44,94,1.9401709401709402,1,United Kingdom
17094.0,Hibernating,322,1,254.3,13,0.0,1,United Kingdom
17095.0,Loyal Customers,23,3,1184.91,64,4.656716417910448,1,United Kingdom
17096.0,Loyal Customers,15,4,771.84,38,6.473684210526316,1,United Kingdom
17097.0,Champions (VIP),2,8,799.72,146,1.8059701492537314,0,Spain
17100.0,Loyal Customers,18,2,948.34,64,0.0,1,United Kingdom
17101.0,Loyal Customers,30,3,1067.18,25,4.515151515151516,1,United Kingdom
17105.0,Loyal Customers,159,2,560.98,72,1.8148148148148149,1,United Kingdom
17107.0,Champions (VIP),33,6,7826.28,243,0.660377358490566,1,United Kingdom
17109.0,Loyal Customers,29,6,812.95,102,1.8454545454545455,1,United Kingdom
17110.0,Lost / Low Value,165,1,76.1,8,0.0,1,United Kingdom
17111.0,Hibernating,47,1,183.39000000000001,25,0.0,1,United Kingdom
17114.0,Loyal Customers,6,8,434.67,61,3.7386363636363638,1,United Kingdom
17115.0,Occasional / At Risk,8,3,563.7,23,8.333333333333334,1,United Kingdom
17117.0,Lost / Low Value,288,1,73.35,6,0.0,1,United Kingdom
17118.0,Lost / Low Value,318,1,157.02,10,0.0,1,United Kingdom
17119.0,Loyal Customers,3,2,477.79,28,2.074074074074074,1,United Kingdom
17120.0,Hibernating,233,1,222.96,14,0.0,1,United Kingdom
17122.0,Lost / Low Value,119,1,138.32,7,0.0,1,United Kingdom
17123.0,Lost / Low Value,162,1,263.7,8,0.0,1,United Kingdom
17124.0,Hibernating,185,1,262.44,28,0.0,1,United Kingdom
17125.0,Hibernating,50,1,158.78,27,0.0,1,United Kingdom
17126.0,Loyal Customers,152,5,917.16,179,0.8786610878661087,1,United Kingdom
17128.0,Lost / Low Value,335,1,131.59,11,0.0,1,United Kingdom
17131.0,Loyal Customers,5,4,1839.1200000000001,70,0.6086956521739131,1,United Kingdom
17133.0,Occasional / At Risk,16,3,32.400000000000006,2,125.5,1,United Kingdom
17134.0,Occasional / At Risk,107,2,232.35000000000002,11,13.166666666666666,1,United Kingdom
17135.0,Occasional / At Risk,16,5,635.77,26,9.86111111111111,1,United Kingdom
17138.0,Hibernating,276,1,288.3,18,0.0,1,United Kingdom
17139.0,Champions (VIP),16,12,7840.87,272,0.6876574307304786,1,United Kingdom
17140.0,Lost / Low Value,247,1,115.42,12,0.0,1,United Kingdom
17142.0,Lost / Low Value,239,1,119.7,6,0.0,1,United Kingdom
17144.0,Loyal Customers,1,2,537.1800000000001,25,2.9642857142857144,1,United Kingdom
17146.0,Occasional / At Risk,263,2,400.98,23,4.130434782608695,1,United Kingdom
17147.0,Loyal Customers,23,4,1270.07,61,4.128571428571429,1,United Kingdom
17148.0,Lost / Low Value,52,1,124.88,9,0.0,1,United Kingdom
17152.0,Occasional / At Risk,195,3,408.8,8,7.666666666666667,1,United Kingdom
17153.0,Hibernating,24,1,213.78,14,0.0,1,United Kingdom
17154.0,Hibernating,75,1,299.1,21,0.0,1,United Kingdom
17155.0,Occasional / At Risk,18,2,78.2,14,12.307692307692308,1,United Kingdom
17157.0,Occasional / At Risk,8,2,319.0,11,14.083333333333334,1,United Kingdom
17158.0,Loyal Customers,32,3,954.77,44,6.431372549019608,1,United Kingdom
17159.0,Loyal Customers,22,3,1436.45,91,1.5789473684210527,1,United Kingdom
17160.0,Champions (VIP),31,6,3356.97,108,0.958904109589041,1,United Kingdom
17162.0,Loyal Customers,29,10,1293.26,64,3.551282051282051,1,United Kingdom
17163.0,Occasional / At Risk,22,2,293.1,3,14.25,1,United Kingdom
17164.0,Loyal Customers,33,7,2336.2,86,1.7591240875912408,1,United Kingdom
17165.0,Lost / Low Value,284,1,122.88,8,0.0,1,United Kingdom
17166.0,Occasional / At Risk,39,2,206.34,11,15.0,1,United Kingdom
17169.0,Loyal Customers,58,2,751.76,47,2.625,1,United Kingdom
17171.0,Hibernating,289,1,199.41,15,0.0,1,United Kingdom
17172.0,Hibernating,79,1,224.28,10,0.0,1,United Kingdom
17173.0,Champions (VIP),5,8,3226.9,34,1.6153846153846154,1,United Kingdom
17174.0,Lost / Low Value,218,1,59.9,4,0.0,1,United Kingdom
17175.0,Loyal Customers,44,4,968.98,36,5.142857142857143,1,United Kingdom
17176.0,Hibernating,202,1,208.03,13,0.0,1,United Kingdom
17179.0,Loyal Customers,178,3,701.84,55,2.3461538461538463,1,United Kingdom
17180.0,Loyal Customers,56,4,661.06,84,2.2413793103448274,1,United Kingdom
17181.0,Lost / Low Value,57,1,44.6,18,0.0,1,United Kingdom
17183.0,Loyal Customers,8,6,2326.41,35,1.8148148148148149,1,United Kingdom
17187.0,Lost / Low Value,227,1,114.35,7,0.0,1,United Kingdom
17188.0,Loyal Customers,11,7,1430.71,56,5.4,1,United Kingdom
17189.0,Occasional / At Risk,106,2,264.9,48,4.773584905660377,1,United Kingdom
17190.0,Hibernating,59,1,228.74,17,0.0,1,United Kingdom
17191.0,Champions (VIP),28,7,1795.56,154,1.5315315315315314,1,United Kingdom
17193.0,Occasional / At Risk,36,7,1088.8600000000001,9,6.409090909090909,1,United Kingdom
17194.0,Lost / Low Value,361,1,70.28,20,0.0,1,United Kingdom
17197.0,Hibernating,30,1,463.81,20,0.0,1,United Kingdom
17198.0,Loyal Customers,24,3,354.97,74,4.405063291139241,1,United Kingdom
17201.0,Hibernating,54,1,155.07999999999998,35,0.0,1,United Kingdom
17203.0,Loyal Customers,36,6,899.04,90,0.22522522522522523,1,United Kingdom
17204.0,Loyal Customers,175,4,1091.3600000000001,36,2.0,1,United Kingdom
17205.0,Lost / Low Value,54,1,20.5,2,0.0,1,United Kingdom
17206.0,Lost / Low Value,53,1,204.24,7,0.0,1,United Kingdom
17211.0,Champions (VIP),27,8,1798.93,130,1.9488636363636365,1,United Kingdom
17212.0,Lost / Low Value,253,1,3.95,1,0.0,1,United Kingdom
17213.0,Loyal Customers,40,7,2176.2000000000003,73,2.608,1,United Kingdom
17214.0,Loyal Customers,60,6,720.07,64,3.6463414634146343,1,United Kingdom
17217.0,Lost / Low Value,234,1,97.6,8,0.0,1,United Kingdom
17218.0,Champions (VIP),4,10,1554.88,134,1.4796747967479675,1,United Kingdom
17219.0,Hibernating,32,1,105.98,23,0.0,1,United Kingdom
17220.0,Champions (VIP),24,14,2785.73,288,0.7692307692307693,1,United Kingdom
17221.0,Loyal Customers,7,2,245.66,57,0.4915254237288136,1,United Kingdom
17222.0,Hibernating,65,1,273.0,26,0.0,1,United Kingdom
17223.0,Hibernating,310,2,225.09,36,1.4871794871794872,1,United Kingdom
17226.0,Hibernating,309,1,148.99,16,0.0,1,United Kingdom
17227.0,Occasional / At Risk,19,6,369.86,24,9.45945945945946,1,United Kingdom
17228.0,Champions (VIP),16,8,1798.95,134,1.785,1,United Kingdom
17229.0,Hibernating,96,2,308.81,38,1.0222222222222221,1,United Kingdom
17230.0,Loyal Customers,264,6,1514.0,34,2.4358974358974357,1,United Kingdom
17231.0,Champions (VIP),12,10,2636.2200000000003,267,0.709349593495935,1,United Kingdom
17232.0,Loyal Customers,3,2,417.77,30,0.35294117647058826,1,United Kingdom
17233.0,Hibernating,35,1,131.07,22,0.0,1,United Kingdom
17234.0,Lost / Low Value,183,1,114.04,13,0.0,1,United Kingdom
17235.0,Occasional / At Risk,25,2,357.46,21,15.08695652173913,1,United Kingdom
17236.0,Loyal Customers,13,6,787.58,83,3.5353535353535355,1,United Kingdom
17237.0,Hibernating,11,2,306.74,17,0.6470588235294118,1,United Kingdom
17238.0,Champions (VIP),3,17,3278.1,275,0.7055449330783938,1,United Kingdom
17239.0,Hibernating,313,1,295.0,12,0.0,1,United Kingdom
17242.0,Loyal Customers,108,2,915.04,28,2.057142857142857,1,United Kingdom
17243.0,Champions (VIP),1,26,5730.54,142,1.2474576271186442,1,United Kingdom
17244.0,Hibernating,53,1,532.53,24,0.0,1,United Kingdom
17245.0,Lost / Low Value,205,1,171.45,9,0.0,1,United Kingdom
17247.0,Hibernating,15,1,205.99,47,0.0,1,United Kingdom
17248.0,Hibernating,120,1,277.85,67,0.0,1,United Kingdom
17250.0,Loyal Customers,4,2,282.62,51,5.0588235294117645,1,United Kingdom
17251.0,Hibernating,363,1,244.33,35,0.0,1,United Kingdom
17252.0,Hibernating,117,2,294.31,80,0.8860759493670886,1,United Kingdom
17253.0,Hibernating,18,1,113.01,13,0.0,1,United Kingdom
17254.0,Loyal Customers,5,2,235.04,98,0.10185185185185185,1,United Kingdom
17255.0,Loyal Customers,41,2,253.45,65,3.753623188405797,1,United Kingdom
17256.0,Occasional / At Risk,107,2,150.29999999999998,12,14.642857142857142,1,United Kingdom
17259.0,Loyal Customers,148,2,485.33,98,2.018348623853211,1,United Kingdom
17262.0,Occasional / At Risk,52,3,391.81,7,52.333333333333336,1,United Kingdom
17263.0,Lost / Low Value,208,1,63.440000000000005,23,0.0,1,United Kingdom
17265.0,Hibernating,139,2,497.21,100,0.3652173913043478,1,United Kingdom
17266.0,Loyal Customers,2,3,226.03,54,2.196969696969697,1,United Kingdom
17267.0,Hibernating,127,2,209.35,31,0.0,1,United Kingdom
17268.0,Lost / Low Value,150,1,35.0,2,0.0,1,United Kingdom
17272.0,Loyal Customers,46,3,1868.67,65,2.1176470588235294,1,United Kingdom
17274.0,Hibernating,35,1,81.25999999999999,23,0.0,1,United Kingdom
17277.0,Loyal Customers,228,2,958.0500000000001,63,1.484375,1,United Kingdom
17278.0,Hibernating,241,1,206.09,14,0.0,1,United Kingdom
17279.0,Lost / Low Value,58,1,25.43,5,0.0,1,United Kingdom
17282.0,Hibernating,174,2,355.25,69,1.8,1,United Kingdom
17284.0,Loyal Customers,60,6,1586.08,224,0.968421052631579,1,United Kingdom
17286.0,Hibernating,22,1,142.87,43,0.0,1,United Kingdom
17287.0,Loyal Customers,26,7,694.46,76,3.295238095238095,1,United Kingdom
17288.0,Loyal Customers,9,6,797.35,102,3.06140350877193,1,United Kingdom
17289.0,Loyal Customers,32,3,877.57,81,1.5204081632653061,1,United Kingdom
17290.0,Loyal Customers,4,2,410.49,83,0.1511627906976744,1,United Kingdom
17293.0,Champions (VIP),8,8,1387.14,86,2.9173553719008263,1,United Kingdom
17295.0,Loyal Customers,29,3,400.12,46,0.6206896551724138,1,United Kingdom
17297.0,Hibernating,17,1,91.83,45,0.0,1,United Kingdom
17298.0,Hibernating,101,2,270.68,23,1.0454545454545454,1,United Kingdom
17299.0,Loyal Customers,12,4,532.25,46,3.24,1,United Kingdom
17301.0,Hibernating,21,1,152.84,58,0.0,1,United Kingdom
17302.0,Loyal Customers,15,5,1044.48,64,3.9324324324324325,1,United Kingdom
17303.0,Hibernating,361,1,192.24,47,0.0,1,United Kingdom
17306.0,Occasional / At Risk,11,3,109.92,2,30.5,1,United Kingdom
17309.0,Lost / Low Value,95,1,82.75,11,0.0,1,United Kingdom
17311.0,Occasional / At Risk,78,2,727.84,39,6.2631578947368425,1,United Kingdom
17312.0,Lost / Low Value,155,2,96.35000000000001,9,0.4444444444444444,1,United Kingdom
17313.0,Lost / Low Value,31,1,210.60000000000002,4,0.0,1,United Kingdom
17314.0,Champions (VIP),25,8,2036.24,109,2.5043478260869567,1,United Kingdom
17315.0,Champions (VIP),2,36,4194.61,234,0.8476190476190476,1,United Kingdom
17320.0,Loyal Customers,100,3,815.88,42,5.469387755102041,1,United Kingdom
17321.0,Hibernating,68,1,411.74,84,0.0,1,United Kingdom
17323.0,Loyal Customers,15,7,903.12,124,1.4352331606217616,1,United Kingdom
17324.0,Occasional / At Risk,18,4,414.84000000000003,33,9.18421052631579,1,United Kingdom
17325.0,Lost / Low Value,280,1,96.8,6,0.0,1,United Kingdom
17329.0,Occasional / At Risk,14,2,466.56,24,11.148148148148149,1,United Kingdom
17330.0,Occasional / At Risk,23,2,273.9,3,15.0,1,United Kingdom
17333.0,Hibernating,86,1,479.13,27,0.0,1,United Kingdom
17334.0,Lost / Low Value,302,2,215.82,9,0.75,1,United Kingdom
17337.0,Loyal Customers,151,4,1625.41,392,0.32581967213114754,1,United Kingdom
17338.0,Champions (VIP),17,8,5788.77,368,0.5043988269794721,1,United Kingdom
17339.0,Occasional / At Risk,94,2,199.20000000000002,7,45.166666666666664,1,United Kingdom
17340.0,Champions (VIP),30,11,8982.7,194,0.9853801169590644,1,United Kingdom
17341.0,Loyal Customers,157,3,516.3000000000001,139,1.4189189189189189,1,United Kingdom
17343.0,Hibernating,355,1,168.74,15,0.0,1,United Kingdom
17344.0,Hibernating,46,1,132.62,30,0.0,1,United Kingdom
17345.0,Loyal Customers,15,4,375.74,62,2.445945945945946,1,United Kingdom
17346.0,Champions (VIP),4,15,2230.29,275,0.8185840707964602,1,United Kingdom
17348.0,Loyal Customers,15,5,987.76,168,1.4221105527638191,1,United Kingdom
17349.0,Lost / Low Value,179,1,35.05,5,0.0,1,United Kingdom
17350.0,Loyal Customers,8,4,952.0,61,0.6825396825396826,1,United Kingdom
17351.0,Occasional / At Risk,36,3,253.5,12,19.75,1,United Kingdom
17354.0,Lost / Low Value,51,1,56.690000000000005,4,0.0,1,United Kingdom
17356.0,Hibernating,312,1,178.22,19,0.0,1,United Kingdom
17357.0,Hibernating,24,2,331.04,36,0.0,1,United Kingdom
17358.0,Hibernating,303,2,342.36,53,0.9454545454545454,1,United Kingdom
17359.0,Lost / Low Value,11,1,56.15,11,0.0,1,United Kingdom
17360.0,Loyal Customers,17,3,486.79,106,1.4396551724137931,1,United Kingdom
17361.0,Occasional / At Risk,49,3,430.85,21,10.521739130434783,1,United Kingdom
17362.0,Hibernating,239,2,276.28,29,2.121212121212121,1,United Kingdom
17364.0,Champions (VIP),1,11,3641.2400000000002,265,0.9220055710306406,1,United Kingdom
17365.0,Champions (VIP),13,8,3788.79,254,0.7619047619047619,1,United Kingdom
17367.0,Hibernating,238,1,148.60999999999999,31,0.0,1,United Kingdom
17368.0,Loyal Customers,23,7,613.99,74,3.9746835443037973,1,United Kingdom
17370.0,Loyal Customers,73,4,398.21999999999997,27,3.4642857142857144,1,United Kingdom
17371.0,Loyal Customers,17,3,205.15,73,4.648648648648648,1,United Kingdom
17372.0,Loyal Customers,41,8,1227.3,205,1.3416666666666666,1,United Kingdom
17373.0,Loyal Customers,40,4,623.07,46,4.945454545454545,1,United Kingdom
17374.0,Occasional / At Risk,219,2,109.07000000000001,6,12.6,1,United Kingdom
17375.0,Loyal Customers,199,3,333.06,55,2.7,1,United Kingdom
17376.0,Occasional / At Risk,71,2,185.0,21,11.476190476190476,1,United Kingdom
17377.0,Champions (VIP),24,20,3484.42,184,0.9043927648578811,1,United Kingdom
17379.0,Hibernating,11,1,342.16,67,0.0,1,United Kingdom
17381.0,Occasional / At Risk,152,5,632.31,8,12.6,1,United Kingdom
17382.0,Lost / Low Value,65,1,50.400000000000006,1,0.0,1,United Kingdom
17383.0,Hibernating,4,1,193.39000000000001,49,0.0,1,United Kingdom
17384.0,Occasional / At Risk,19,2,122.2,12,15.384615384615385,1,United Kingdom
17385.0,Hibernating,15,1,246.16,41,0.0,1,United Kingdom
17386.0,Occasional / At Risk,8,3,154.70000000000002,8,22.571428571428573,1,United Kingdom
17387.0,Loyal Customers,20,2,591.82,62,0.21212121212121213,1,United Kingdom
17388.0,Occasional / At Risk,78,2,128.48,9,6.75,1,United Kingdom
17389.0,Champions (VIP),1,26,2717.48,28,4.355263157894737,1,United Kingdom
17392.0,Hibernating,307,2,326.52,47,1.0612244897959184,1,United Kingdom
17394.0,Lost / Low Value,219,1,38.4,2,0.0,1,United Kingdom
17396.0,Occasional / At Risk,149,2,108.75,2,223.0,1,United Kingdom
17397.0,Loyal Customers,22,2,532.36,82,0.0,1,United Kingdom
17398.0,Occasional / At Risk,115,3,378.78000000000003,23,5.64,1,United Kingdom
17400.0,Loyal Customers,126,5,1545.6200000000001,149,1.2971428571428572,1,United Kingdom
17402.0,Occasional / At Risk,5,9,619.91,21,11.774193548387096,1,United Kingdom
17403.0,Hibernating,36,1,238.17000000000002,30,0.0,1,United Kingdom
17404.0,Loyal Customers,26,8,1172.14,28,10.709677419354838,0,Sweden
17405.0,Loyal Customers,1,3,754.26,65,2.2238805970149254,1,United Kingdom
17406.0,Hibernating,333,2,1169.17,86,0.3473684210526316,1,United Kingdom
17409.0,Occasional / At Risk,185,2,111.55000000000001,5,16.0,1,United Kingdom
17410.0,Loyal Customers,16,5,900.27,49,3.7547169811320753,1,United Kingdom
17411.0,Occasional / At Risk,12,3,630.7,31,8.03225806451613,1,United Kingdom
17412.0,Champions (VIP),3,7,1178.74,43,6.166666666666667,1,United Kingdom
17414.0,Lost / Low Value,185,1,28.0,3,0.0,1,United Kingdom
17415.0,Lost / Low Value,80,1,138.44,8,0.0,1,United Kingdom
17416.0,Champions (VIP),30,6,4601.58,161,1.1150442477876106,1,United Kingdom
17418.0,Occasional / At Risk,42,2,349.76,25,11.24,1,United Kingdom
17419.0,Champions (VIP),11,12,3475.62,126,2.119047619047619,1,United Kingdom
17420.0,Occasional / At Risk,50,3,485.08,23,13.458333333333334,1,United Kingdom
17422.0,Loyal Customers,16,6,1609.85,85,2.7184466019417477,1,United Kingdom
17423.0,Occasional / At Risk,46,2,425.29,23,7.7727272727272725,1,United Kingdom
17425.0,Hibernating,61,1,655.97,40,0.0,1,United Kingdom
17426.0,Champions (VIP),8,6,3895.29,150,1.1561181434599157,1,United Kingdom
17427.0,Lost / Low Value,72,1,100.8,2,0.0,1,United Kingdom
17428.0,Champions (VIP),1,25,5667.59,169,1.8308457711442787,1,United Kingdom
17429.0,Loyal Customers,128,3,401.72,29,3.0,1,United Kingdom
17430.0,Occasional / At Risk,33,2,242.36,13,27.75,1,United Kingdom
17431.0,Hibernating,313,1,357.4,39,0.0,1,United Kingdom
17432.0,Hibernating,18,2,349.36,42,0.4222222222222222,1,United Kingdom
17433.0,Hibernating,88,1,283.26,51,0.0,1,United Kingdom
17434.0,Champions (VIP),2,7,2021.72,86,0.7155172413793104,1,United Kingdom
17436.0,Occasional / At Risk,2,2,216.29999999999998,7,28.125,1,United Kingdom
17438.0,Hibernating,254,1,283.05,12,0.0,1,United Kingdom
17440.0,Lost / Low Value,248,2,22.62,2,0.0,1,United Kingdom
17442.0,Loyal Customers,37,6,2100.79,90,1.984375,1,United Kingdom
17444.0,Loyal Customers,152,2,1789.94,108,0.19090909090909092,0,Canada
17446.0,Occasional / At Risk,177,2,120.9,6,16.75,1,United Kingdom
17447.0,Hibernating,40,2,541.53,33,0.8857142857142857,1,United Kingdom
17449.0,Champions (VIP),2,7,2154.31,157,1.4691358024691359,1,United Kingdom
17450.0,Champions (VIP),11,9,2545.34,55,5.852459016393443,1,United Kingdom
17451.0,Champions (VIP),1,7,1638.8,77,1.118279569892473,1,United Kingdom
17453.0,Occasional / At Risk,18,2,457.46999999999997,17,2.9375,1,United Kingdom
17454.0,Loyal Customers,192,4,451.88,54,2.9298245614035086,1,United Kingdom
17455.0,Lost / Low Value,204,1,111.8,7,0.0,1,United Kingdom
17456.0,Hibernating,365,1,219.62,15,0.0,1,United Kingdom
17457.0,Occasional / At Risk,127,4,216.49,7,35.5,1,United Kingdom
17458.0,Hibernating,15,1,300.40000000000003,50,0.0,1,United Kingdom
17459.0,Hibernating,43,2,551.99,82,0.1650485436893204,1,United Kingdom
17460.0,Occasional / At Risk,94,5,534.08,15,12.08695652173913,1,United Kingdom
17461.0,Loyal Customers,23,3,612.01,92,0.07526881720430108,1,United Kingdom
17462.0,Occasional / At Risk,60,2,612.44,21,10.181818181818182,1,United Kingdom
17463.0,Loyal Customers,16,5,1641.31,153,1.538860103626943,1,United Kingdom
17464.0,Lost / Low Value,158,1,248.20000000000002,8,0.0,1,United Kingdom
17466.0,Loyal Customers,10,2,531.88,32,2.193548387096774,1,United Kingdom
17468.0,Lost / Low Value,10,2,137.0,5,1.0,1,United Kingdom
17469.0,Loyal Customers,16,5,1695.97,54,2.35,1,United Kingdom
17470.0,Loyal Customers,45,5,734.41,49,5.568965517241379,1,United Kingdom
17472.0,Loyal Customers,191,3,656.14,137,0.6428571428571429,1,United Kingdom
17475.0,Hibernating,79,1,194.37,14,0.0,1,United Kingdom
17480.0,Hibernating,78,1,511.82,29,0.0,1,United Kingdom
17481.0,Loyal Customers,4,4,1091.96,62,1.25,1,United Kingdom
17483.0,Occasional / At Risk,65,3,381.64,16,6.555555555555555,1,United Kingdom
17486.0,Hibernating,261,1,376.97,23,0.0,1,United Kingdom
17489.0,Occasional / At Risk,59,2,361.52,27,5.703703703703703,1,United Kingdom
17490.0,Champions (VIP),1,7,1169.33,54,3.0344827586206895,1,United Kingdom
17491.0,Champions (VIP),1,10,2138.03,58,4.409638554216867,1,United Kingdom
17492.0,Hibernating,248,1,288.62,10,0.0,1,United Kingdom
17495.0,Loyal Customers,8,2,432.26,17,1.4090909090909092,1,United Kingdom
17496.0,Lost / Low Value,359,1,251.10000000000002,9,0.0,1,United Kingdom
17498.0,Hibernating,76,1,235.74,15,0.0,1,United Kingdom
17499.0,Hibernating,290,1,460.1,34,0.0,1,United Kingdom
17501.0,Hibernating,221,2,259.35,16,0.0,1,United Kingdom
17502.0,Loyal Customers,9,4,633.36,23,0.8,1,United Kingdom
17503.0,Loyal Customers,3,2,478.91,31,1.125,1,United Kingdom
17504.0,Loyal Customers,206,9,1794.82,88,1.1717171717171717,1,United Kingdom
17505.0,Hibernating,162,2,1006.94,45,0.9166666666666666,1,United Kingdom
17506.0,Hibernating,76,1,302.2,14,0.0,1,United Kingdom
17507.0,Hibernating,262,2,574.73,76,0.5714285714285714,1,United Kingdom
17508.0,Hibernating,281,1,387.31,22,0.0,0,Greece
17509.0,Champions (VIP),58,8,6083.64,75,0.01652892561983471,1,United Kingdom
17510.0,Hibernating,25,1,282.98,19,0.0,1,United Kingdom
17511.0,Champions (VIP),3,28,12117.42,150,1.2576271186440677,1,United Kingdom
17512.0,Loyal Customers,51,8,1702.6100000000001,55,2.840909090909091,1,United Kingdom
17513.0,Lost / Low Value,72,1,140.39999999999998,3,0.0,1,United Kingdom
17514.0,Hibernating,128,1,200.15,39,0.0,1,United Kingdom
17515.0,Loyal Customers,31,4,403.17,37,4.042253521126761,1,United Kingdom
17516.0,Loyal Customers,15,5,651.71,106,2.142857142857143,1,United Kingdom
17517.0,Lost / Low Value,309,1,128.44,10,0.0,1,United Kingdom
17519.0,Loyal Customers,17,6,1151.1000000000001,49,5.9491525423728815,1,United Kingdom
17520.0,Hibernating,54,1,441.29,25,0.0,1,United Kingdom
17521.0,Loyal Customers,30,3,684.59,37,4.0476190476190474,1,United Kingdom
17522.0,Loyal Customers,2,5,645.2,50,3.875,1,United Kingdom
17523.0,Hibernating,11,2,263.43,23,0.2962962962962963,1,United Kingdom
17524.0,Lost / Low Value,361,1,145.0,6,0.0,1,United Kingdom
17525.0,Lost / Low Value,360,1,295.5,5,0.0,1,United Kingdom
17526.0,Occasional / At Risk,5,3,155.20000000000002,9,45.125,1,United Kingdom
17527.0,Loyal Customers,54,4,712.4200000000001,40,4.024390243902439,1,United Kingdom
17528.0,Champions (VIP),1,8,2755.06,164,0.31390134529147984,1,United Kingdom
17530.0,Champions (VIP),1,10,2084.2,291,0.9811320754716981,1,United Kingdom
17531.0,Lost / Low Value,190,1,233.1,10,0.0,1,United Kingdom
17534.0,Hibernating,54,1,223.36,9,0.0,1,United Kingdom
17535.0,Lost / Low Value,280,1,164.4,13,0.0,1,United Kingdom
17537.0,Loyal Customers,30,2,777.16,67,4.151515151515151,1,United Kingdom
17538.0,Lost / Low Value,26,1,92.66,8,0.0,1,United Kingdom
17540.0,Occasional / At Risk,25,2,544.9,19,12.695652173913043,1,United Kingdom
17542.0,Hibernating,270,1,141.55,21,0.0,1,United Kingdom
17545.0,Loyal Customers,43,3,409.94,111,0.0,1,United Kingdom
17548.0,Lost / Low Value,234,1,103.3,5,0.0,1,United Kingdom
17549.0,Occasional / At Risk,24,2,16.439999999999998,2,28.0,1,United Kingdom
17550.0,Hibernating,197,3,198.41,40,1.1794871794871795,1,United Kingdom
17551.0,Hibernating,359,1,281.84,38,0.0,1,United Kingdom
17552.0,Loyal Customers,60,4,859.27,40,7.090909090909091,1,United Kingdom
17554.0,Champions (VIP),1,5,1220.91,42,2.370967741935484,1,United Kingdom
17555.0,Loyal Customers,20,2,471.81,100,3.058252427184466,1,United Kingdom
17556.0,Lost / Low Value,206,1,67.95,4,0.0,1,United Kingdom
17557.0,Loyal Customers,14,3,525.01,25,2.161290322580645,1,United Kingdom
17560.0,Occasional / At Risk,155,3,294.67,12,14.090909090909092,1,United Kingdom
17561.0,Hibernating,19,1,137.5,42,0.0,1,United Kingdom
17562.0,Loyal Customers,14,7,1078.82,45,2.694915254237288,1,United Kingdom
17564.0,Loyal Customers,24,3,409.36,35,1.2444444444444445,1,United Kingdom
17566.0,Loyal Customers,8,2,773.87,107,0.12686567164179105,1,United Kingdom
17567.0,Champions (VIP),7,8,2775.57,101,2.5347222222222223,1,United Kingdom
17569.0,Hibernating,332,1,242.6,24,0.0,1,United Kingdom
17571.0,Loyal Customers,50,3,1016.56,219,1.0333333333333334,1,United Kingdom
17572.0,Occasional / At Risk,71,4,206.85000000000002,6,30.2,1,United Kingdom
17573.0,Loyal Customers,29,3,336.44,22,2.909090909090909,1,United Kingdom
17574.0,Lost / Low Value,243,1,155.8,7,0.0,1,United Kingdom
17576.0,Champions (VIP),8,19,2723.0,216,1.0229226361031518,1,United Kingdom
17578.0,Lost / Low Value,218,1,96.3,3,0.0,1,United Kingdom
17579.0,Loyal Customers,5,3,427.65000000000003,44,3.723404255319149,1,United Kingdom
17580.0,Hibernating,312,2,157.12,41,1.1219512195121952,1,United Kingdom
17581.0,Champions (VIP),1,24,7926.01,209,0.9662337662337662,1,United Kingdom
17582.0,Hibernating,236,1,99.37,25,0.0,1,United Kingdom
17584.0,Loyal Customers,7,2,771.7,23,4.615384615384615,1,United Kingdom
17585.0,Loyal Customers,109,4,816.77,159,1.2245989304812834,1,United Kingdom
17588.0,Occasional / At Risk,100,2,428.5,7,16.5,1,United Kingdom
17589.0,Loyal Customers,60,4,2085.62,160,0.759493670886076,1,United Kingdom
17590.0,Champions (VIP),2,3,1198.94,149,0.2122905027932961,1,United Kingdom
17591.0,Loyal Customers,73,7,1541.47,66,2.370967741935484,1,United Kingdom
17593.0,Champions (VIP),4,5,3083.48,165,1.907103825136612,1,United Kingdom
17594.0,Loyal Customers,85,2,993.18,42,3.4489795918367347,1,United Kingdom
17595.0,Loyal Customers,12,2,302.84000000000003,64,0.3333333333333333,1,United Kingdom
17596.0,Loyal Customers,23,7,1236.59,152,1.6586538461538463,1,United Kingdom
17597.0,Hibernating,214,1,1093.74,41,0.0,1,United Kingdom
17600.0,Lost / Low Value,18,1,115.68,10,0.0,1,United Kingdom
17601.0,Lost / Low Value,239,1,108.45,8,0.0,1,United Kingdom
17602.0,Champions (VIP),2,6,4240.08,315,0.6192307692307693,1,United Kingdom
17603.0,Lost / Low Value,78,1,144.72,10,0.0,1,United Kingdom
17604.0,Hibernating,217,2,266.02,54,1.6101694915254237,1,United Kingdom
17608.0,Hibernating,33,2,191.99,54,0.0,1,United Kingdom
17609.0,Loyal Customers,41,5,952.1899999999999,188,1.31651376146789,1,United Kingdom
17611.0,Champions (VIP),7,15,3295.32,409,0.6781609195402298,1,United Kingdom
17612.0,Loyal Customers,53,6,1541.59,99,2.238532110091743,1,United Kingdom
17613.0,Champions (VIP),23,14,3922.42,196,1.0179856115107915,1,United Kingdom
17614.0,Hibernating,57,1,346.72,93,0.0,1,United Kingdom
17615.0,Occasional / At Risk,130,3,195.05,10,10.222222222222221,1,United Kingdom
17618.0,Loyal Customers,6,3,644.63,49,6.375,1,United Kingdom
17619.0,Hibernating,312,1,198.47,70,0.0,1,United Kingdom
17620.0,Lost / Low Value,60,1,47.44,3,0.0,1,United Kingdom
17621.0,Occasional / At Risk,21,3,692.9,18,19.58823529411765,1,United Kingdom
17623.0,Hibernating,33,1,455.45,31,0.0,1,United Kingdom
17624.0,Loyal Customers,15,2,747.43,44,4.636363636363637,1,United Kingdom
17625.0,Loyal Customers,18,4,1885.15,215,0.8129251700680272,1,United Kingdom
17628.0,Lost / Low Value,81,1,75.75,5,0.0,1,United Kingdom
17629.0,Champions (VIP),6,8,1467.32,95,3.3714285714285714,1,United Kingdom
17630.0,Occasional / At Risk,170,2,219.39999999999998,13,5.25,1,United Kingdom
17631.0,Loyal Customers,2,3,445.29,33,7.21875,1,United Kingdom
17633.0,Loyal Customers,31,4,1243.34,56,1.390625,1,United Kingdom
17634.0,Champions (VIP),36,9,1588.89,176,1.2235772357723578,1,United Kingdom
17636.0,Hibernating,19,1,285.56,20,0.0,1,United Kingdom
17637.0,Loyal Customers,31,2,464.51,30,2.896551724137931,1,United Kingdom
17639.0,Lost / Low Value,276,1,60.2,4,0.0,1,United Kingdom
17640.0,Lost / Low Value,87,1,114.3,2,0.0,1,United Kingdom
17642.0,Hibernating,120,2,635.49,32,1.5833333333333333,1,United Kingdom
17643.0,Lost / Low Value,373,1,58.8,5,0.0,1,United Kingdom
17644.0,Champions (VIP),1,11,2287.71,91,1.9185185185185185,1,United Kingdom
17646.0,Loyal Customers,219,3,810.7900000000001,36,3.65,1,United Kingdom
17647.0,Lost / Low Value,65,1,82.11,4,0.0,1,United Kingdom
17648.0,Loyal Customers,61,3,1224.6000000000001,57,3.0483870967741935,1,United Kingdom
17649.0,Hibernating,138,1,781.49,47,0.0,1,United Kingdom
17650.0,Lost / Low Value,21,1,166.08,8,0.0,1,United Kingdom
17651.0,Champions (VIP),12,10,3623.63,134,0.7793427230046949,1,United Kingdom
17652.0,Champions (VIP),25,12,4274.92,104,1.0987124463519313,1,United Kingdom
17653.0,Loyal Customers,38,3,531.22,32,2.6451612903225805,1,United Kingdom
17654.0,Lost / Low Value,277,1,80.65,19,0.0,1,United Kingdom
17655.0,Loyal Customers,11,7,1342.44,45,6.245614035087719,1,United Kingdom
17656.0,Loyal Customers,73,5,1177.25,51,0.9016393442622951,1,United Kingdom
17658.0,Occasional / At Risk,26,2,200.22,8,23.25,1,United Kingdom
17659.0,Champions (VIP),17,12,2354.81,97,2.886178861788618,1,United Kingdom
17660.0,Hibernating,141,1,168.8,36,0.0,1,United Kingdom
17663.0,Loyal Customers,26,7,1542.3600000000001,56,3.4473684210526314,1,United Kingdom
17664.0,Loyal Customers,19,2,547.94,39,4.85,1,United Kingdom
17666.0,Occasional / At Risk,4,2,110.58,4,12.4,1,United Kingdom
17667.0,Loyal Customers,66,5,1708.07,73,2.36734693877551,1,United Kingdom
17668.0,Occasional / At Risk,1,2,145.25,7,6.166666666666667,1,United Kingdom
17669.0,Loyal Customers,43,7,880.52,35,4.5,1,United Kingdom
17670.0,Lost / Low Value,228,1,173.9,10,0.0,1,United Kingdom
17671.0,Loyal Customers,16,4,1119.59,37,7.291666666666667,1,United Kingdom
17672.0,Loyal Customers,50,2,2010.42,85,2.9101123595505616,1,United Kingdom
17673.0,Champions (VIP),2,6,1387.25,114,1.5263157894736843,1,United Kingdom
17674.0,Occasional / At Risk,74,2,271.32,16,13.363636363636363,1,United Kingdom
17675.0,Champions (VIP),1,31,14162.95,205,0.6535714285714286,1,United Kingdom
17676.0,Loyal Customers,4,6,1291.6000000000001,47,4.958904109589041,1,United Kingdom
17677.0,Champions (VIP),2,22,3506.64,128,1.8917525773195876,1,United Kingdom
17678.0,Hibernating,264,1,298.11,16,0.0,1,United Kingdom
17679.0,Loyal Customers,53,2,892.86,17,2.0625,1,United Kingdom
17680.0,Hibernating,24,1,151.4,10,0.0,1,United Kingdom
17682.0,Loyal Customers,10,6,2353.4900000000002,44,3.225225225225225,1,United Kingdom
17684.0,Hibernating,44,1,201.01,13,0.0,1,United Kingdom
17685.0,Champions (VIP),17,7,2499.56,80,3.0956521739130434,1,United Kingdom
17686.0,Champions (VIP),7,7,4067.48,152,1.3288288288288288,1,United Kingdom
17690.0,Champions (VIP),30,15,3278.02,148,1.7411167512690355,1,United Kingdom
17691.0,Hibernating,358,2,242.70000000000002,16,0.6666666666666666,1,United Kingdom
17692.0,Occasional / At Risk,127,4,611.04,29,5.948717948717949,1,United Kingdom
17693.0,Hibernating,137,1,166.47,14,0.0,1,United Kingdom
17694.0,Hibernating,142,1,251.92000000000002,14,0.0,1,United Kingdom
17695.0,Hibernating,132,2,607.94,27,1.4285714285714286,1,United Kingdom
17696.0,Loyal Customers,38,8,1751.63,67,3.3958333333333335,1,United Kingdom
17697.0,Hibernating,236,1,298.25,16,0.0,1,United Kingdom
17698.0,Lost / Low Value,261,1,154.95,8,0.0,1,United Kingdom
17700.0,Loyal Customers,17,4,2135.39,108,2.054263565891473,1,United Kingdom
17701.0,Lost / Low Value,253,1,193.65,12,0.0,1,United Kingdom
17702.0,Loyal Customers,30,4,1016.99,54,2.75,1,United Kingdom
17703.0,Loyal Customers,35,3,798.74,47,1.9074074074074074,1,United Kingdom
17704.0,Hibernating,169,2,729.99,23,2.84,1,United Kingdom
17705.0,Champions (VIP),3,9,1511.72,58,3.348314606741573,1,United Kingdom
17706.0,Champions (VIP),4,17,6826.93,220,1.2147651006711409,1,United Kingdom
17707.0,Occasional / At Risk,185,2,50.400000000000006,2,75.5,1,United Kingdom
17708.0,Occasional / At Risk,188,2,254.82999999999998,27,4.28125,1,United Kingdom
17709.0,Lost / Low Value,170,1,58.25,4,0.0,1,United Kingdom
17711.0,Occasional / At Risk,11,2,369.8,21,13.285714285714286,1,United Kingdom
17712.0,Hibernating,45,1,403.21,26,0.0,1,United Kingdom
17714.0,Lost / Low Value,321,1,153.0,10,0.0,1,United Kingdom
17716.0,Champions (VIP),29,10,4455.29,158,1.072072072072072,1,United Kingdom
17718.0,Lost / Low Value,232,1,113.85,5,0.0,1,United Kingdom
17719.0,Champions (VIP),38,15,3669.72,87,1.1122448979591837,1,United Kingdom
17720.0,Occasional / At Risk,26,4,860.54,27,10.333333333333334,1,United Kingdom
17722.0,Loyal Customers,96,4,1560.26,90,2.967032967032967,1,United Kingdom
17723.0,Occasional / At Risk,173,2,163.9,3,14.0,1,United Kingdom
17724.0,Loyal Customers,71,3,820.2,31,2.09375,1,United Kingdom
17725.0,Champions (VIP),16,11,2946.2799999999997,107,1.4261363636363635,1,United Kingdom
17727.0,Hibernating,15,1,923.35,58,0.0,1,United Kingdom
17728.0,Champions (VIP),4,3,2549.93,135,0.5724137931034483,1,United Kingdom
17730.0,Champions (VIP),3,13,3979.48,115,1.7,1,United Kingdom
17731.0,Loyal Customers,79,4,871.06,44,2.122448979591837,1,United Kingdom
17732.0,Hibernating,373,1,222.52,13,0.0,1,United Kingdom
17733.0,Occasional / At Risk,39,2,471.63,27,8.25925925925926,1,United Kingdom
17734.0,Loyal Customers,54,3,567.91,34,5.0,1,United Kingdom
17735.0,Champions (VIP),2,19,12077.380000000001,296,0.5632716049382716,1,United Kingdom
17736.0,Occasional / At Risk,9,2,215.59,17,6.117647058823529,1,United Kingdom
17737.0,Occasional / At Risk,9,2,137.64000000000001,8,6.125,1,United Kingdom
17738.0,Loyal Customers,19,4,1351.81,74,3.2875,1,United Kingdom
17739.0,Loyal Customers,12,7,2131.35,27,8.948717948717949,1,United Kingdom
17742.0,Occasional / At Risk,113,2,200.86,7,31.285714285714285,1,United Kingdom
17744.0,Champions (VIP),4,6,1613.26,90,3.4134615384615383,1,United Kingdom
17746.0,Lost / Low Value,240,1,74.8,4,0.0,1,United Kingdom
17747.0,Lost / Low Value,113,1,71.4,1,0.0,1,United Kingdom
17749.0,Occasional / At Risk,178,2,478.95,24,3.25,1,United Kingdom
17750.0,Champions (VIP),5,9,1101.16,97,1.0392156862745099,1,United Kingdom
17754.0,Champions (VIP),1,5,982.55,75,3.3333333333333335,1,United Kingdom
17757.0,Champions (VIP),1,30,4296.3,255,0.5504451038575667,1,United Kingdom
17758.0,Champions (VIP),19,8,3081.55,298,0.6,1,United Kingdom
17759.0,Loyal Customers,17,3,664.21,73,1.9,1,United Kingdom
17760.0,Occasional / At Risk,22,2,218.25,22,16.761904761904763,1,United Kingdom
17761.0,Hibernating,33,1,285.64,11,0.0,1,United Kingdom
17763.0,Lost / Low Value,263,1,15.0,1,0.0,1,United Kingdom
17764.0,Loyal Customers,51,2,679.35,64,2.5555555555555554,1,United Kingdom
17765.0,Hibernating,159,3,259.58,41,2.227272727272727,1,United Kingdom
17767.0,Hibernating,15,1,262.95,20,0.0,1,United Kingdom
17768.0,Loyal Customers,8,3,1360.91,60,2.2253521126760565,1,United Kingdom
17769.0,Champions (VIP),13,10,3271.08,180,1.1323529411764706,1,United Kingdom
17770.0,Occasional / At Risk,199,3,286.57,20,4.2,1,United Kingdom
17771.0,Occasional / At Risk,57,2,213.23,46,5.5625,1,United Kingdom
17772.0,Hibernating,11,2,125.0,46,0.0,1,United Kingdom
17774.0,Loyal Customers,97,4,985.74,112,1.5255474452554745,1,United Kingdom
17775.0,Lost / Low Value,255,1,56.4,3,0.0,1,United Kingdom
17777.0,Loyal Customers,25,3,629.11,139,0.40641711229946526,1,United Kingdom
17779.0,Loyal Customers,21,3,494.86,64,1.7428571428571429,1,United Kingdom
17781.0,Lost / Low Value,159,1,62.17,7,0.0,1,United Kingdom
17783.0,Loyal Customers,72,2,274.97,66,2.6923076923076925,1,United Kingdom
17785.0,Lost / Low Value,53,1,123.44,12,0.0,1,United Kingdom
17786.0,Loyal Customers,85,2,226.78,54,3.6825396825396823,1,United Kingdom
17787.0,Loyal Customers,153,4,1630.29,88,1.825,1,United Kingdom
17788.0,Lost / Low Value,130,1,3.25,1,0.0,1,United Kingdom
17789.0,Lost / Low Value,281,1,191.65,12,0.0,1,United Kingdom
17790.0,Champions (VIP),27,14,1652.25,112,1.976608187134503,1,United Kingdom
17791.0,Lost / Low Value,30,1,106.1,10,0.0,1,United Kingdom
17793.0,Hibernating,25,1,162.37,41,0.0,1,United Kingdom
17795.0,Hibernating,180,2,311.48,40,2.073170731707317,1,United Kingdom
17796.0,Loyal Customers,40,4,578.05,58,4.506849315068493,1,United Kingdom
17797.0,Loyal Customers,22,3,644.63,94,1.5841584158415842,1,United Kingdom
17799.0,Champions (VIP),22,10,2534.95,269,0.8968253968253969,1,United Kingdom
17800.0,Loyal Customers,37,9,951.36,48,3.1595744680851063,1,United Kingdom
17802.0,Loyal Customers,82,3,1145.07,98,2.180451127819549,1,United Kingdom
17805.0,Lost / Low Value,74,1,211.83,7,0.0,1,United Kingdom
17806.0,Hibernating,11,1,445.11,39,0.0,1,United Kingdom
17809.0,Occasional / At Risk,16,4,729.45,27,13.73076923076923,1,United Kingdom
17811.0,Champions (VIP),4,39,5594.68,328,0.4375,1,United Kingdom
17812.0,Loyal Customers,13,4,547.26,104,2.9421487603305785,1,United Kingdom
17813.0,Champions (VIP),14,5,1156.17,266,0.18446601941747573,1,United Kingdom
17816.0,Occasional / At Risk,37,4,36.56,16,20.5625,1,United Kingdom
17817.0,Occasional / At Risk,4,2,114.43,27,10.11111111111111,1,United Kingdom
17819.0,Occasional / At Risk,72,6,676.81,23,12.5,1,United Kingdom
17824.0,Hibernating,51,1,235.84,11,0.0,1,United Kingdom
17827.0,Champions (VIP),5,5,1751.3600000000001,180,1.7684729064039408,1,United Kingdom
17828.0,Loyal Customers,23,4,902.02,49,3.056603773584906,0,Malta
17829.0,Hibernating,299,1,765.34,27,0.0,0,United Arab Emirates
17830.0,Occasional / At Risk,2,3,200.75,11,26.09090909090909,1,United Kingdom
17831.0,Lost / Low Value,33,1,35.400000000000006,2,0.0,1,United Kingdom
17832.0,Hibernating,50,1,148.53,60,0.0,1,United Kingdom
17835.0,Loyal Customers,3,3,279.54,43,0.38181818181818183,1,United Kingdom
17836.0,Hibernating,47,1,109.83,22,0.0,1,United Kingdom
17837.0,Loyal Customers,42,8,1080.68,96,0.8768115942028986,1,United Kingdom
17838.0,Loyal Customers,27,5,1812.06,73,3.802197802197802,1,United Kingdom
17839.0,Hibernating,42,1,318.15,50,0.0,1,United Kingdom
17841.0,Champions (VIP),2,123,32200.74,1203,0.05167384358938742,1,United Kingdom
17843.0,Hibernating,303,1,170.88,32,0.0,1,United Kingdom
17844.0,Lost / Low Value,107,1,51.559999999999995,5,0.0,0,Canada
17848.0,Occasional / At Risk,148,6,331.02,36,5.526315789473684,1,United Kingdom
17849.0,Occasional / At Risk,264,3,64.60000000000001,9,7.0,1,United Kingdom
17850.0,Champions (VIP),372,34,4462.16,19,0.003676470588235294,1,United Kingdom
17852.0,Hibernating,12,2,114.34,21,0.0,1,United Kingdom
17854.0,Occasional / At Risk,185,2,120.01,13,3.5,1,United Kingdom
17855.0,Hibernating,373,1,199.02,16,0.0,1,United Kingdom
17856.0,Occasional / At Risk,233,2,131.0,4,16.0,1,United Kingdom
17857.0,Lost / Low Value,358,1,5.5,1,0.0,1,United Kingdom
17858.0,Champions (VIP),6,9,2056.11,69,2.8,1,United Kingdom
17859.0,Hibernating,305,1,118.52000000000001,22,0.0,1,United Kingdom
17860.0,Hibernating,369,1,194.65,48,0.0,1,United Kingdom
17861.0,Champions (VIP),3,8,1606.44,153,1.6458333333333333,1,United Kingdom
17862.0,Lost / Low Value,324,1,260.0,7,0.0,1,United Kingdom
17863.0,Loyal Customers,59,6,2891.44,105,2.183098591549296,1,United Kingdom
17864.0,Loyal Customers,13,3,495.75,66,3.1686746987951806,1,United Kingdom
17865.0,Champions (VIP),31,18,6388.72,167,1.0950819672131147,1,United Kingdom
17866.0,Lost / Low Value,143,1,170.8,6,0.0,1,United Kingdom
17867.0,Loyal Customers,30,3,201.54000000000002,56,2.8360655737704916,1,United Kingdom
17869.0,Occasional / At Risk,107,5,275.03,27,9.0,1,United Kingdom
17870.0,Champions (VIP),2,11,1296.07,204,0.51953125,1,United Kingdom
17871.0,Lost / Low Value,205,1,131.42000000000002,8,0.0,1,United Kingdom
17873.0,Occasional / At Risk,80,5,1073.26,21,9.15625,1,United Kingdom
17874.0,Loyal Customers,185,6,527.07,33,1.794871794871795,1,United Kingdom
17877.0,Lost / Low Value,170,1,158.01,11,0.0,1,United Kingdom
17878.0,Hibernating,44,1,244.83,19,0.0,1,United Kingdom
17879.0,Lost / Low Value,174,1,154.67,5,0.0,1,United Kingdom
17880.0,Hibernating,365,1,387.82,22,0.0,1,United Kingdom
17881.0,Lost / Low Value,304,1,133.35000000000002,8,0.0,1,United Kingdom
17883.0,Loyal Customers,3,4,493.34,126,1.8549618320610688,1,United Kingdom
17884.0,Loyal Customers,4,4,537.22,97,3.607843137254902,1,United Kingdom
17885.0,Hibernating,12,1,139.59,48,0.0,1,United Kingdom
17886.0,Loyal Customers,32,3,468.23,80,2.5348837209302326,1,United Kingdom
17887.0,Lost / Low Value,129,1,47.05,7,0.0,1,United Kingdom
17888.0,Loyal Customers,60,6,392.42,46,6.081632653061225,1,United Kingdom
17889.0,Occasional / At Risk,212,2,159.92,16,7.333333333333333,1,United Kingdom
17890.0,Hibernating,323,2,508.57,82,0.4642857142857143,1,United Kingdom
17891.0,Hibernating,162,1,203.85999999999999,34,0.0,1,United Kingdom
17892.0,Occasional / At Risk,57,2,121.1,24,4.260869565217392,1,United Kingdom
17893.0,Lost / Low Value,225,1,66.31,13,0.0,1,United Kingdom
17894.0,Loyal Customers,72,8,904.49,120,1.6120218579234973,1,United Kingdom
17895.0,Lost / Low Value,44,1,80.36,13,0.0,1,United Kingdom
17897.0,Loyal Customers,173,3,380.56,91,2.0510204081632653,1,United Kingdom
17898.0,Occasional / At Risk,85,2,138.14,26,4.6923076923076925,1,United Kingdom
17899.0,Hibernating,159,1,94.34,24,0.0,1,United Kingdom
17900.0,Lost / Low Value,190,2,97.19999999999999,3,0.0,1,United Kingdom
17901.0,Lost / Low Value,29,1,41.78,13,0.0,1,United Kingdom
17904.0,Hibernating,21,1,91.62,27,0.0,1,United Kingdom
17905.0,Occasional / At Risk,157,3,338.59000000000003,26,8.68,1,United Kingdom
17906.0,Lost / Low Value,247,1,55.95,11,0.0,1,United Kingdom
17908.0,Hibernating,374,1,218.2,49,0.0,1,United Kingdom
17911.0,Hibernating,9,1,294.35,36,0.0,1,United Kingdom
17912.0,Hibernating,310,5,194.18,27,2.0,1,United Kingdom
17913.0,Occasional / At Risk,59,2,339.39,53,5.5,1,United Kingdom
17914.0,Hibernating,4,1,230.68,65,0.0,1,United Kingdom
17917.0,Loyal Customers,45,3,318.08,76,3.522222222222222,1,United Kingdom
17919.0,Hibernating,88,1,615.48,13,0.0,1,United Kingdom
17920.0,Champions (VIP),4,17,3375.62,383,0.5829383886255924,1,United Kingdom
17921.0,Loyal Customers,64,4,769.38,110,1.4744525547445255,1,United Kingdom
17924.0,Occasional / At Risk,12,4,703.38,13,30.166666666666668,1,United Kingdom
17926.0,Occasional / At Risk,133,2,309.23,15,4.375,1,United Kingdom
17928.0,Occasional / At Risk,45,2,155.56,20,10.578947368421053,1,United Kingdom
17929.0,Lost / Low Value,309,1,196.20000000000002,2,0.0,1,United Kingdom
17930.0,Occasional / At Risk,36,5,707.4,22,7.285714285714286,1,United Kingdom
17931.0,Hibernating,134,2,255.0,56,2.1607142857142856,1,United Kingdom
17932.0,Loyal Customers,29,3,1188.92,76,2.246913580246914,1,United Kingdom
17934.0,Hibernating,59,1,307.68,12,0.0,1,United Kingdom
17935.0,Hibernating,138,2,134.39,26,0.11538461538461539,1,United Kingdom
17936.0,Hibernating,5,1,327.53,64,0.0,1,United Kingdom
17937.0,Occasional / At Risk,9,4,172.5,3,83.0,1,United Kingdom
17939.0,Lost / Low Value,160,1,99.14,12,0.0,1,United Kingdom
17942.0,Lost / Low Value,8,1,1.9,1,0.0,1,United Kingdom
17946.0,Lost / Low Value,233,2,79.78,16,1.5294117647058822,1,United Kingdom
17947.0,Lost / Low Value,37,1,136.68,8,0.0,1,United Kingdom
17949.0,Occasional / At Risk,8,4,258.29999999999995,3,51.666666666666664,1,United Kingdom
17950.0,Loyal Customers,72,3,365.15,59,4.578125,1,United Kingdom
17951.0,Occasional / At Risk,40,3,208.38000000000002,10,37.111111111111114,1,United Kingdom
17954.0,Champions (VIP),5,11,2017.57,314,0.7956521739130434,1,United Kingdom
17955.0,Lost / Low Value,220,2,55.599999999999994,7,0.0,1,United Kingdom
17957.0,Hibernating,66,1,95.28999999999999,27,0.0,1,United Kingdom
17958.0,Lost / Low Value,117,1,136.16,6,0.0,1,United Kingdom
17960.0,Hibernating,171,1,73.78,26,0.0,1,United Kingdom
17961.0,Champions (VIP),21,37,858.24,193,1.5462555066079295,1,United Kingdom
17962.0,Hibernating,142,1,82.02,31,0.0,1,United Kingdom
17964.0,Loyal Customers,32,2,326.25,74,3.9195402298850577,1,United Kingdom
17965.0,Champions (VIP),38,14,2060.67,243,1.2028985507246377,1,United Kingdom
17966.0,Hibernating,151,2,155.43,40,0.0,1,United Kingdom
17967.0,Hibernating,372,1,84.42,39,0.0,1,United Kingdom
17968.0,Hibernating,374,1,257.15,73,0.0,1,United Kingdom
17969.0,Occasional / At Risk,166,2,63.45,8,27.857142857142858,1,United Kingdom
17970.0,Hibernating,211,1,279.33,18,0.0,1,United Kingdom
17972.0,Hibernating,242,1,96.54,27,0.0,1,United Kingdom
17973.0,Hibernating,52,1,299.48,13,0.0,1,United Kingdom
17974.0,Loyal Customers,25,3,651.1,138,1.2264150943396226,1,United Kingdom
17975.0,Champions (VIP),15,13,3819.2000000000003,173,1.3195488721804511,1,United Kingdom
17976.0,Hibernating,372,1,282.64,52,0.0,1,United Kingdom
17977.0,Lost / Low Value,29,1,95.29,13,0.0,1,United Kingdom
17978.0,Lost / Low Value,365,1,129.5,10,0.0,1,United Kingdom
17979.0,Loyal Customers,36,4,573.03,109,1.75,1,United Kingdom
17980.0,Occasional / At Risk,166,3,228.15,19,10.210526315789474,1,United Kingdom
17984.0,Hibernating,145,1,131.68,46,0.0,1,United Kingdom
17985.0,Hibernating,22,1,571.35,18,0.0,1,United Kingdom
17986.0,Lost / Low Value,56,1,20.8,1,0.0,1,United Kingdom
17987.0,Lost / Low Value,185,1,123.92999999999999,10,0.0,1,United Kingdom
17988.0,Occasional / At Risk,12,7,99.92,30,10.5,1,United Kingdom
17990.0,Occasional / At Risk,237,3,585.84,26,4.62962962962963,1,United Kingdom
17991.0,Lost / Low Value,225,2,67.85,3,0.3333333333333333,1,United Kingdom
17994.0,Loyal Customers,122,4,545.83,61,2.2837837837837838,1,United Kingdom
17995.0,Lost / Low Value,282,1,23.6,1,0.0,1,United Kingdom
17997.0,Loyal Customers,74,8,1264.1,118,0.625,1,United Kingdom
17999.0,Loyal Customers,37,2,334.79,83,3.8255813953488373,1,United Kingdom
18001.0,Loyal Customers,12,2,272.93,47,1.574468085106383,1,United Kingdom
18004.0,Hibernating,362,1,112.37,28,0.0,1,United Kingdom
18005.0,Loyal Customers,4,2,163.02,48,0.9166666666666666,1,United Kingdom
18006.0,Hibernating,23,1,251.53000000000003,18,0.0,1,United Kingdom
18008.0,Occasional / At Risk,70,4,71.53,12,20.666666666666668,1,United Kingdom
18009.0,Hibernating,235,1,182.29,25,0.0,1,United Kingdom
18010.0,Lost / Low Value,257,1,61.6,9,0.0,1,United Kingdom
18011.0,Hibernating,373,1,92.84,27,0.0,1,United Kingdom
18013.0,Hibernating,155,2,129.81,28,0.0,1,United Kingdom
18014.0,Hibernating,28,1,146.32,27,0.0,1,United Kingdom
18015.0,Hibernating,4,1,120.03,46,0.0,1,United Kingdom
18016.0,Loyal Customers,32,5,949.6,74,3.3535353535353534,1,United Kingdom
18018.0,Occasional / At Risk,108,2,53.589999999999996,24,3.9565217391304346,1,United Kingdom
18019.0,Lost / Low Value,52,1,28.5,4,0.0,1,United Kingdom
18022.0,Hibernating,36,1,542.25,134,0.0,1,United Kingdom
18024.0,Lost / Low Value,153,1,67.63,16,0.0,1,United Kingdom
18027.0,Hibernating,99,1,115.31,21,0.0,1,United Kingdom
18030.0,Occasional / At Risk,4,2,35.45,4,9.5,1,United Kingdom
18032.0,Lost / Low Value,334,1,73.5,5,0.0,1,United Kingdom
18033.0,Hibernating,65,1,71.82,28,0.0,1,United Kingdom
18034.0,Hibernating,22,2,342.84,95,0.0,1,United Kingdom
18035.0,Hibernating,36,3,240.92999999999998,34,0.21621621621621623,1,United Kingdom
18036.0,Loyal Customers,32,3,403.12,77,2.2903225806451615,1,United Kingdom
18037.0,Occasional / At Risk,154,6,33.17,16,13.866666666666667,1,United Kingdom
18040.0,Occasional / At Risk,19,2,340.20000000000005,17,13.294117647058824,1,United Kingdom
18041.0,Champions (VIP),12,21,2896.07,263,0.878345498783455,1,United Kingdom
18042.0,Lost / Low Value,54,1,93.35,6,0.0,1,United Kingdom
18043.0,Loyal Customers,25,3,426.59000000000003,98,3.2264150943396226,1,United Kingdom
18044.0,Champions (VIP),4,10,1388.7,69,3.869565217391304,1,United Kingdom
18045.0,Hibernating,45,1,145.09,39,0.0,1,United Kingdom
18048.0,Lost / Low Value,203,2,95.97,5,0.0,1,United Kingdom
18050.0,Lost / Low Value,359,1,74.4,5,0.0,1,United Kingdom
18053.0,Hibernating,71,1,283.02,19,0.0,1,United Kingdom
18055.0,Champions (VIP),7,10,5424.71,195,1.1639871382636655,1,United Kingdom
18056.0,Hibernating,288,1,293.7,17,0.0,1,United Kingdom
18058.0,Lost / Low Value,10,1,6.959999999999999,1,0.0,1,United Kingdom
18059.0,Occasional / At Risk,23,3,290.56,16,2.75,1,United Kingdom
18061.0,Occasional / At Risk,22,10,1053.39,11,12.777777777777779,1,United Kingdom
18062.0,Occasional / At Risk,173,3,282.45,12,14.909090909090908,1,United Kingdom
18064.0,Lost / Low Value,133,1,48.0,3,0.0,1,United Kingdom
18065.0,Champions (VIP),6,14,1803.16,87,3.519607843137255,1,United Kingdom
18066.0,Hibernating,75,1,318.0,10,0.0,1,United Kingdom
18067.0,Hibernating,40,1,319.03,34,0.0,1,United Kingdom
18069.0,Champions (VIP),26,5,1852.42,322,0.6809954751131222,1,United Kingdom
18071.0,Occasional / At Risk,258,2,369.4,19,5.4,1,United Kingdom
18072.0,Hibernating,186,1,247.44,18,0.0,1,United Kingdom
18073.0,Loyal Customers,114,11,707.6,15,2.7666666666666666,1,United Kingdom
18074.0,Lost / Low Value,374,1,185.3,8,0.0,1,United Kingdom
18075.0,Champions (VIP),23,10,2141.4900000000002,78,2.8559322033898304,1,United Kingdom
18077.0,Champions (VIP),8,11,2404.95,101,1.634703196347032,1,United Kingdom
18078.0,Hibernating,217,2,185.98,24,1.826086956521739,1,United Kingdom
18079.0,Loyal Customers,45,3,571.69,61,2.9242424242424243,1,United Kingdom
18081.0,Occasional / At Risk,36,3,290.58000000000004,11,7.461538461538462,1,United Kingdom
18082.0,Hibernating,26,1,562.88,55,0.0,1,United Kingdom
18085.0,Hibernating,330,2,689.95,25,1.5357142857142858,1,United Kingdom
18086.0,Lost / Low Value,274,1,101.34,7,0.0,1,United Kingdom
18088.0,Hibernating,61,1,132.03,32,0.0,1,United Kingdom
18092.0,Champions (VIP),2,9,2818.12,19,7.5625,1,United Kingdom
18093.0,Occasional / At Risk,120,2,398.59999999999997,14,14.0,1,United Kingdom
18094.0,Loyal Customers,82,6,1705.46,31,3.9622641509433962,1,United Kingdom
18095.0,Hibernating,313,2,283.8,15,1.4285714285714286,1,United Kingdom
18096.0,Loyal Customers,12,3,724.54,145,0.28415300546448086,1,United Kingdom
18097.0,Loyal Customers,8,6,1977.94,50,4.08235294117647,1,United Kingdom
18099.0,Hibernating,127,1,160.35999999999999,18,0.0,1,United Kingdom
18101.0,Occasional / At Risk,11,2,162.7,35,3.5675675675675675,1,United Kingdom
18102.0,Champions (VIP),1,13,5344.04,67,1.6588235294117648,1,United Kingdom
18104.0,Hibernating,37,1,424.64,28,0.0,1,United Kingdom
18105.0,Hibernating,38,1,103.53,17,0.0,1,United Kingdom
18106.0,Hibernating,330,1,196.05,24,0.0,1,United Kingdom
18108.0,Hibernating,254,1,201.2,13,0.0,1,United Kingdom
18109.0,Champions (VIP),2,26,3443.77,102,1.1358024691358024,1,United Kingdom
18110.0,Hibernating,20,1,180.9,31,0.0,1,United Kingdom
18112.0,Occasional / At Risk,12,2,198.52,18,9.058823529411764,1,United Kingdom
18114.0,Hibernating,290,1,137.9,22,0.0,1,United Kingdom
18116.0,Loyal Customers,68,8,1080.55,217,0.8608695652173913,1,United Kingdom
18117.0,Hibernating,26,1,219.42,59,0.0,1,United Kingdom
18118.0,Champions (VIP),11,26,4641.61,399,0.3001672240802676,1,United Kingdom
18119.0,Hibernating,368,1,140.09,26,0.0,1,United Kingdom
18120.0,Lost / Low Value,214,1,75.35,14,0.0,1,United Kingdom
18121.0,Hibernating,149,2,615.8,27,0.1724137931034483,1,United Kingdom
18122.0,Champions (VIP),8,6,1608.4,224,0.41887905604719766,1,United Kingdom
18123.0,Hibernating,24,2,374.16,26,0.25,1,United Kingdom
18125.0,Loyal Customers,30,4,1024.07,158,1.5513513513513513,1,United Kingdom
18126.0,Hibernating,61,1,190.33,50,0.0,1,United Kingdom
18127.0,Loyal Customers,19,3,257.09000000000003,36,2.923076923076923,1,United Kingdom
18129.0,Lost / Low Value,243,1,99.80000000000001,12,0.0,1,United Kingdom
18130.0,Loyal Customers,15,3,941.16,50,0.6885245901639344,1,United Kingdom
18135.0,Occasional / At Risk,29,4,206.25,10,11.5,1,United Kingdom
18136.0,Occasional / At Risk,63,3,767.33,33,7.111111111111111,1,United Kingdom
18138.0,Lost / Low Value,295,1,67.80000000000001,4,0.0,1,United Kingdom
18139.0,Loyal Customers,18,6,3112.86,23,0.010638297872340425,1,United Kingdom
18142.0,Lost / Low Value,216,1,134.4,5,0.0,1,United Kingdom
18143.0,Hibernating,117,2,895.8100000000001,52,0.4716981132075472,1,United Kingdom
18144.0,Occasional / At Risk,31,11,912.1500000000001,15,14.291666666666666,1,United Kingdom
18145.0,Champions (VIP),13,4,2761.12,168,1.4018691588785046,1,United Kingdom
18146.0,Occasional / At Risk,141,2,160.35000000000002,10,8.88888888888889,1,United Kingdom
18147.0,Occasional / At Risk,46,2,147.83999999999997,6,12.6,1,United Kingdom
18149.0,Occasional / At Risk,51,3,323.7,9,20.272727272727273,1,United Kingdom
18150.0,Loyal Customers,32,3,566.58,29,4.694444444444445,1,United Kingdom
18151.0,Occasional / At Risk,135,2,560.7,34,4.696969696969697,1,United Kingdom
18154.0,Loyal Customers,3,2,360.94,14,2.2222222222222223,1,United Kingdom
18155.0,Occasional / At Risk,75,3,351.46,19,9.391304347826088,1,United Kingdom
18156.0,Loyal Customers,13,2,639.19,98,3.0,1,United Kingdom
18158.0,Loyal Customers,9,2,453.4,24,2.393939393939394,1,United Kingdom
18159.0,Hibernating,301,1,257.25,16,0.0,1,United Kingdom
18160.0,Occasional / At Risk,57,2,499.06,30,4.766666666666667,1,United Kingdom
18161.0,Loyal Customers,15,5,1281.32,45,4.470588235294118,1,United Kingdom
18164.0,Hibernating,37,1,337.40000000000003,20,0.0,1,United Kingdom
18165.0,Lost / Low Value,177,1,177.66,9,0.0,1,United Kingdom
18167.0,Loyal Customers,23,3,1259.46,22,2.411764705882353,1,United Kingdom
18168.0,Loyal Customers,176,6,853.78,85,1.7657657657657657,1,United Kingdom
18169.0,Lost / Low Value,61,1,151.65,8,0.0,1,United Kingdom
18170.0,Occasional / At Risk,33,3,490.51,23,7.076923076923077,1,United Kingdom
18171.0,Occasional / At Risk,59,5,675.6800000000001,30,8.333333333333334,1,United Kingdom
18172.0,Champions (VIP),31,15,4039.5,81,1.7152317880794703,1,United Kingdom
18173.0,Occasional / At Risk,87,4,884.98,18,9.4,1,United Kingdom
18176.0,Hibernating,358,1,419.05,27,0.0,1,United Kingdom
18177.0,Loyal Customers,31,6,1278.47,52,3.1549295774647885,1,United Kingdom
18178.0,Loyal Customers,129,4,1521.22,75,2.5934065934065935,1,United Kingdom
18179.0,Loyal Customers,9,5,1233.24,73,4.36,1,United Kingdom
18180.0,Champions (VIP),5,6,1637.38,98,1.2897196261682242,1,United Kingdom
18181.0,Hibernating,24,1,324.40000000000003,37,0.0,1,United Kingdom
18183.0,Hibernating,227,2,512.87,31,1.5666666666666667,1,United Kingdom
18185.0,Hibernating,249,1,214.25,14,0.0,1,United Kingdom
18188.0,Loyal Customers,15,3,1344.72,55,4.583333333333333,1,United Kingdom
18189.0,Loyal Customers,78,2,891.34,56,3.4545454545454546,1,United Kingdom
18190.0,Occasional / At Risk,192,2,219.16000000000003,11,12.545454545454545,1,United Kingdom
18191.0,Lost / Low Value,262,1,37.4,2,0.0,1,United Kingdom
18192.0,Hibernating,72,1,698.82,36,0.0,1,United Kingdom
18193.0,Hibernating,165,1,208.91,14,0.0,1,United Kingdom
18196.0,Loyal Customers,95,2,585.93,125,1.4772727272727273,1,United Kingdom
18198.0,Champions (VIP),4,16,2018.14,71,2.8620689655172415,1,United Kingdom
18200.0,Hibernating,106,1,150.35,29,0.0,1,United Kingdom
18202.0,Loyal Customers,200,3,1058.99,43,2.1538461538461537,1,United Kingdom
18203.0,Hibernating,157,1,126.07,16,0.0,1,United Kingdom
18204.0,Loyal Customers,71,3,1655.2,143,0.6954022988505747,1,United Kingdom
18205.0,Hibernating,36,2,408.86,23,1.5833333333333333,1,United Kingdom
18209.0,Lost / Low Value,29,1,139.10000000000002,8,0.0,1,United Kingdom
18210.0,Champions (VIP),2,6,1907.18,87,2.607843137254902,1,United Kingdom
18211.0,Loyal Customers,26,5,515.0699999999999,35,6.657894736842105,1,United Kingdom
18212.0,Hibernating,326,1,175.47,27,0.0,1,United Kingdom
18213.0,Hibernating,237,1,232.48000000000002,15,0.0,1,United Kingdom
18215.0,Hibernating,89,1,266.34000000000003,12,0.0,1,United Kingdom
18216.0,Hibernating,31,1,360.85,20,0.0,1,United Kingdom
18217.0,Loyal Customers,29,2,515.67,26,1.5185185185185186,1,United Kingdom
18218.0,Occasional / At Risk,211,2,299.0,14,5.0,1,United Kingdom
18219.0,Champions (VIP),3,10,1616.92,50,3.8526315789473684,1,United Kingdom
18221.0,Loyal Customers,22,5,913.82,52,3.5,1,United Kingdom
18222.0,Hibernating,93,1,333.87,14,0.0,1,United Kingdom
18223.0,Champions (VIP),5,14,5481.32,103,1.4390243902439024,1,United Kingdom
18224.0,Lost / Low Value,264,1,158.95000000000002,10,0.0,1,United Kingdom
18225.0,Champions (VIP),3,12,4244.35,135,1.5083333333333333,1,United Kingdom
18226.0,Champions (VIP),44,11,4400.21,122,1.3952380952380952,1,United Kingdom
18227.0,Lost / Low Value,218,1,30.0,2,0.0,1,United Kingdom
18228.0,Hibernating,57,2,760.0,22,0.8214285714285714,1,United Kingdom
18229.0,Champions (VIP),12,20,3664.7,47,3.447619047619048,1,United Kingdom
18230.0,Loyal Customers,9,7,2032.9,32,3.8051948051948052,1,United Kingdom
18231.0,Loyal Customers,192,5,1480.52,86,0.9795918367346939,1,United Kingdom
18232.0,Loyal Customers,82,4,533.57,27,3.625,1,United Kingdom
18235.0,Loyal Customers,72,3,1477.78,88,1.6043956043956045,1,United Kingdom
18236.0,Loyal Customers,30,6,818.64,38,4.795454545454546,1,United Kingdom
18237.0,Loyal Customers,3,5,819.5699999999999,32,2.588235294117647,1,United Kingdom
18239.0,Loyal Customers,219,5,1457.81,76,1.855421686746988,1,United Kingdom
18240.0,Lost / Low Value,46,1,125.58000000000001,5,0.0,1,United Kingdom
18241.0,Champions (VIP),10,17,1786.64,52,2.2857142857142856,1,United Kingdom
18242.0,Loyal Customers,72,4,1629.92,63,2.169230769230769,1,United Kingdom
18245.0,Champions (VIP),7,7,2266.43,139,2.175,1,United Kingdom
18246.0,Lost / Low Value,233,1,29.5,1,0.0,1,United Kingdom
18248.0,Hibernating,123,2,599.84,34,1.6842105263157894,1,United Kingdom
18249.0,Lost / Low Value,17,1,81.66,6,0.0,1,United Kingdom
18250.0,Hibernating,310,1,270.62,17,0.0,1,United Kingdom
18252.0,Loyal Customers,51,2,377.27,81,1.4404761904761905,1,United Kingdom
18255.0,Lost / Low Value,89,1,103.3,6,0.0,1,United Kingdom
18257.0,Loyal Customers,39,8,2012.26,85,2.4711538461538463,1,United Kingdom
18259.0,Loyal Customers,25,3,2203.6000000000004,26,8.55,1,United Kingdom
18260.0,Loyal Customers,173,6,2112.46,78,1.631578947368421,1,United Kingdom
18261.0,Occasional / At Risk,43,2,314.29,18,2.736842105263158,1,United Kingdom
18262.0,Lost / Low Value,140,1,149.48,13,0.0,1,United Kingdom
18263.0,Loyal Customers,26,3,1042.4,50,4.63265306122449,1,United Kingdom
18265.0,Loyal Customers,72,2,609.11,34,2.5294117647058822,1,United Kingdom
18269.0,Lost / Low Value,366,1,168.6,7,0.0,1,United Kingdom
18270.0,Occasional / At Risk,38,2,244.9,10,25.333333333333332,1,United Kingdom
18272.0,Champions (VIP),3,6,2794.96,88,1.6266666666666667,1,United Kingdom
18273.0,Occasional / At Risk,2,2,102.0,1,255.0,1,United Kingdom
18274.0,Hibernating,30,1,163.17,10,0.0,1,United Kingdom
18276.0,Hibernating,44,1,213.46,12,0.0,1,United Kingdom
18277.0,Lost / Low Value,58,1,110.38,8,0.0,1,United Kingdom
18278.0,Lost / Low Value,74,1,173.9,9,0.0,1,United Kingdom
18280.0,Lost / Low Value,278,1,137.0,8,0.0,1,United Kingdom
18281.0,Lost / Low Value,181,1,46.92,5,0.0,1,United Kingdom
18282.0,Occasional / At Risk,8,2,113.13000000000001,8,17.0,1,United Kingdom
18283.0,Champions (VIP),4,16,1996.68,258,0.4677871148459384,1,United Kingdom
18287.0,Loyal Customers,43,3,960.76,46,3.2448979591836733,1,United Kingdom
