Segment,Recency,Frequency,Monetary
Champions (VIP),2,7,3314.73
Occasional / At Risk,249,3,90.2
Hibernating,19,1,999.15
Hibernating,310,1,294.4
Loyal Customers,36,7,1130.94
Lost / Low Value,204,1,29.300000000000004
Hibernating,232,1,682.69
Lost / Low Value,214,1,219.0
Loyal Customers,246,2,1086.56
Loyal Customers,33,1,3315.41
Occasional / At Risk,2,2,878.22
Loyal Customers,58,4,3161.58
Loyal Customers,52,3,1843.16
Lost / Low Value,287,1,174.9
Champions (VIP),3,10,4098.94
Occasional / At Risk,110,2,484.5
Loyal Customers,8,3,1106.28
Hibernating,291,1,307.94
Hibernating,4,1,138.3
Loyal Customers,51,4,2598.66
Hibernating,60,1,1300.46
Loyal Customers,72,3,938.34
Hibernating,311,1,299.1
Hibernating,25,1,531.73
Occasional / At Risk,11,2,283.3
Hibernating,315,2,1472.52
Loyal Customers,130,1,3396.64
Loyal Customers,82,2,736.44
Loyal Customers,22,4,1738.25
Loyal Customers,5,3,1242.96
Loyal Customers,185,5,1211.84
Occasional / At Risk,29,2,286.32
Lost / Low Value,367,1,215.7
Loyal Customers,16,6,2466.7000000000003
Hibernating,80,1,407.74
Hibernating,22,1,406.88
Loyal Customers,72,4,1193.5
Hibernating,217,1,331.18
Champions (VIP),19,12,1844.57
Loyal Customers,36,2,1720.01
Hibernating,46,1,1349.44
Loyal Customers,119,4,729.15
Lost / Low Value,303,1,32.85
Lost / Low Value,323,1,195.6
Lost / Low Value,50,1,92.9
Hibernating,149,1,1104.8700000000001
Loyal Customers,22,2,2871.78
Loyal Customers,50,5,1085.01
Loyal Customers,33,5,1869.47
Loyal Customers,79,3,1646.79
Hibernating,309,1,274.23
Loyal Customers,75,3,1115.04
Occasional / At Risk,67,3,545.2
Occasional / At Risk,217,3,343.65
Champions (VIP),25,11,3756.06
Champions (VIP),3,9,2151.75
Hibernating,113,1,418.16
Hibernating,64,1,380.3
Occasional / At Risk,16,4,607.57
Occasional / At Risk,96,3,645.3100000000001
Champions (VIP),1,8,1535.61
Hibernating,163,2,703.72
Hibernating,78,1,538.14
Hibernating,195,1,446.08
Occasional / At Risk,22,3,425.62
Champions (VIP),26,8,4830.43
Loyal Customers,9,4,2313.04
Lost / Low Value,43,1,168.6
Champions (VIP),60,13,3866.05
Loyal Customers,43,4,1909.68
Champions (VIP),1,7,7947.37
Loyal Customers,85,2,624.84
Lost / Low Value,268,1,78.0
Hibernating,100,1,429.01000000000005
Champions (VIP),2,18,2760.54
Loyal Customers,14,2,1753.1200000000001
Lost / Low Value,367,1,155.55
Hibernating,3,1,144.06
Loyal Customers,21,5,2382.56
Lost / Low Value,22,1,77.4
Hibernating,58,1,734.36
Hibernating,243,1,379.78999999999996
Hibernating,44,1,283.95
Loyal Customers,22,4,2733.84
Lost / Low Value,156,2,131.88
Champions (VIP),11,5,5878.31
Hibernating,17,1,285.67
Hibernating,134,1,707.09
Lost / Low Value,56,1,66.4
Loyal Customers,73,5,1201.8600000000001
Loyal Customers,44,3,1663.24
Loyal Customers,86,2,958.93
Occasional / At Risk,71,2,612.38
Hibernating,155,1,419.08
Loyal Customers,19,2,657.8
Loyal Customers,53,4,1155.38
Occasional / At Risk,150,4,76.5
Loyal Customers,17,2,621.49
Occasional / At Risk,188,2,575.99
Champions (VIP),2,26,8703.38
Champions (VIP),32,7,5052.03
Loyal Customers,54,3,2218.95
Champions (VIP),17,18,6115.2
Hibernating,54,1,561.9399999999999
Champions (VIP),16,10,3530.83
Champions (VIP),23,6,7057.34
Hibernating,4,1,479.59000000000003
Hibernating,11,1,426.35
Loyal Customers,28,4,2266.94
Champions (VIP),23,10,3445.7
Loyal Customers,17,7,1486.54
Loyal Customers,35,4,3322.58
Loyal Customers,10,3,952.1600000000001
Lost / Low Value,336,1,191.43
Champions (VIP),5,10,4227.11
Hibernating,39,1,350.75
Hibernating,63,2,227.21
Hibernating,166,2,332.91
Loyal Customers,16,7,951.75
Lost / Low Value,82,1,20.4
Loyal Customers,21,3,349.70000000000005
Occasional / At Risk,50,6,494.89
Hibernating,337,1,1866.66
Loyal Customers,96,5,1511.32
Lost / Low Value,30,1,60.0
Lost / Low Value,233,1,57.6
Occasional / At Risk,156,2,388.75
Hibernating,26,2,397.88
Lost / Low Value,284,1,124.5
Occasional / At Risk,143,2,620.05
Hibernating,66,2,124.23
Hibernating,113,1,520.04
Hibernating,267,1,779.68
Lost / Low Value,353,1,190.8
Occasional / At Risk,78,2,270.48
Loyal Customers,28,4,2176.85
Champions (VIP),1,5,1750.09
Hibernating,64,1,242.84
Loyal Customers,79,5,2061.56
Hibernating,143,1,499.03
Hibernating,39,2,152.72
Champions (VIP),19,11,1277.91
Champions (VIP),9,8,1719.21
Loyal Customers,1,3,1074.46
Occasional / At Risk,82,3,296.71000000000004
Loyal Customers,9,6,1121.63
Loyal Customers,60,4,1051.42
Hibernating,15,1,95.27
Hibernating,30,1,297.33000000000004
Hibernating,131,1,828.73
Occasional / At Risk,92,2,577.85
Loyal Customers,59,1,3659.97
Hibernating,29,1,258.75
Loyal Customers,22,4,4141.6
Champions (VIP),20,17,7967.64
Loyal Customers,30,3,721.38
Hibernating,36,1,284.9
Loyal Customers,75,2,698.8
Loyal Customers,47,2,969.58
Occasional / At Risk,198,2,151.79999999999998
Lost / Low Value,166,1,67.19999999999999
Hibernating,79,1,748.88
Lost / Low Value,358,1,168.0
Lost / Low Value,40,1,165.47
Champions (VIP),8,10,2933.7
Loyal Customers,50,2,513.66
Hibernating,8,1,195.08
Hibernating,320,1,301.41
Loyal Customers,5,2,1746.16
Hibernating,303,1,207.05
Champions (VIP),8,7,2701.7400000000002
Hibernating,261,1,336.15
Lost / Low Value,289,1,145.92
Hibernating,86,1,222.13
Champions (VIP),23,10,6673.58
Champions (VIP),2,28,2704.69
Loyal Customers,40,2,489.37
Loyal Customers,9,2,650.87
Hibernating,227,1,150.59
Lost / Low Value,316,1,162.55
Loyal Customers,36,5,1225.31
Loyal Customers,35,3,566.7
Loyal Customers,21,2,2242.96
Hibernating,78,1,329.12
Hibernating,247,1,379.7
Hibernating,40,1,169.76
Hibernating,239,2,313.92
Champions (VIP),3,15,5267.89
Loyal Customers,4,8,1100.6000000000001
Loyal Customers,234,2,1212.95
Hibernating,17,1,186.54000000000002
Lost / Low Value,8,1,104.0
Lost / Low Value,39,1,79.65
Occasional / At Risk,29,2,417.28
Hibernating,211,1,877.26
Hibernating,317,1,323.1
Occasional / At Risk,92,2,350.6
Occasional / At Risk,109,3,382.09999999999997
Loyal Customers,47,8,2743.43
Occasional / At Risk,51,2,288.27
Loyal Customers,19,4,2544.07
Champions (VIP),10,7,2103.43
Loyal Customers,29,7,764.38
Loyal Customers,29,9,1996.22
Occasional / At Risk,190,5,371.51
Lost / Low Value,59,1,129.22
Occasional / At Risk,79,2,236.18
Hibernating,60,1,1490.26
Loyal Customers,78,3,846.11
Loyal Customers,23,4,1479.6399999999999
Hibernating,52,1,924.52
Hibernating,74,1,654.0
Loyal Customers,57,4,2886.4
Hibernating,278,1,218.15
Champions (VIP),2,4,1552.99
Occasional / At Risk,95,2,386.79999999999995
Hibernating,29,1,333.08
Lost / Low Value,22,1,121.41
Loyal Customers,16,8,681.02
Loyal Customers,15,3,1100.1399999999999
Champions (VIP),2,19,7699.9800000000005
Lost / Low Value,232,1,123.85
Hibernating,276,1,269.1
Hibernating,106,2,492.78
Loyal Customers,212,2,1625.82
Champions (VIP),23,9,4945.49
Champions (VIP),11,6,3675.3
Loyal Customers,4,3,665.46
Loyal Customers,10,2,905.08
Hibernating,57,1,396.0
Loyal Customers,59,4,1379.94
Loyal Customers,90,2,1357.69
Champions (VIP),67,8,5056.84
Hibernating,33,1,498.25
Hibernating,239,1,325.3
Loyal Customers,24,3,609.53
Lost / Low Value,115,1,128.9
Loyal Customers,25,3,743.77
Lost / Low Value,221,2,71.28
Hibernating,130,1,417.12
Loyal Customers,34,4,1406.18
Loyal Customers,5,2,838.16
Champions (VIP),22,12,1843.87
Hibernating,155,1,255.3
Occasional / At Risk,107,3,513.0500000000001
Hibernating,3,1,242.44000000000003
Lost / Low Value,335,1,114.0
Hibernating,331,1,732.28
Occasional / At Risk,149,2,752.81
Occasional / At Risk,11,5,499.33
Loyal Customers,17,5,1873.35
Loyal Customers,11,3,623.0
Hibernating,19,1,535.4
Lost / Low Value,30,1,45.6
Hibernating,11,1,203.7
Champions (VIP),1,11,3289.4300000000003
Occasional / At Risk,59,4,406.8
Lost / Low Value,325,1,45.0
Hibernating,58,1,410.23
Loyal Customers,12,4,2666.0
Loyal Customers,151,2,1319.92
Loyal Customers,10,5,2087.47
Lost / Low Value,330,1,162.29999999999998
Occasional / At Risk,5,2,504.62
Loyal Customers,39,4,1289.54
Loyal Customers,25,6,1031.39
Loyal Customers,43,8,1359.8
Hibernating,284,1,639.86
Loyal Customers,1,4,736.97
Champions (VIP),15,21,9584.4
Champions (VIP),4,30,8429.54
Champions (VIP),4,14,5141.41
Loyal Customers,8,6,1646.19
Champions (VIP),28,6,2437.65
Lost / Low Value,372,1,71.14
Hibernating,114,1,2770.04
Loyal Customers,26,2,1020.21
Hibernating,206,1,265.11
Occasional / At Risk,58,4,678.2
Occasional / At Risk,127,4,476.51
Occasional / At Risk,70,2,447.62
Occasional / At Risk,7,4,342.56
Loyal Customers,29,3,676.71
Champions (VIP),8,4,3888.64
Loyal Customers,80,2,652.45
Hibernating,20,1,201.0
Hibernating,71,1,265.55
Champions (VIP),7,8,1180.98
Champions (VIP),15,8,5154.4
Hibernating,292,1,417.52000000000004
Champions (VIP),30,10,2117.96
Champions (VIP),15,14,4585.32
Loyal Customers,97,3,909.8199999999999
Champions (VIP),29,13,2586.98
Loyal Customers,1,1,722.85
Champions (VIP),9,5,3621.0299999999997
Hibernating,106,1,263.36
Loyal Customers,4,2,912.91
Loyal Customers,151,2,774.03
Hibernating,71,1,182.35
Loyal Customers,5,2,498.55
Champions (VIP),3,25,4424.39
Loyal Customers,32,6,2108.19
Hibernating,115,2,726.1
Loyal Customers,4,4,580.33
Loyal Customers,5,4,923.41
Hibernating,371,1,371.8
Loyal Customers,28,7,1550.1
Champions (VIP),11,7,2461.52
Occasional / At Risk,71,4,565.33
Hibernating,114,1,360.71000000000004
Champions (VIP),24,10,7116.69
Lost / Low Value,180,1,178.26000000000002
Hibernating,234,1,276.85
Lost / Low Value,353,1,110.39999999999999
Hibernating,315,2,375.07
Lost / Low Value,333,1,93.6
Lost / Low Value,372,1,110.4
Hibernating,99,1,516.0
Hibernating,64,1,344.8
Hibernating,134,2,418.93
Loyal Customers,56,4,4774.93
Champions (VIP),2,11,2640.41
Champions (VIP),1,196,20441.1
Champions (VIP),4,5,2737.73
Lost / Low Value,129,1,184.98
Hibernating,81,1,854.12
Occasional / At Risk,23,6,1988.77
Hibernating,277,2,61.62
Lost / Low Value,281,1,7.6
Lost / Low Value,87,1,50.879999999999995
Champions (VIP),16,7,3179.0
Loyal Customers,117,2,1468.59
Loyal Customers,52,3,1279.09
Loyal Customers,8,2,1211.3
Hibernating,369,1,320.08
Hibernating,317,1,952.88
Champions (VIP),4,7,5713.12
Hibernating,239,1,869.4
Hibernating,60,1,615.3199999999999
Loyal Customers,17,5,952.14
Occasional / At Risk,20,6,492.49
Loyal Customers,38,8,2523.53
Occasional / At Risk,64,2,594.54
Champions (VIP),5,5,1811.47
Loyal Customers,2,4,1011.3000000000001
Hibernating,15,1,455.46999999999997
Hibernating,364,1,239.0
Occasional / At Risk,10,3,356.26
Hibernating,192,1,199.42000000000002
Hibernating,257,1,329.59
Hibernating,335,2,395.48
Loyal Customers,53,2,795.51
Lost / Low Value,19,1,144.63
Lost / Low Value,366,1,206.13
Hibernating,187,1,397.58
Occasional / At Risk,37,3,445.7
Hibernating,178,1,343.41
Hibernating,262,2,415.55
Hibernating,45,1,229.64000000000001
Hibernating,148,2,687.66
Occasional / At Risk,96,2,265.90000000000003
Lost / Low Value,281,1,126.03999999999999
Lost / Low Value,262,1,267.6
Loyal Customers,3,4,923.62
Lost / Low Value,214,1,75.72
Hibernating,71,2,743.28
Hibernating,60,1,316.42
Champions (VIP),3,7,1460.8
Loyal Customers,6,3,430.15000000000003
Champions (VIP),3,6,961.96
Lost / Low Value,337,1,28.5
Lost / Low Value,262,1,124.75
Loyal Customers,32,2,366.53
Hibernating,145,1,307.03000000000003
Lost / Low Value,283,1,201.08
Loyal Customers,59,4,1620.1200000000001
Lost / Low Value,173,1,58.75
Loyal Customers,34,2,575.3000000000001
Champions (VIP),3,14,5115.12
Loyal Customers,144,4,2726.77
Champions (VIP),5,25,3308.77
Occasional / At Risk,70,2,582.3100000000001
Loyal Customers,160,7,1395.69
Loyal Customers,29,2,325.96000000000004
Lost / Low Value,269,2,54.79
Hibernating,22,1,640.24
Loyal Customers,31,2,719.5
Hibernating,97,1,104.91
Hibernating,295,1,264.15000000000003
Loyal Customers,135,5,1227.2
Loyal Customers,79,3,1056.4
Lost / Low Value,373,1,38.1
Champions (VIP),8,6,1960.03
Hibernating,211,2,831.15
Lost / Low Value,52,1,109.2
Lost / Low Value,138,1,10.2
Loyal Customers,26,2,1355.82
Hibernating,283,1,344.92
Champions (VIP),26,7,3637.29
Loyal Customers,186,6,1534.71
Occasional / At Risk,84,2,120.53999999999999
Hibernating,327,2,507.12
Loyal Customers,58,2,1100.82
Champions (VIP),4,12,1413.31
Hibernating,236,2,839.09
Occasional / At Risk,45,3,220.66
Lost / Low Value,276,1,69.0
Loyal Customers,9,2,995.4
Loyal Customers,25,4,527.87
Lost / Low Value,88,1,107.25
Loyal Customers,63,3,977.22
Loyal Customers,68,2,1059.3600000000001
Occasional / At Risk,214,2,187.92000000000002
Hibernating,24,1,361.63
Hibernating,31,1,176.55
Hibernating,42,2,335.05
Occasional / At Risk,205,2,100.50000000000001
Champions (VIP),10,15,1162.35
Lost / Low Value,265,1,87.78
Loyal Customers,18,2,338.21
Loyal Customers,12,5,1108.02
Loyal Customers,40,5,1022.43
Loyal Customers,23,8,2297.02
Loyal Customers,8,4,735.66
Occasional / At Risk,5,5,1088.45
Occasional / At Risk,149,2,201.05
Loyal Customers,139,4,1785.8
Loyal Customers,8,6,1159.21
Hibernating,17,1,106.89
Champions (VIP),9,37,13030.37
Hibernating,161,1,377.3
Hibernating,64,1,151.67
Occasional / At Risk,88,4,644.2
Loyal Customers,5,2,636.13
Loyal Customers,35,5,1739.74
Lost / Low Value,312,1,70.95
Occasional / At Risk,78,2,389.61
Occasional / At Risk,67,2,48.160000000000004
Loyal Customers,24,3,465.47
Champions (VIP),2,7,1851.55
Loyal Customers,17,3,911.9
Loyal Customers,15,4,1233.1200000000001
Lost / Low Value,26,1,100.22
Lost / Low Value,335,1,81.36
Hibernating,55,2,515.62
Loyal Customers,131,3,496.7
Occasional / At Risk,36,2,519.81
Hibernating,288,1,264.25
Loyal Customers,144,5,1269.59
Champions (VIP),16,7,1892.3600000000001
Champions (VIP),31,8,3639.92
Occasional / At Risk,8,2,284.2
Loyal Customers,9,6,979.12
Loyal Customers,6,4,1058.26
Hibernating,10,1,192.45000000000002
Champions (VIP),1,11,3260.2599999999998
Lost / Low Value,306,1,74.67
Champions (VIP),10,8,3547.04
Occasional / At Risk,7,2,240.89000000000001
Champions (VIP),8,8,1664.06
Hibernating,89,1,595.61
Hibernating,10,1,147.68
Hibernating,358,2,452.2
Lost / Low Value,112,1,126.0
Loyal Customers,7,4,310.05
Champions (VIP),4,78,5357.93
Lost / Low Value,198,1,77.15
Hibernating,212,1,303.6
Lost / Low Value,156,1,10.74
Occasional / At Risk,30,2,372.21999999999997
Hibernating,243,1,376.5
Lost / Low Value,19,1,97.5
Loyal Customers,1,2,1033.52
Occasional / At Risk,74,2,392.45
Hibernating,292,1,301.17
Champions (VIP),3,10,1277.23
Occasional / At Risk,31,3,351.0
Loyal Customers,23,2,461.26
Occasional / At Risk,23,4,414.76
Loyal Customers,4,3,782.52
Loyal Customers,22,4,880.09
Hibernating,205,2,273.78
Occasional / At Risk,260,2,382.16
Champions (VIP),4,13,5060.35
Lost / Low Value,318,1,110.99999999999999
Occasional / At Risk,151,2,89.05000000000001
Champions (VIP),12,17,5139.96
Occasional / At Risk,174,2,323.3
Lost / Low Value,56,1,11.52
Hibernating,323,1,229.46999999999997
Lost / Low Value,372,1,50.550000000000004
Loyal Customers,9,7,1416.15
Champions (VIP),1,13,4146.400000000001
Champions (VIP),11,9,1499.03
Loyal Customers,53,5,2642.29
Loyal Customers,73,3,709.34
Champions (VIP),16,28,6530.12
Champions (VIP),4,9,1855.96
Loyal Customers,64,2,439.86
Occasional / At Risk,1,4,341.88
Loyal Customers,23,2,613.4399999999999
Occasional / At Risk,31,2,116.5
Loyal Customers,11,2,514.84
Hibernating,52,2,735.93
Lost / Low Value,357,1,190.55
Occasional / At Risk,55,2,627.82
Occasional / At Risk,74,2,349.20000000000005
Loyal Customers,138,3,693.37
Occasional / At Risk,80,3,891.46
Loyal Customers,9,2,676.99
Lost / Low Value,273,1,139.7
Hibernating,291,1,391.72
Hibernating,99,1,305.28000000000003
Occasional / At Risk,31,2,419.11
Loyal Customers,57,9,2641.31
Loyal Customers,14,4,1793.91
Occasional / At Risk,64,2,433.68
Champions (VIP),15,17,4703.98
Lost / Low Value,212,1,197.65
Loyal Customers,78,3,1104.06
Occasional / At Risk,25,3,261.45000000000005
Lost / Low Value,250,1,85.65
Hibernating,254,1,243.93
Lost / Low Value,72,1,200.31
Lost / Low Value,191,1,65.69999999999999
Loyal Customers,13,4,879.22
Lost / Low Value,373,1,138.41
Hibernating,24,2,372.75
Lost / Low Value,82,1,91.61
Champions (VIP),1,24,3445.14
Lost / Low Value,192,1,228.8
Lost / Low Value,267,1,177.15
Hibernating,130,1,477.21
Loyal Customers,1,4,637.21
Champions (VIP),3,26,7392.89
Occasional / At Risk,4,5,220.10000000000002
Lost / Low Value,179,1,58.08
Champions (VIP),12,10,17925.53
Loyal Customers,126,8,1177.36
Occasional / At Risk,4,2,235.8
Occasional / At Risk,158,2,217.68
Champions (VIP),4,80,36347.88
Champions (VIP),9,13,3737.11
Hibernating,28,1,281.08
Occasional / At Risk,71,5,266.61
Loyal Customers,276,8,3429.4700000000003
Lost / Low Value,206,2,106.2
Lost / Low Value,71,1,60.48
Champions (VIP),33,10,4084.6800000000003
Champions (VIP),1,27,9869.38
Lost / Low Value,234,1,65.5
Champions (VIP),1,24,4998.69
Lost / Low Value,40,1,141.94
Occasional / At Risk,3,4,570.48
Lost / Low Value,133,1,76.5
Loyal Customers,44,4,1092.0
Lost / Low Value,373,1,95.3
Loyal Customers,60,2,763.2
Loyal Customers,31,7,971.22
Champions (VIP),1,24,3286.14
Loyal Customers,12,4,2029.06
Hibernating,138,1,291.29
Loyal Customers,22,8,840.7
Loyal Customers,20,5,1125.96
Lost / Low Value,239,1,30.599999999999998
Hibernating,269,1,260.36
Hibernating,240,1,821.1
Loyal Customers,90,3,2850.53
Champions (VIP),5,8,1783.57
Hibernating,78,1,259.17
Lost / Low Value,94,1,64.0
Loyal Customers,23,3,604.3
Lost / Low Value,262,1,60.3
Occasional / At Risk,274,2,79.95
Loyal Customers,86,4,1392.14
Loyal Customers,56,5,2408.51
Champions (VIP),11,8,3506.77
Loyal Customers,22,6,946.49
Champions (VIP),16,7,2473.04
Occasional / At Risk,108,3,348.67
Loyal Customers,85,5,2260.53
Hibernating,19,1,215.92
Lost / Low Value,333,1,47.2
Occasional / At Risk,40,3,297.6
Hibernating,26,1,228.91
Occasional / At Risk,43,2,237.60000000000002
Champions (VIP),29,11,2685.36
Loyal Customers,14,4,1210.68
Hibernating,296,1,773.27
Lost / Low Value,6,1,140.46
Loyal Customers,33,4,843.0600000000001
Loyal Customers,49,4,1447.98
Loyal Customers,95,4,1193.5
Loyal Customers,9,4,1215.79
Lost / Low Value,22,1,75.89999999999999
Lost / Low Value,313,1,95.75
Loyal Customers,122,4,1156.15
Occasional / At Risk,46,2,349.28
Hibernating,283,1,349.6
Loyal Customers,19,4,470.15999999999997
Loyal Customers,36,4,1097.29
Occasional / At Risk,64,2,355.1
Hibernating,27,1,101.97
Occasional / At Risk,22,3,261.51
Occasional / At Risk,4,2,340.21
Loyal Customers,16,3,1994.53
Hibernating,46,1,337.43
Hibernating,65,1,282.45
Champions (VIP),26,11,4569.75
Lost / Low Value,45,1,121.18
Champions (VIP),8,9,1126.63
Champions (VIP),15,10,1395.77
Lost / Low Value,268,1,71.4
Loyal Customers,40,3,1362.02
Hibernating,337,1,154.02
Lost / Low Value,11,1,99.60000000000001
Occasional / At Risk,19,2,167.28
Loyal Customers,95,2,859.14
Hibernating,61,1,95.13
Lost / Low Value,136,1,60.7
Loyal Customers,11,4,1704.03
Champions (VIP),10,6,3181.55
Champions (VIP),8,19,2420.0
Loyal Customers,22,3,607.27
Loyal Customers,10,4,798.68
Occasional / At Risk,15,2,250.26000000000002
Loyal Customers,59,5,1045.07
Champions (VIP),30,7,4798.16
Hibernating,94,1,293.0
Loyal Customers,10,3,483.42
Loyal Customers,20,3,527.48
Loyal Customers,57,5,1197.28
Lost / Low Value,268,1,10.5
Lost / Low Value,122,1,52.02
Lost / Low Value,127,1,56.76
Occasional / At Risk,78,4,506.04
Hibernating,240,2,568.16
Lost / Low Value,200,1,62.4
Loyal Customers,60,2,1804.92
Lost / Low Value,273,1,85.51
Lost / Low Value,202,1,257.7
Lost / Low Value,226,1,123.15
Champions (VIP),4,14,2036.45
Champions (VIP),13,7,969.3100000000001
Occasional / At Risk,74,2,477.2
Hibernating,212,1,870.57
Loyal Customers,25,2,592.33
Occasional / At Risk,23,3,493.68
Hibernating,262,1,292.12
Loyal Customers,96,4,616.7
Occasional / At Risk,112,3,270.40000000000003
Hibernating,203,1,480.02000000000004
Hibernating,93,1,94.79
Hibernating,51,1,259.85
Loyal Customers,18,6,818.53
Loyal Customers,18,4,474.72
Hibernating,125,2,434.21
Lost / Low Value,93,1,82.23
Occasional / At Risk,157,2,380.15999999999997
Occasional / At Risk,9,2,198.46
Occasional / At Risk,12,3,483.73
Hibernating,62,1,249.18
Lost / Low Value,61,1,82.32000000000001
Occasional / At Risk,269,2,670.5
Lost / Low Value,263,1,132.29
Champions (VIP),1,34,6695.64
Loyal Customers,53,5,1232.52
Champions (VIP),11,12,2290.61
Champions (VIP),3,18,3704.69
Champions (VIP),18,10,2807.06
Champions (VIP),1,15,4350.16
Hibernating,37,1,211.49
Occasional / At Risk,31,2,205.66000000000003
Hibernating,113,1,128.54
Hibernating,64,2,462.98
Occasional / At Risk,16,3,159.4
Hibernating,41,1,459.86
Lost / Low Value,78,1,137.75
Loyal Customers,122,3,723.45
Occasional / At Risk,18,3,726.94
Occasional / At Risk,60,2,93.66
Lost / Low Value,331,1,148.74
Loyal Customers,23,4,2566.02
Hibernating,156,1,338.41
Occasional / At Risk,39,2,418.45
Hibernating,190,2,726.39
Lost / Low Value,360,1,168.3
Lost / Low Value,137,1,53.4
Loyal Customers,8,4,1641.59
Lost / Low Value,1,1,90.0
Lost / Low Value,268,1,82.80000000000001
Hibernating,169,1,371.89
Loyal Customers,104,4,507.74
Hibernating,351,1,244.85000000000002
Champions (VIP),4,10,1000.21
Lost / Low Value,120,1,15.0
Loyal Customers,23,3,1092.43
Loyal Customers,7,5,1389.78
Loyal Customers,28,3,1015.73
Occasional / At Risk,4,2,408.82000000000005
Loyal Customers,22,5,1475.1200000000001
Loyal Customers,2,3,666.69
Loyal Customers,37,4,580.49
Loyal Customers,66,6,1781.8300000000002
Loyal Customers,1,3,379.53999999999996
Champions (VIP),5,26,9305.39
Loyal Customers,78,4,1532.2
Hibernating,86,1,259.04
Hibernating,17,1,199.48000000000002
Occasional / At Risk,3,5,583.85
Occasional / At Risk,36,8,1036.95
Hibernating,82,1,471.3
Loyal Customers,39,8,2690.07
Lost / Low Value,316,1,235.68
Occasional / At Risk,32,2,312.48
Loyal Customers,93,3,961.38
Hibernating,14,1,338.4
Loyal Customers,82,3,3139.07
Hibernating,77,1,752.8000000000001
Hibernating,158,1,316.47
Hibernating,201,1,664.42
Loyal Customers,45,6,2161.56
Hibernating,261,1,603.55
Hibernating,178,1,290.93
Loyal Customers,68,3,1684.29
Hibernating,288,1,299.70000000000005
Lost / Low Value,70,1,148.79999999999998
Hibernating,64,1,233.76
Hibernating,11,1,197.32
Loyal Customers,16,2,652.77
Hibernating,66,1,323.94
Hibernating,60,1,316.17999999999995
Hibernating,71,1,684.91
Hibernating,122,1,516.0
Hibernating,80,1,548.59
Hibernating,257,1,491.6
Hibernating,269,1,304.71
Hibernating,64,1,307.06
Loyal Customers,9,4,2686.64
Loyal Customers,18,2,834.89
Lost / Low Value,71,1,134.95999999999998
Loyal Customers,34,2,1718.8700000000001
Occasional / At Risk,257,2,430.18
Lost / Low Value,366,1,198.38000000000002
Hibernating,372,1,604.75
Hibernating,90,1,290.04
Loyal Customers,61,3,2726.17
Hibernating,89,1,607.1800000000001
Loyal Customers,99,3,834.3100000000001
Loyal Customers,26,3,521.36
Loyal Customers,32,6,3045.75
Hibernating,281,1,197.14000000000001
Champions (VIP),31,7,2877.66
Hibernating,330,1,403.07
Hibernating,131,2,505.45
Loyal Customers,11,3,700.66
Hibernating,75,1,304.68
Champions (VIP),2,8,1999.09
Hibernating,185,1,251.28
Occasional / At Risk,29,2,936.69
Occasional / At Risk,73,4,1118.81
Hibernating,192,1,383.57
Occasional / At Risk,127,2,587.23
Lost / Low Value,18,1,30.0
Occasional / At Risk,1,2,252.49
Occasional / At Risk,204,2,363.35
Champions (VIP),2,52,9337.800000000001
Occasional / At Risk,24,4,588.34
Hibernating,107,1,203.60000000000002
Hibernating,134,2,568.5
Occasional / At Risk,44,2,576.5
Occasional / At Risk,5,2,290.48
Champions (VIP),12,18,4699.71
Hibernating,64,1,221.06
Occasional / At Risk,150,2,87.6
Loyal Customers,40,2,1556.54
Loyal Customers,64,1,2292.0
Loyal Customers,108,3,1057.45
Champions (VIP),1,10,3007.02
Occasional / At Risk,19,3,445.34
Hibernating,10,1,168.38
Loyal Customers,11,4,816.69
Loyal Customers,19,2,574.25
Hibernating,67,2,814.8
Occasional / At Risk,74,2,179.04000000000002
Champions (VIP),5,7,1894.06
Lost / Low Value,2,1,113.53999999999999
Champions (VIP),14,7,2384.36
Hibernating,255,1,273.27
Hibernating,92,1,195.36
Loyal Customers,23,3,1026.69
Champions (VIP),17,6,3027.5
Hibernating,24,1,291.88
Loyal Customers,27,6,1272.48
Champions (VIP),26,5,2608.66
Occasional / At Risk,166,2,245.57999999999998
Occasional / At Risk,25,2,660.19
Loyal Customers,18,5,1180.1200000000001
Champions (VIP),7,14,7396.57
Hibernating,29,2,183.44
Occasional / At Risk,39,3,329.8
Lost / Low Value,253,1,135.0
Hibernating,58,1,606.73
Hibernating,184,1,197.70000000000002
Loyal Customers,11,2,860.01
Champions (VIP),2,37,3762.89
Lost / Low Value,99,2,165.0
Champions (VIP),1,4,2210.64
Occasional / At Risk,61,2,326.96
Hibernating,236,1,185.24
Loyal Customers,191,4,1115.66
Loyal Customers,179,2,697.67
Loyal Customers,38,6,1249.8899999999999
Occasional / At Risk,201,2,261.15
Loyal Customers,46,5,1680.26
Lost / Low Value,232,1,184.64
Lost / Low Value,66,1,140.34
Lost / Low Value,241,1,202.5
Hibernating,233,1,394.44
Loyal Customers,78,3,999.55
Occasional / At Risk,58,3,361.1
Champions (VIP),17,13,6585.43
Occasional / At Risk,105,3,175.44
Loyal Customers,52,10,943.34
Loyal Customers,136,3,729.24
Lost / Low Value,287,1,14.850000000000001
Hibernating,312,1,296.1
Loyal Customers,8,5,1716.07
Occasional / At Risk,11,2,563.63
Occasional / At Risk,283,2,348.05
Occasional / At Risk,18,5,609.09
Loyal Customers,23,3,1010.8
Hibernating,288,1,844.72
Occasional / At Risk,17,3,272.1
Hibernating,71,1,192.95
Hibernating,64,1,260.48
Loyal Customers,73,4,3042.26
Hibernating,316,2,379.45
Champions (VIP),3,4,1991.61
Lost / Low Value,244,1,66.42
Occasional / At Risk,9,5,662.6800000000001
Champions (VIP),1,4,1565.02
Hibernating,261,1,228.51000000000002
Lost / Low Value,127,1,132.6
Lost / Low Value,74,1,152.20000000000002
Loyal Customers,73,4,833.82
Loyal Customers,73,2,607.91
Loyal Customers,60,3,1839.49
Hibernating,86,1,535.4399999999999
Lost / Low Value,78,1,78.95
Loyal Customers,59,6,1582.45
Champions (VIP),1,3,976.92
Lost / Low Value,30,1,125.80000000000001
Loyal Customers,33,5,2181.58
Occasional / At Risk,41,5,580.94
Lost / Low Value,15,1,90.0
Loyal Customers,34,7,1878.75
Occasional / At Risk,79,2,206.06
Occasional / At Risk,205,2,357.7
Hibernating,34,1,210.31
Hibernating,183,3,245.23999999999998
Champions (VIP),2,24,5186.38
Champions (VIP),1,7,2451.61
Occasional / At Risk,43,5,699.45
Occasional / At Risk,86,3,446.52
Loyal Customers,40,2,205.91
Loyal Customers,12,3,547.39
Loyal Customers,96,2,508.59000000000003
Loyal Customers,26,7,793.85
Lost / Low Value,319,1,53.550000000000004
Champions (VIP),66,12,2227.55
Loyal Customers,74,4,2159.94
Occasional / At Risk,28,2,524.06
Loyal Customers,6,4,550.57
Hibernating,7,1,171.42000000000002
Lost / Low Value,216,1,39.01
Loyal Customers,82,3,1459.6100000000001
Hibernating,84,2,375.13
Hibernating,354,2,868.59
Occasional / At Risk,19,2,240.22
Loyal Customers,41,2,846.89
Hibernating,173,1,169.20000000000002
Loyal Customers,17,2,266.22
Hibernating,243,1,211.64
Champions (VIP),13,12,2013.89
Hibernating,206,1,590.9300000000001
Occasional / At Risk,50,2,233.96
Loyal Customers,23,5,674.5699999999999
Champions (VIP),10,17,1797.66
Loyal Customers,25,4,1353.5
Occasional / At Risk,15,2,321.29
Lost / Low Value,309,1,56.95
Hibernating,156,1,691.05
Lost / Low Value,307,1,75.75
Lost / Low Value,64,1,168.0
Champions (VIP),16,9,2331.81
Occasional / At Risk,15,2,256.05
Loyal Customers,11,6,1417.5
Loyal Customers,65,3,809.58
Occasional / At Risk,36,3,159.51
Loyal Customers,108,5,1471.93
Hibernating,53,1,396.97
Loyal Customers,6,2,586.91
Hibernating,47,1,113.94
Champions (VIP),1,21,3836.91
Lost / Low Value,312,1,66.52
Loyal Customers,45,2,663.08
Hibernating,65,1,398.65000000000003
Hibernating,26,1,129.44
Occasional / At Risk,29,2,148.43
Hibernating,40,1,563.0600000000001
Champions (VIP),12,7,850.48
Loyal Customers,89,3,956.76
Loyal Customers,24,4,1060.3600000000001
Hibernating,319,1,385.89
Loyal Customers,40,3,444.04
Lost / Low Value,174,1,154.54
Hibernating,117,1,209.85
Loyal Customers,31,5,384.76
Hibernating,253,1,241.32999999999998
Loyal Customers,59,5,1203.83
Hibernating,143,1,281.01
Loyal Customers,5,7,866.94
Occasional / At Risk,100,5,332.5
Loyal Customers,25,5,1764.3700000000001
Loyal Customers,33,5,1130.31
Hibernating,68,1,1031.43
Loyal Customers,37,5,720.83
Loyal Customers,52,3,733.8
Lost / Low Value,16,1,97.14
Hibernating,74,1,646.34
Hibernating,216,1,226.03
Occasional / At Risk,31,3,468.44
Loyal Customers,16,4,1979.0900000000001
Lost / Low Value,120,1,30.599999999999998
Loyal Customers,10,4,1134.52
Occasional / At Risk,257,2,333.85
Loyal Customers,17,6,1567.29
Lost / Low Value,40,1,63.3
Loyal Customers,46,3,1003.64
Loyal Customers,43,6,2261.97
Loyal Customers,114,2,753.22
Occasional / At Risk,165,2,319.79
Occasional / At Risk,11,2,321.0
Loyal Customers,10,5,1735.85
Loyal Customers,206,2,1215.27
Loyal Customers,86,3,647.0600000000001
Lost / Low Value,179,1,91.07
Occasional / At Risk,60,3,67.65
Hibernating,149,1,252.20000000000002
Champions (VIP),3,21,4272.65
Occasional / At Risk,51,2,160.2
Hibernating,75,1,333.2
Occasional / At Risk,301,2,186.39000000000001
Hibernating,19,2,297.79
Occasional / At Risk,151,2,473.38
Lost / Low Value,152,1,72.56
Champions (VIP),1,4,2109.54
Loyal Customers,18,4,796.0300000000001
Lost / Low Value,187,1,34.0
Hibernating,286,1,65.13
Occasional / At Risk,3,4,20.92
Lost / Low Value,183,1,72.0
Lost / Low Value,63,1,15.0
Lost / Low Value,59,1,81.60000000000001
Loyal Customers,25,2,749.64
Champions (VIP),4,19,2576.61
Champions (VIP),31,13,1616.53
Hibernating,39,1,151.29999999999998
Lost / Low Value,155,1,70.08000000000001
Champions (VIP),26,10,1840.13
Champions (VIP),5,9,1817.8
Occasional / At Risk,8,3,492.78000000000003
Hibernating,303,1,290.89
Hibernating,267,2,581.36
Hibernating,271,1,258.46
Champions (VIP),4,13,4698.650000000001
Lost / Low Value,32,1,94.56
Hibernating,219,2,232.16000000000003
Lost / Low Value,247,1,88.2
Loyal Customers,281,5,1016.25
Hibernating,269,1,138.28
Loyal Customers,32,6,1088.32
Occasional / At Risk,246,2,242.4
Loyal Customers,15,5,855.41
Loyal Customers,117,4,685.8
Hibernating,36,1,470.94
Loyal Customers,132,3,2004.68
Lost / Low Value,217,1,150.10000000000002
Loyal Customers,50,7,1203.52
Loyal Customers,39,2,429.11999999999995
Hibernating,29,2,285.78000000000003
Occasional / At Risk,37,6,437.44
Hibernating,136,2,522.55
Hibernating,219,2,511.59000000000003
Hibernating,28,1,491.86
Loyal Customers,25,4,1969.29
Loyal Customers,5,2,563.95
Hibernating,200,1,185.65
Lost / Low Value,18,1,125.10000000000001
Hibernating,241,1,234.71
Occasional / At Risk,72,3,405.63
Champions (VIP),17,12,1895.66
Occasional / At Risk,3,7,805.1999999999999
Loyal Customers,95,2,916.26
Hibernating,162,1,241.35999999999999
Occasional / At Risk,96,4,328.7
Occasional / At Risk,54,3,243.68
Lost / Low Value,288,1,75.6
Loyal Customers,124,6,712.84
Hibernating,288,1,710.66
Occasional / At Risk,152,2,129.6
Champions (VIP),4,9,1626.66
Champions (VIP),2,13,2850.44
Champions (VIP),12,7,1955.39
Loyal Customers,33,2,439.59000000000003
Loyal Customers,54,2,286.79
Loyal Customers,50,2,974.65
Lost / Low Value,219,1,133.2
Lost / Low Value,63,1,308.40000000000003
Loyal Customers,71,3,1347.6200000000001
Champions (VIP),2,36,7636.66
Champions (VIP),2,10,2138.4700000000003
Loyal Customers,64,4,2188.72
Loyal Customers,34,3,1017.9300000000001
Hibernating,82,1,314.15000000000003
Champions (VIP),9,20,3343.69
Lost / Low Value,103,1,178.7
Loyal Customers,7,2,247.31
Lost / Low Value,251,1,68.54
Loyal Customers,13,6,763.42
Occasional / At Risk,113,5,247.26
Lost / Low Value,367,1,148.8
Occasional / At Risk,76,2,231.55
Hibernating,4,1,236.84
Occasional / At Risk,66,2,183.05
Champions (VIP),8,24,2138.11
Occasional / At Risk,117,2,649.06
Hibernating,310,1,486.62
Hibernating,67,1,247.1
Loyal Customers,139,3,1068.52
Hibernating,255,1,277.07
Loyal Customers,31,7,2256.49
Hibernating,64,1,218.13000000000002
Lost / Low Value,367,1,80.8
Loyal Customers,6,5,1115.66
Lost / Low Value,305,1,60.300000000000004
Loyal Customers,29,2,609.16
Loyal Customers,42,3,452.1
Loyal Customers,40,4,1050.26
Loyal Customers,92,2,1334.22
Loyal Customers,22,4,3007.46
Loyal Customers,24,2,420.42
Occasional / At Risk,29,2,328.98
Hibernating,302,3,624.75
Hibernating,145,2,321.89
Loyal Customers,6,2,454.8
Loyal Customers,19,2,683.36
Loyal Customers,33,5,1171.86
Lost / Low Value,176,1,102.30000000000001
Loyal Customers,58,3,237.65
Hibernating,22,1,168.45
Loyal Customers,16,4,522.63
Lost / Low Value,19,1,52.199999999999996
Hibernating,159,1,225.45
Loyal Customers,25,4,692.37
Occasional / At Risk,212,2,221.59
Loyal Customers,6,4,510.67
Champions (VIP),59,9,2555.65
Hibernating,11,1,345.12
Lost / Low Value,65,1,157.86
Loyal Customers,25,3,733.16
Loyal Customers,52,2,1325.55
Hibernating,129,1,1478.98
Loyal Customers,96,3,1536.08
Hibernating,57,1,547.3000000000001
Champions (VIP),9,24,2557.92
Occasional / At Risk,169,3,120.3
Lost / Low Value,57,1,182.67
Hibernating,326,1,172.76000000000002
Champions (VIP),1,5,1106.93
Champions (VIP),18,8,2131.96
Hibernating,248,1,264.88
Occasional / At Risk,58,4,437.81
Lost / Low Value,74,1,145.67000000000002
Loyal Customers,31,3,709.54
Hibernating,39,1,428.37
Loyal Customers,123,4,2446.95
Champions (VIP),2,8,1713.04
Champions (VIP),23,13,5070.75
Occasional / At Risk,120,3,324.05
Hibernating,358,1,247.45000000000002
Loyal Customers,54,5,1477.82
Lost / Low Value,64,1,98.80000000000001
Lost / Low Value,86,1,17.4
Hibernating,55,1,1021.98
Champions (VIP),21,13,2927.18
Champions (VIP),18,13,2902.56
Loyal Customers,3,5,686.34
Loyal Customers,11,5,2176.33
Loyal Customers,7,4,670.45
Hibernating,189,2,390.2
Hibernating,71,1,218.56
Hibernating,204,1,293.95
Loyal Customers,120,2,496.02
Hibernating,93,1,416.90000000000003
Champions (VIP),1,10,1807.46
Occasional / At Risk,27,4,410.01
Lost / Low Value,298,1,195.70000000000002
Occasional / At Risk,24,2,430.55
Loyal Customers,28,4,2144.67
Hibernating,50,1,311.16
Lost / Low Value,326,1,138.93
Occasional / At Risk,16,2,337.52
Hibernating,193,2,553.95
Loyal Customers,72,5,2365.83
Occasional / At Risk,37,2,332.64
Loyal Customers,80,4,1948.9
Loyal Customers,144,8,1872.71
Loyal Customers,12,2,604.83
Occasional / At Risk,50,2,252.14000000000001
Occasional / At Risk,50,2,565.1
Occasional / At Risk,59,2,331.86
Lost / Low Value,352,1,81.6
Hibernating,54,1,317.63
Champions (VIP),2,6,1544.05
Loyal Customers,93,4,411.1
Lost / Low Value,23,1,150.10000000000002
Hibernating,75,1,348.99
Occasional / At Risk,11,4,336.47
Occasional / At Risk,169,2,285.45
Occasional / At Risk,58,2,337.34
Loyal Customers,96,2,956.13
Lost / Low Value,295,1,195.8
Hibernating,109,2,576.99
Hibernating,264,1,818.65
Hibernating,180,1,369.74
Lost / Low Value,169,1,128.25
Lost / Low Value,35,1,71.66
Occasional / At Risk,23,3,466.37
Loyal Customers,17,4,648.5600000000001
Occasional / At Risk,22,5,1389.88
Occasional / At Risk,79,3,57.33
Lost / Low Value,65,1,90.6
Lost / Low Value,361,1,70.19999999999999
Champions (VIP),3,6,2119.84
Occasional / At Risk,11,4,437.65999999999997
Loyal Customers,176,3,504.09000000000003
Loyal Customers,218,2,2300.81
Occasional / At Risk,7,2,265.68
Occasional / At Risk,2,2,307.82
Occasional / At Risk,154,2,239.31
Loyal Customers,5,5,671.39
Loyal Customers,79,3,508.59000000000003
Occasional / At Risk,21,2,230.22
Occasional / At Risk,22,2,82.1
Loyal Customers,308,4,469.02
Lost / Low Value,146,1,35.7
Champions (VIP),7,18,6473.63
Champions (VIP),19,8,2502.56
Occasional / At Risk,71,2,174.35
Lost / Low Value,287,1,186.75
Hibernating,49,1,413.59000000000003
Champions (VIP),31,6,2224.15
Lost / Low Value,207,1,227.96
Occasional / At Risk,15,2,132.53
Hibernating,73,1,869.87
Lost / Low Value,60,1,116.78
Loyal Customers,39,4,1424.6
Loyal Customers,40,9,1277.8
Occasional / At Risk,27,4,277.43
Champions (VIP),4,15,6863.2300000000005
Hibernating,17,1,186.06
Champions (VIP),20,6,3170.07
Occasional / At Risk,66,2,462.21
Hibernating,213,1,292.58
Loyal Customers,12,6,720.84
Lost / Low Value,30,1,76.8
Loyal Customers,43,8,2127.26
Champions (VIP),4,6,2002.19
Loyal Customers,15,5,1308.99
Champions (VIP),10,12,3506.81
Lost / Low Value,211,1,262.2
Occasional / At Risk,46,3,828.0
Hibernating,134,2,368.59999999999997
Loyal Customers,43,7,2921.96
Loyal Customers,10,5,1242.9
Occasional / At Risk,116,3,503.6
Hibernating,198,2,646.8100000000001
Hibernating,278,1,328.8
Occasional / At Risk,110,3,435.58
Hibernating,77,1,304.42
Hibernating,53,1,607.62
Loyal Customers,162,4,2642.62
Loyal Customers,47,3,991.01
Loyal Customers,17,2,573.86
Occasional / At Risk,155,3,495.7
Hibernating,225,1,396.8
Occasional / At Risk,7,2,540.77
Hibernating,122,2,298.45
Lost / Low Value,61,1,104.82
Occasional / At Risk,63,2,315.66
Champions (VIP),18,8,1594.7
Champions (VIP),7,16,6164.41
Champions (VIP),2,11,2173.0099999999998
Loyal Customers,22,3,343.84
Loyal Customers,29,5,876.07
Hibernating,285,1,451.25
Occasional / At Risk,176,2,139.25
Loyal Customers,78,3,1560.38
Lost / Low Value,33,1,82.6
Champions (VIP),41,12,1910.76
Hibernating,266,1,141.41
Loyal Customers,27,4,532.12
Lost / Low Value,284,1,44.309999999999995
Occasional / At Risk,9,4,580.2
Hibernating,305,1,399.85
Champions (VIP),17,4,4584.74
Loyal Customers,32,2,746.36
Champions (VIP),1,23,10378.01
Hibernating,20,1,173.66
Lost / Low Value,160,1,41.75
Lost / Low Value,65,1,92.46
Lost / Low Value,106,1,149.14
Champions (VIP),1,23,5869.21
Champions (VIP),24,15,4100.97
Lost / Low Value,267,1,132.6
Champions (VIP),5,16,2591.62
Champions (VIP),10,9,2289.89
Loyal Customers,29,5,783.75
Lost / Low Value,267,1,114.3
Hibernating,64,2,275.04
Hibernating,320,1,248.85000000000002
Champions (VIP),4,8,988.91
Hibernating,32,1,151.04
Loyal Customers,5,3,728.54
Hibernating,129,1,101.72
Occasional / At Risk,41,5,354.05
Loyal Customers,102,6,936.7199999999999
Lost / Low Value,125,1,147.25
Lost / Low Value,33,1,45.599999999999994
Hibernating,302,2,682.15
Hibernating,365,1,127.05
Champions (VIP),4,8,820.1
Champions (VIP),2,18,3838.85
Hibernating,3,1,185.17
Champions (VIP),10,12,15700.62
Lost / Low Value,57,1,111.05
Champions (VIP),8,14,3874.81
Hibernating,12,1,411.9
Champions (VIP),4,17,36019.84
Hibernating,37,1,147.35
Champions (VIP),16,11,2668.76
Hibernating,138,1,144.25
Lost / Low Value,295,1,2.95
Loyal Customers,5,5,563.48
Lost / Low Value,166,1,69.71
Hibernating,239,1,1089.14
Loyal Customers,52,7,2413.2200000000003
Loyal Customers,31,2,544.36
Lost / Low Value,73,1,144.2
Champions (VIP),37,10,2927.37
Occasional / At Risk,96,2,63.3
Loyal Customers,23,6,2505.16
Occasional / At Risk,4,4,619.02
Lost / Low Value,331,1,195.13
Loyal Customers,20,5,1091.04
Lost / Low Value,144,1,90.0
Champions (VIP),4,4,2370.56
Loyal Customers,11,3,2376.73
Hibernating,11,1,183.4
Occasional / At Risk,123,3,503.01
Loyal Customers,61,2,625.0
Loyal Customers,2,5,1077.06
Hibernating,319,1,360.46
Champions (VIP),2,11,2714.17
Occasional / At Risk,130,3,499.28999999999996
Champions (VIP),2,15,2849.29
Loyal Customers,2,2,965.8800000000001
Hibernating,46,1,278.28
Loyal Customers,4,2,913.18
Loyal Customers,3,4,902.38
Hibernating,373,1,280.95
Lost / Low Value,134,1,64.8
Champions (VIP),9,5,3054.55
Occasional / At Risk,78,2,61.8
Lost / Low Value,234,1,29.700000000000003
Hibernating,221,1,421.12
Occasional / At Risk,36,2,584.74
Loyal Customers,75,2,602.57
Hibernating,239,2,682.92
Lost / Low Value,266,1,118.75
Champions (VIP),10,41,18276.11
Occasional / At Risk,20,2,404.73
Hibernating,40,1,397.38
Champions (VIP),20,11,4426.01
Loyal Customers,216,3,878.02
Occasional / At Risk,174,2,198.11
Loyal Customers,87,4,1051.6100000000001
Hibernating,81,1,374.4
Lost / Low Value,276,1,82.19
Occasional / At Risk,39,4,512.84
Hibernating,98,1,308.44
Occasional / At Risk,11,4,222.34
Hibernating,33,1,124.51
Loyal Customers,60,3,2177.5
Loyal Customers,297,4,517.2
Loyal Customers,86,4,450.77
Champions (VIP),9,7,1446.49
Loyal Customers,41,2,548.67
Champions (VIP),11,25,1779.8200000000002
Hibernating,67,1,245.59
Lost / Low Value,331,1,12.75
Loyal Customers,31,6,1763.8600000000001
Champions (VIP),2,15,3787.7400000000002
Champions (VIP),2,13,4273.1
Occasional / At Risk,68,2,737.15
Champions (VIP),5,21,9440.61
Lost / Low Value,107,1,73.72
Occasional / At Risk,18,4,504.6
Lost / Low Value,218,1,10.2
Occasional / At Risk,60,7,522.64
Hibernating,2,1,128.16
Occasional / At Risk,17,2,288.2
Hibernating,239,1,302.65999999999997
Lost / Low Value,95,1,101.14
Loyal Customers,11,6,1098.55
Loyal Customers,106,6,1616.1200000000001
Loyal Customers,53,9,1761.15
Loyal Customers,31,5,938.14
Loyal Customers,12,6,1650.47
Loyal Customers,3,4,1082.66
Champions (VIP),2,17,1253.13
Hibernating,43,1,169.48000000000002
Lost / Low Value,4,1,73.44
Occasional / At Risk,247,2,510.72
Champions (VIP),42,9,2655.95
Hibernating,177,1,576.5
Loyal Customers,92,3,736.5600000000001
Loyal Customers,110,4,645.21
Loyal Customers,30,4,1256.49
Champions (VIP),26,9,2897.32
Occasional / At Risk,52,3,757.8
Loyal Customers,184,3,793.26
Loyal Customers,43,5,1630.66
Occasional / At Risk,49,4,916.9200000000001
Loyal Customers,22,4,706.92
Loyal Customers,75,5,1505.34
Occasional / At Risk,81,2,302.64
Lost / Low Value,373,1,77.45
Lost / Low Value,326,1,96.2
Champions (VIP),43,11,1996.75
Loyal Customers,30,2,745.14
Lost / Low Value,184,1,213.70000000000002
Occasional / At Risk,235,2,219.25
Champions (VIP),9,10,2205.13
Loyal Customers,220,2,1516.7
Loyal Customers,111,3,1293.0
Lost / Low Value,278,1,104.12
Lost / Low Value,318,1,98.58
Loyal Customers,7,3,1823.13
Champions (VIP),2,5,1796.8200000000002
Hibernating,260,2,738.0600000000001
Loyal Customers,64,5,2451.6
Champions (VIP),9,9,2439.26
Lost / Low Value,142,1,104.1
Hibernating,79,1,633.79
Champions (VIP),8,8,2337.11
Occasional / At Risk,155,2,177.17000000000002
Hibernating,109,2,333.43
Loyal Customers,163,3,940.44
Hibernating,332,1,341.65000000000003
Lost / Low Value,226,1,92.42
Occasional / At Risk,74,2,330.2
Occasional / At Risk,51,4,559.97
Loyal Customers,99,3,1042.49
Loyal Customers,15,3,2830.32
Lost / Low Value,197,1,92.63999999999999
Champions (VIP),3,15,2651.88
Loyal Customers,31,2,505.3
Occasional / At Risk,21,4,368.78000000000003
Loyal Customers,24,3,3926.34
Occasional / At Risk,8,2,159.35
Hibernating,213,1,306.0
Occasional / At Risk,9,6,508.06
Loyal Customers,11,5,1983.2
Champions (VIP),2,11,3262.5
Champions (VIP),8,9,1665.33
Loyal Customers,3,4,951.1600000000001
Lost / Low Value,40,1,166.20000000000002
Loyal Customers,18,4,1102.85
Champions (VIP),8,40,24387.53
Champions (VIP),8,8,2234.89
Lost / Low Value,19,1,43.2
Lost / Low Value,117,1,128.7
Hibernating,223,1,224.4
Loyal Customers,71,3,1811.16
Loyal Customers,51,2,697.88
Loyal Customers,89,6,2682.61
Champions (VIP),8,9,1766.45
Hibernating,243,1,198.97
Loyal Customers,47,6,1265.06
Lost / Low Value,107,1,93.47999999999999
Loyal Customers,45,6,2014.03
Hibernating,65,1,375.58
Occasional / At Risk,207,2,457.89
Loyal Customers,11,5,1178.4
Occasional / At Risk,115,2,517.66
Lost / Low Value,242,1,123.85000000000001
Hibernating,163,1,311.65
Champions (VIP),17,7,3974.03
Hibernating,124,2,395.76
Occasional / At Risk,23,3,559.05
Lost / Low Value,68,1,188.20000000000002
Champions (VIP),17,8,1829.61
Loyal Customers,16,2,409.2
Loyal Customers,17,4,1281.1100000000001
Hibernating,196,1,443.2
Hibernating,243,1,309.52
Lost / Low Value,219,1,134.7
Loyal Customers,45,8,1858.47
Occasional / At Risk,21,4,322.8
Loyal Customers,127,8,615.5300000000001
Lost / Low Value,39,1,108.97999999999999
Loyal Customers,121,2,799.46
Hibernating,260,1,297.87
Hibernating,10,1,125.0
Hibernating,274,1,282.93
Lost / Low Value,165,1,51.0
Loyal Customers,157,4,821.76
Lost / Low Value,215,1,90.6
Occasional / At Risk,6,2,126.17999999999999
Lost / Low Value,366,1,158.5
Hibernating,80,2,480.93
Hibernating,43,1,215.17000000000002
Loyal Customers,19,3,799.08
Loyal Customers,32,4,1722.63
Hibernating,22,1,138.75
Loyal Customers,109,8,1022.95
Champions (VIP),8,16,7225.1900000000005
Lost / Low Value,320,1,105.2
Lost / Low Value,295,1,100.5
Lost / Low Value,358,1,10.2
Hibernating,185,1,219.66
Occasional / At Risk,191,2,155.25
Occasional / At Risk,44,2,340.15000000000003
Hibernating,52,1,202.68
Hibernating,26,1,448.58
Loyal Customers,38,3,903.67
Loyal Customers,9,3,202.11
Lost / Low Value,297,1,93.6
Loyal Customers,33,3,1458.25
Champions (VIP),10,8,2804.56
Loyal Customers,65,2,792.94
Champions (VIP),10,9,3415.92
Lost / Low Value,218,1,67.95
Champions (VIP),2,9,3129.21
Loyal Customers,65,2,451.09
Champions (VIP),3,16,994.8199999999999
Hibernating,149,1,326.48
Champions (VIP),4,13,2722.94
Occasional / At Risk,217,2,283.95000000000005
Loyal Customers,34,6,1078.73
Lost / Low Value,119,1,106.25
Loyal Customers,107,5,981.53
Champions (VIP),11,7,1816.03
Loyal Customers,71,4,875.4200000000001
Loyal Customers,92,9,886.72
Hibernating,311,1,539.4000000000001
Hibernating,43,2,562.33
Hibernating,362,1,111.10000000000001
Loyal Customers,92,7,1033.42
Champions (VIP),1,13,5144.24
Hibernating,22,2,189.5
Loyal Customers,4,3,1517.64
Loyal Customers,11,6,1025.94
Hibernating,99,1,387.52
Occasional / At Risk,57,2,728.61
Champions (VIP),1,6,3462.69
Lost / Low Value,218,1,20.4
Champions (VIP),24,9,2998.21
Hibernating,50,2,287.74
Loyal Customers,7,5,764.04
Hibernating,303,1,303.66
Champions (VIP),10,6,2025.91
Occasional / At Risk,22,6,964.8000000000001
Lost / Low Value,99,1,76.56
Lost / Low Value,366,1,63.0
Lost / Low Value,306,1,131.9
Hibernating,320,1,1637.3
Loyal Customers,8,5,1549.88
Loyal Customers,1,4,1378.5900000000001
Loyal Customers,205,2,677.47
Loyal Customers,54,4,1370.33
Champions (VIP),1,4,899.22
Loyal Customers,19,5,1147.33
Occasional / At Risk,9,2,127.80000000000001
Loyal Customers,19,4,852.55
Loyal Customers,181,3,483.25
Loyal Customers,60,2,626.9
Loyal Customers,11,2,191.5
Hibernating,190,1,109.98
Champions (VIP),5,9,2662.98
Lost / Low Value,311,1,68.64
Hibernating,155,1,1274.16
Occasional / At Risk,110,3,150.0
Loyal Customers,148,3,1467.92
Champions (VIP),66,11,1633.88
Lost / Low Value,205,1,39.599999999999994
Hibernating,247,3,486.59000000000003
Loyal Customers,29,7,1400.65
Loyal Customers,18,4,530.01
Occasional / At Risk,12,2,303.99
Loyal Customers,104,8,1507.9
Lost / Low Value,74,1,95.28
Hibernating,46,1,240.06
Occasional / At Risk,72,3,683.01
Hibernating,257,1,183.05
Lost / Low Value,51,1,83.2
Occasional / At Risk,254,2,252.65
Hibernating,11,1,262.55
Occasional / At Risk,165,2,538.41
Loyal Customers,18,6,1041.28
Lost / Low Value,282,1,137.1
Hibernating,50,1,301.76
Hibernating,39,1,144.35
Loyal Customers,27,6,946.3299999999999
Hibernating,68,1,706.18
Hibernating,207,1,433.5
Occasional / At Risk,175,2,220.98
Champions (VIP),7,5,2047.03
Lost / Low Value,26,1,139.56
Occasional / At Risk,51,2,123.8
Occasional / At Risk,312,2,291.92
Hibernating,309,1,335.52
Loyal Customers,43,5,1519.27
Loyal Customers,26,3,768.74
Occasional / At Risk,88,2,218.10000000000002
Occasional / At Risk,184,2,251.21
Champions (VIP),20,9,1914.94
Champions (VIP),3,6,2664.66
Loyal Customers,47,4,522.21
Champions (VIP),17,8,4940.0
Loyal Customers,17,5,1206.85
Loyal Customers,40,5,928.78
Loyal Customers,22,2,196.0
Loyal Customers,11,5,1173.41
Hibernating,188,2,175.63
Occasional / At Risk,207,2,183.75
Loyal Customers,61,3,732.3
Loyal Customers,18,6,1542.51
Occasional / At Risk,33,2,192.55
Lost / Low Value,64,1,112.44
Lost / Low Value,2,1,10.2
Occasional / At Risk,72,3,405.26
Lost / Low Value,108,1,160.91
Champions (VIP),32,9,1438.78
Champions (VIP),20,9,2245.81
Champions (VIP),3,54,4319.12
Hibernating,37,1,234.83999999999997
Loyal Customers,60,3,542.96
Loyal Customers,26,6,1982.45
Occasional / At Risk,236,3,200.4
Occasional / At Risk,25,6,757.44
Champions (VIP),3,18,3186.6800000000003
Loyal Customers,60,3,2492.68
Lost / Low Value,260,1,76.0
Hibernating,58,1,355.56
Occasional / At Risk,65,2,334.35
Loyal Customers,16,2,500.32
Loyal Customers,10,3,836.51
Loyal Customers,59,8,1372.05
Lost / Low Value,186,1,103.25
Loyal Customers,29,16,1131.39
Loyal Customers,24,2,1175.57
Champions (VIP),5,5,2366.38
Champions (VIP),4,8,3315.76
Hibernating,311,1,224.98000000000002
Loyal Customers,11,2,650.77
Occasional / At Risk,18,2,148.23
Hibernating,152,1,156.27
Loyal Customers,19,5,543.62
Loyal Customers,10,4,1863.18
Occasional / At Risk,57,2,251.7
Hibernating,85,1,287.44
Occasional / At Risk,17,13,600.03
Loyal Customers,76,3,957.37
Champions (VIP),4,18,4012.62
Loyal Customers,96,4,2636.81
Loyal Customers,57,2,1257.96
Lost / Low Value,1,1,80.09
Hibernating,281,2,189.36
Champions (VIP),3,7,2333.51
Loyal Customers,180,9,778.7
Lost / Low Value,372,1,35.400000000000006
Loyal Customers,13,4,859.71
Hibernating,3,1,111.51
Lost / Low Value,17,1,95.67
Lost / Low Value,41,1,94.21000000000001
Champions (VIP),6,5,799.4
Loyal Customers,169,4,825.76
Hibernating,50,1,148.55
Hibernating,277,1,202.44
Champions (VIP),19,9,1258.33
Loyal Customers,15,4,876.86
Loyal Customers,35,3,516.29
Loyal Customers,22,3,450.95
Occasional / At Risk,7,2,273.28
Loyal Customers,20,6,1524.96
Hibernating,11,1,295.74
Hibernating,44,1,221.97
Hibernating,306,1,236.43
Lost / Low Value,11,1,123.96000000000001
Champions (VIP),1,90,8207.41
Occasional / At Risk,19,3,450.9
Occasional / At Risk,4,3,1017.1500000000001
Lost / Low Value,285,1,10.08
Occasional / At Risk,9,3,408.84000000000003
Hibernating,246,1,263.74
Occasional / At Risk,206,2,318.54
Champions (VIP),1,5,1490.42
Hibernating,185,1,288.78000000000003
Loyal Customers,32,5,683.62
Hibernating,57,2,225.85
Loyal Customers,196,2,668.48
Loyal Customers,24,4,2035.8200000000002
Occasional / At Risk,91,2,411.71000000000004
Loyal Customers,4,2,564.91
Occasional / At Risk,51,3,722.9200000000001
Lost / Low Value,263,1,79.94
Hibernating,266,1,235.4
Occasional / At Risk,36,2,609.85
Hibernating,51,1,269.6
Loyal Customers,52,6,2119.57
Loyal Customers,24,6,1651.76
Lost / Low Value,22,1,110.46
Lost / Low Value,59,1,19.8
Occasional / At Risk,170,2,295.87
Occasional / At Risk,68,2,381.02000000000004
Occasional / At Risk,157,2,419.42
Champions (VIP),2,46,11901.92
Hibernating,201,1,236.04000000000002
Loyal Customers,5,4,964.26
Loyal Customers,67,2,560.3
Hibernating,77,1,94.28
Champions (VIP),1,7,1483.15
Loyal Customers,8,4,939.2800000000001
Hibernating,169,2,240.95000000000002
Loyal Customers,18,4,707.37
Occasional / At Risk,5,2,110.60000000000001
Champions (VIP),9,9,2302.78
Hibernating,87,2,256.24
Lost / Low Value,27,1,41.05
Loyal Customers,29,4,611.8
Loyal Customers,20,2,566.59
Loyal Customers,61,4,1490.75
Hibernating,24,1,160.04999999999998
Champions (VIP),11,25,5931.84
Loyal Customers,242,3,1069.77
Hibernating,280,2,384.90999999999997
Hibernating,235,2,578.57
Loyal Customers,3,5,1334.64
Hibernating,16,1,428.01
Occasional / At Risk,31,5,702.12
Champions (VIP),25,15,3943.2
Occasional / At Risk,71,3,120.0
Loyal Customers,26,5,1141.96
Hibernating,107,1,217.01999999999998
Champions (VIP),8,20,3705.92
Lost / Low Value,209,1,104.85
Loyal Customers,44,2,299.4
Loyal Customers,31,5,1861.94
Loyal Customers,137,4,558.55
Lost / Low Value,265,1,45.4
Champions (VIP),4,7,1750.74
Lost / Low Value,218,2,96.56
Champions (VIP),2,5,1049.07
Lost / Low Value,214,1,109.13000000000001
Loyal Customers,32,3,1344.33
Champions (VIP),11,9,1702.59
Champions (VIP),1,17,2345.54
Hibernating,15,1,318.17
Champions (VIP),20,7,1288.44
Occasional / At Risk,3,2,525.81
Champions (VIP),15,13,4341.82
Loyal Customers,14,4,541.63
Champions (VIP),10,11,1786.67
Loyal Customers,29,3,851.73
Champions (VIP),9,11,2147.15
Lost / Low Value,24,1,46.9
Loyal Customers,25,4,687.23
Loyal Customers,43,2,213.85
Champions (VIP),2,5,1450.89
Loyal Customers,6,3,443.16
Hibernating,147,1,154.57
Champions (VIP),10,6,990.64
Hibernating,25,1,450.83
Lost / Low Value,274,1,116.03
Hibernating,374,1,290.79
Champions (VIP),1,8,1469.07
Loyal Customers,47,3,346.13
Champions (VIP),8,8,2177.19
Champions (VIP),16,12,4398.04
Champions (VIP),4,30,4182.42
Occasional / At Risk,4,3,530.35
Loyal Customers,43,7,1154.7
Occasional / At Risk,20,6,745.38
Loyal Customers,197,3,1283.86
Loyal Customers,12,6,1270.34
Occasional / At Risk,16,6,416.48
Loyal Customers,113,5,1085.5
Lost / Low Value,249,1,176.95000000000002
Loyal Customers,29,5,1330.09
Lost / Low Value,44,1,129.0
Hibernating,87,1,526.75
Occasional / At Risk,45,2,608.3
Champions (VIP),10,11,4106.17
Hibernating,15,1,577.36
Hibernating,75,1,395.5
Loyal Customers,145,4,711.82
Loyal Customers,5,3,1073.07
Lost / Low Value,297,1,89.2
Occasional / At Risk,59,2,255.9
Hibernating,264,1,277.12
Lost / Low Value,47,1,79.8
Occasional / At Risk,29,3,159.76
Champions (VIP),8,6,2282.42
Occasional / At Risk,17,2,192.60000000000002
Champions (VIP),3,8,8259.55
Hibernating,232,2,622.37
Lost / Low Value,112,1,126.50999999999999
Loyal Customers,58,3,879.42
Loyal Customers,51,11,1239.54
Occasional / At Risk,127,2,691.0600000000001
Hibernating,281,3,187.55
Hibernating,55,2,400.88
Lost / Low Value,320,1,110.10000000000001
Occasional / At Risk,26,2,231.32000000000002
Lost / Low Value,15,1,39.480000000000004
Loyal Customers,7,2,593.82
Lost / Low Value,29,1,169.2
Occasional / At Risk,17,4,554.46
Lost / Low Value,64,1,6.2
Hibernating,21,1,228.99
Champions (VIP),3,6,1060.06
Lost / Low Value,166,1,4.25
Champions (VIP),1,17,7081.17
Occasional / At Risk,53,3,173.74
Lost / Low Value,51,1,32.720000000000006
Champions (VIP),48,12,3555.27
Hibernating,61,1,180.84
Occasional / At Risk,162,3,279.45
Hibernating,9,1,224.82
Occasional / At Risk,15,4,296.45
Lost / Low Value,75,1,66.0
Loyal Customers,40,7,1361.85
Champions (VIP),41,11,2035.53
Hibernating,370,2,110.93
Loyal Customers,37,2,737.22
Lost / Low Value,197,1,11.9
Hibernating,200,2,962.08
Occasional / At Risk,74,3,390.05
Occasional / At Risk,64,2,176.07
Occasional / At Risk,21,4,423.79
Lost / Low Value,367,1,48.800000000000004
Hibernating,180,3,217.18
Loyal Customers,10,4,711.71
Champions (VIP),4,12,1979.3100000000002
Lost / Low Value,254,1,10.08
Occasional / At Risk,29,4,650.83
Hibernating,53,1,179.78
Loyal Customers,18,6,1249.42
Occasional / At Risk,10,2,99.44999999999999
Loyal Customers,90,4,1613.5
Lost / Low Value,268,1,62.85
Loyal Customers,53,6,2687.08
Loyal Customers,44,4,2250.64
Loyal Customers,64,4,1986.51
Lost / Low Value,149,1,218.4
Champions (VIP),22,25,6635.39
Hibernating,312,1,317.25
Occasional / At Risk,23,2,416.55
Loyal Customers,58,6,2228.7400000000002
Occasional / At Risk,24,2,88.5
Loyal Customers,78,7,1821.58
Lost / Low Value,135,1,91.85
Loyal Customers,36,3,899.09
Loyal Customers,60,2,931.17
Loyal Customers,13,4,1190.54
Hibernating,19,1,149.44
Lost / Low Value,52,1,83.37
Loyal Customers,26,2,727.62
Hibernating,29,1,266.76
Occasional / At Risk,7,2,43.08
Occasional / At Risk,11,4,316.72
Occasional / At Risk,186,3,517.78
Champions (VIP),3,8,2629.2400000000002
Loyal Customers,9,2,599.02
Hibernating,262,1,327.25
Loyal Customers,3,4,501.28000000000003
Hibernating,210,1,346.93
Loyal Customers,108,2,788.1500000000001
Champions (VIP),13,9,1259.39
Occasional / At Risk,77,3,525.09
Hibernating,20,1,221.2
Hibernating,27,2,510.20000000000005
Loyal Customers,19,6,727.75
Lost / Low Value,132,1,102.0
Hibernating,253,1,325.0
Hibernating,207,1,369.2
Lost / Low Value,336,1,135.9
Lost / Low Value,254,1,125.65
Hibernating,148,2,468.1
Loyal Customers,10,2,1044.63
Hibernating,85,1,614.95
Champions (VIP),8,19,8175.24
Loyal Customers,205,2,457.82
Occasional / At Risk,8,4,672.58
Loyal Customers,23,6,881.02
Loyal Customers,11,8,1040.31
Hibernating,26,1,299.66
Champions (VIP),21,5,2386.43
Loyal Customers,2,2,577.12
Occasional / At Risk,158,2,371.35
Champions (VIP),3,7,2998.58
Lost / Low Value,74,1,135.3
Loyal Customers,3,4,374.65
Champions (VIP),1,193,84980.89
Occasional / At Risk,17,2,323.77
Loyal Customers,36,4,995.12
Occasional / At Risk,91,2,281.98
Loyal Customers,71,4,1165.71
Loyal Customers,116,2,1308.89
Hibernating,213,2,780.25
Loyal Customers,30,2,1255.23
Hibernating,51,1,629.6
Lost / Low Value,246,1,168.05
Hibernating,32,1,172.88
Loyal Customers,109,3,1503.6100000000001
Loyal Customers,5,4,790.88
Lost / Low Value,366,1,140.43
Loyal Customers,82,2,1246.59
Champions (VIP),34,7,5469.07
Loyal Customers,57,2,1158.68
Champions (VIP),30,12,4288.900000000001
Lost / Low Value,14,1,100.9
Occasional / At Risk,72,2,275.82
Loyal Customers,23,6,927.11
Hibernating,19,1,243.5
Hibernating,79,1,259.52
Champions (VIP),60,9,4315.92
Hibernating,25,1,202.59
Hibernating,12,1,186.2
Lost / Low Value,253,1,58.49
Occasional / At Risk,147,3,213.88
Loyal Customers,64,4,609.54
Occasional / At Risk,8,2,188.12
Champions (VIP),11,9,6021.2300000000005
Lost / Low Value,271,1,14.850000000000001
Loyal Customers,10,5,983.63
Lost / Low Value,247,1,81.75
Hibernating,96,1,461.64
Hibernating,15,1,167.9
Lost / Low Value,50,1,139.8
Hibernating,30,1,139.09
Occasional / At Risk,68,4,1465.51
Loyal Customers,35,3,808.7
Lost / Low Value,128,1,53.47
Occasional / At Risk,107,3,465.4
Lost / Low Value,37,1,79.99000000000001
Lost / Low Value,57,1,38.65
Loyal Customers,57,6,624.0600000000001
Loyal Customers,72,5,1079.27
Lost / Low Value,246,1,102.12
Occasional / At Risk,19,2,89.57000000000001
Hibernating,198,2,263.34
Hibernating,212,1,305.29
Occasional / At Risk,39,2,203.43
Occasional / At Risk,46,3,234.32
Hibernating,170,2,341.87
Hibernating,48,1,443.42
Loyal Customers,116,4,1525.66
Hibernating,147,1,823.21
Champions (VIP),16,28,5607.36
Hibernating,51,1,430.03000000000003
Lost / Low Value,159,1,146.96
Loyal Customers,12,3,1159.28
Hibernating,36,1,263.19
Loyal Customers,54,2,343.19
Occasional / At Risk,43,2,175.17000000000002
Lost / Low Value,173,1,100.24000000000001
Hibernating,34,1,115.63
Occasional / At Risk,39,3,275.36
Hibernating,267,1,225.85999999999999
Champions (VIP),9,9,1544.1200000000001
Loyal Customers,12,3,737.67
Champions (VIP),3,11,4469.84
Champions (VIP),10,9,1470.33
Hibernating,33,1,342.06
Loyal Customers,80,3,343.75
Occasional / At Risk,31,4,516.35
Occasional / At Risk,8,4,520.84
Lost / Low Value,268,1,20.4
Loyal Customers,4,4,468.34000000000003
Occasional / At Risk,256,2,315.25
Champions (VIP),5,10,2283.85
Champions (VIP),16,8,3008.01
Hibernating,90,1,227.29000000000002
Loyal Customers,72,3,341.11
Loyal Customers,59,6,383.54
Champions (VIP),10,45,13964.12
Hibernating,170,1,151.48
Lost / Low Value,199,1,46.68
Champions (VIP),19,17,5448.25
Lost / Low Value,152,1,60.06
Champions (VIP),9,15,2332.68
Hibernating,270,1,329.7
Loyal Customers,65,4,281.3
Lost / Low Value,274,1,40.050000000000004
Loyal Customers,25,3,982.29
Loyal Customers,23,3,1186.13
Hibernating,319,1,127.83
Loyal Customers,5,3,519.59
Loyal Customers,12,2,277.95
Hibernating,275,2,807.0
Champions (VIP),25,11,1836.89
Loyal Customers,41,9,1057.8700000000001
Loyal Customers,8,4,267.5
Champions (VIP),4,33,6687.17
Loyal Customers,71,4,912.38
Lost / Low Value,213,1,70.19999999999999
Loyal Customers,38,4,2234.06
Hibernating,53,1,701.79
Loyal Customers,78,3,1277.2
Loyal Customers,46,2,453.45
Hibernating,179,1,825.48
Occasional / At Risk,94,2,601.82
Loyal Customers,10,3,1043.41
Hibernating,105,1,735.67
Hibernating,78,1,496.78
Hibernating,173,1,771.3
Champions (VIP),7,31,9220.62
Loyal Customers,213,3,610.5600000000001
Occasional / At Risk,22,5,378.7
Lost / Low Value,257,1,62.699999999999996
Hibernating,282,1,220.06
Loyal Customers,21,2,825.52
Champions (VIP),10,6,1906.6100000000001
Hibernating,308,1,263.12
Hibernating,68,1,446.71
Occasional / At Risk,215,2,279.61
Loyal Customers,18,6,1807.28
Loyal Customers,104,4,796.74
Hibernating,43,1,206.89000000000001
Hibernating,4,1,215.08
Hibernating,84,1,238.70000000000002
Occasional / At Risk,9,2,120.13000000000001
Loyal Customers,31,2,573.46
Hibernating,197,2,571.49
Champions (VIP),18,7,1728.99
Loyal Customers,18,5,1235.45
Occasional / At Risk,334,3,104.10000000000001
Loyal Customers,142,3,983.5500000000001
Hibernating,246,1,327.15000000000003
Occasional / At Risk,24,4,620.4
Loyal Customers,29,3,1339.68
Loyal Customers,10,3,1589.8
Champions (VIP),30,10,2650.16
Hibernating,18,1,238.81
Loyal Customers,18,4,1092.68
Loyal Customers,15,5,1146.73
Lost / Low Value,246,1,162.8
Hibernating,134,1,244.4
Occasional / At Risk,50,2,399.07
Loyal Customers,114,3,1286.28
Loyal Customers,7,2,1818.6299999999999
Occasional / At Risk,23,2,126.5
Loyal Customers,61,9,2362.7
Hibernating,66,1,346.53
Loyal Customers,60,4,1307.74
Loyal Customers,50,10,1583.27
Hibernating,170,1,330.11
Loyal Customers,18,5,791.69
Occasional / At Risk,128,3,584.1800000000001
Loyal Customers,15,8,1299.55
Lost / Low Value,239,1,139.05
Loyal Customers,3,4,1234.5
Occasional / At Risk,240,2,169.84
Loyal Customers,52,7,1604.01
Hibernating,46,1,430.52
Hibernating,226,1,239.55
Champions (VIP),8,17,5997.62
Loyal Customers,4,4,921.73
Loyal Customers,165,2,1164.52
Hibernating,240,1,382.0
Hibernating,11,1,301.29
Hibernating,134,1,327.45000000000005
Champions (VIP),17,10,4592.19
Champions (VIP),10,13,3794.9900000000002
Hibernating,31,1,251.82
Hibernating,75,1,170.08
Loyal Customers,1,3,762.39
Loyal Customers,4,3,1408.73
Lost / Low Value,45,1,119.76
Champions (VIP),2,28,14334.960000000001
Lost / Low Value,357,1,51.96
Occasional / At Risk,18,2,278.77
Loyal Customers,69,3,759.08
Hibernating,373,1,362.7
Hibernating,321,1,134.4
Lost / Low Value,26,1,58.86
Loyal Customers,9,5,1385.88
Lost / Low Value,323,1,120.63
Hibernating,72,1,212.5
Lost / Low Value,260,1,40.5
Loyal Customers,18,4,1533.79
Lost / Low Value,367,1,87.5
Occasional / At Risk,66,3,194.99999999999997
Occasional / At Risk,154,2,605.85
Loyal Customers,29,2,283.45
Hibernating,70,1,139.92000000000002
Occasional / At Risk,14,2,349.85
Champions (VIP),2,12,1994.24
Champions (VIP),1,39,5114.18
Occasional / At Risk,120,3,618.6
Hibernating,61,1,336.95
Champions (VIP),3,15,5099.79
Occasional / At Risk,11,3,451.11
Occasional / At Risk,92,2,193.64
Occasional / At Risk,59,4,418.70000000000005
Loyal Customers,87,5,1116.54
Loyal Customers,26,6,1757.4
Lost / Low Value,357,1,157.5
Hibernating,85,2,425.25
Occasional / At Risk,10,4,420.29999999999995
Occasional / At Risk,1,5,442.57
Hibernating,225,1,211.2
Occasional / At Risk,60,2,670.9100000000001
Lost / Low Value,241,1,62.0
Hibernating,319,2,328.35
Champions (VIP),2,8,1497.14
Loyal Customers,47,3,494.24
Lost / Low Value,88,1,33.0
Champions (VIP),11,10,3102.65
Lost / Low Value,176,1,152.8
Loyal Customers,52,6,1560.45
Lost / Low Value,366,1,162.60000000000002
Hibernating,226,2,444.55
Hibernating,358,2,244.13
Hibernating,234,1,344.70000000000005
Lost / Low Value,311,1,128.91
Loyal Customers,37,5,891.78
Loyal Customers,66,4,2337.55
Hibernating,239,2,429.6
Hibernating,113,2,358.06
Hibernating,277,1,187.88
Loyal Customers,218,12,2015.51
Hibernating,299,1,321.05
Champions (VIP),2,4,1252.38
Loyal Customers,29,3,747.23
Loyal Customers,10,2,749.67
Loyal Customers,45,5,1168.8
Loyal Customers,67,8,1347.01
Hibernating,74,1,316.68
Occasional / At Risk,65,2,565.17
Loyal Customers,134,3,1490.76
Occasional / At Risk,238,2,458.1
Lost / Low Value,122,1,111.19999999999999
Champions (VIP),32,13,6298.46
Occasional / At Risk,91,7,1307.12
Loyal Customers,36,2,740.78
Loyal Customers,16,5,847.29
Hibernating,127,1,253.32
Hibernating,67,1,865.35
Lost / Low Value,149,1,98.45
Lost / Low Value,283,1,40.2
Hibernating,169,2,386.76
Loyal Customers,100,6,1595.27
Hibernating,135,1,254.82
Lost / Low Value,324,1,161.95000000000002
Lost / Low Value,107,1,139.51
Hibernating,64,1,393.74
Loyal Customers,151,2,1076.52
Lost / Low Value,338,1,47.7
Lost / Low Value,24,1,118.80000000000001
Occasional / At Risk,16,6,842.0500000000001
Champions (VIP),7,15,2183.04
Hibernating,57,2,502.26
Loyal Customers,4,2,681.77
Hibernating,38,1,473.29
Hibernating,66,1,95.38
Hibernating,47,1,241.98
Hibernating,355,1,240.45
Lost / Low Value,172,1,87.62
Loyal Customers,59,9,1900.68
Lost / Low Value,50,1,240.55
Occasional / At Risk,22,2,414.69
Loyal Customers,43,5,2074.12
Loyal Customers,29,3,689.46
Champions (VIP),5,18,3920.12
Champions (VIP),26,11,2234.16
Hibernating,201,1,111.69
Loyal Customers,51,6,2874.4700000000003
Loyal Customers,10,3,624.94
Champions (VIP),2,11,3106.88
Hibernating,64,1,454.44
Champions (VIP),51,11,3478.54
Hibernating,290,1,444.42
Occasional / At Risk,61,5,242.60000000000002
Loyal Customers,64,3,854.02
Lost / Low Value,96,1,119.20000000000002
Hibernating,274,1,218.25
Champions (VIP),1,91,17712.96
Loyal Customers,75,4,843.25
Lost / Low Value,110,1,52.0
Hibernating,199,1,314.05
Hibernating,64,2,475.21999999999997
Hibernating,4,1,284.9
Lost / Low Value,284,1,145.0
Hibernating,44,1,189.03
Loyal Customers,71,3,2062.64
Hibernating,86,1,606.66
Hibernating,104,1,161.74
Hibernating,334,1,311.71
Lost / Low Value,53,1,125.1
Loyal Customers,39,3,830.95
Lost / Low Value,32,1,29.759999999999998
Hibernating,370,3,1266.86
Hibernating,208,1,238.0
Hibernating,157,3,337.92
Hibernating,54,1,161.72
Loyal Customers,66,2,528.71
Hibernating,81,1,732.96
Hibernating,130,1,391.14
Lost / Low Value,87,1,153.7
Occasional / At Risk,32,2,187.79000000000002
Hibernating,46,1,230.39000000000001
Hibernating,333,1,252.42000000000002
Lost / Low Value,366,1,81.60000000000001
Lost / Low Value,72,1,158.04
Hibernating,158,2,357.46
Lost / Low Value,373,1,115.65
Champions (VIP),12,7,1632.8600000000001
Hibernating,255,2,548.27
Occasional / At Risk,29,2,189.3
Champions (VIP),31,10,2680.48
Champions (VIP),5,22,7616.46
Hibernating,40,1,427.93
Lost / Low Value,362,1,139.8
Hibernating,373,1,310.1
Occasional / At Risk,96,2,675.59
Loyal Customers,26,7,2115.7200000000003
Occasional / At Risk,75,2,529.94
Loyal Customers,57,4,1690.8500000000001
Loyal Customers,71,5,1495.2
Champions (VIP),8,10,1400.01
Lost / Low Value,129,1,25.200000000000003
Loyal Customers,40,3,1081.01
Loyal Customers,169,7,3192.81
Occasional / At Risk,9,4,268.54
Lost / Low Value,268,1,143.1
Champions (VIP),15,6,5136.82
Occasional / At Risk,170,2,591.91
Lost / Low Value,40,1,142.46
Hibernating,186,1,370.74
Lost / Low Value,270,1,140.54
Loyal Customers,5,4,1374.49
Occasional / At Risk,16,2,231.86
Loyal Customers,10,4,1743.69
Lost / Low Value,326,1,74.55000000000001
Hibernating,113,1,204.28
Lost / Low Value,290,1,94.0
Loyal Customers,16,2,1283.63
Loyal Customers,1,3,768.97
Occasional / At Risk,128,3,208.6
Hibernating,149,2,396.39
Lost / Low Value,189,1,128.84
Occasional / At Risk,31,2,331.79
Loyal Customers,34,4,652.74
Hibernating,264,1,121.98
Loyal Customers,84,8,2612.19
Loyal Customers,26,4,1022.2
Lost / Low Value,171,1,49.79
Loyal Customers,10,3,675.45
Hibernating,313,1,465.09000000000003
Loyal Customers,65,4,2990.0
Hibernating,85,1,508.8
Lost / Low Value,25,1,84.74
Loyal Customers,59,4,856.94
Lost / Low Value,323,2,97.7
Lost / Low Value,38,1,7.5
Hibernating,254,2,304.14
Loyal Customers,19,5,1196.07
Loyal Customers,33,3,1254.35
Lost / Low Value,15,1,75.06
Loyal Customers,27,2,321.68
Hibernating,23,1,171.19
Hibernating,214,2,533.3
Loyal Customers,8,5,833.86
Hibernating,22,1,109.94
Loyal Customers,12,3,911.15
Hibernating,262,1,183.71
Hibernating,131,1,137.13
Loyal Customers,55,3,307.18
Champions (VIP),2,7,2677.03
Loyal Customers,9,2,1253.81
Lost / Low Value,264,1,68.1
Lost / Low Value,331,1,129.67
Hibernating,313,1,405.04
Loyal Customers,26,3,903.26
Hibernating,30,1,388.94
Loyal Customers,30,3,492.83
Champions (VIP),2,7,1160.12
Hibernating,362,1,157.2
Hibernating,283,3,356.17
Hibernating,262,1,217.17
Lost / Low Value,25,1,142.92
Hibernating,354,1,167.16
Occasional / At Risk,94,3,144.6
Lost / Low Value,29,1,119.3
Hibernating,338,1,713.25
Champions (VIP),20,18,1854.59
Hibernating,85,1,324.58
Loyal Customers,9,3,499.93
Hibernating,51,1,377.91
Occasional / At Risk,50,2,282.1
Loyal Customers,2,1,356.13
Hibernating,113,1,335.15999999999997
Hibernating,77,1,406.31
Hibernating,40,2,862.19
Hibernating,116,1,579.25
Loyal Customers,16,9,2176.88
Hibernating,161,4,192.76
Champions (VIP),1,4,2513.27
Loyal Customers,30,3,1388.46
Loyal Customers,23,3,746.39
Loyal Customers,95,6,2358.59
Loyal Customers,28,2,504.73999999999995
Loyal Customers,33,5,1216.8600000000001
Loyal Customers,21,2,1040.08
Occasional / At Risk,18,2,498.0
Champions (VIP),3,26,11199.47
Loyal Customers,8,4,837.13
Champions (VIP),16,9,3505.42
Hibernating,363,1,122.59
Lost / Low Value,81,1,52.83
Loyal Customers,53,5,1903.86
Loyal Customers,23,3,738.21
Hibernating,172,1,296.76
Loyal Customers,189,6,771.13
Loyal Customers,12,5,530.93
Occasional / At Risk,156,2,121.0
Champions (VIP),33,17,8215.22
Champions (VIP),12,10,2024.0
Lost / Low Value,45,3,53.93
Hibernating,233,1,246.72
Loyal Customers,64,7,1700.88
Hibernating,2,1,320.7
Loyal Customers,40,7,1946.36
Hibernating,33,2,326.65
Lost / Low Value,84,1,88.51
Loyal Customers,2,3,565.97
Lost / Low Value,33,1,9.14
Champions (VIP),19,8,1481.39
Hibernating,254,1,153.43
Champions (VIP),23,11,3616.38
Loyal Customers,22,4,1067.92
Loyal Customers,8,2,1677.6000000000001
Loyal Customers,25,4,1081.49
Loyal Customers,19,3,504.42
Loyal Customers,173,4,251.8
Hibernating,163,1,86.02
Hibernating,7,1,478.46
Hibernating,11,1,185.22
Hibernating,114,1,85.13000000000001
Hibernating,288,1,117.91
Champions (VIP),9,9,3479.21
Loyal Customers,54,2,229.37
Champions (VIP),7,13,3895.23
Loyal Customers,77,3,1180.26
Loyal Customers,4,4,474.38
Hibernating,37,1,270.87
Lost / Low Value,217,1,90.12
Hibernating,60,1,382.63
Lost / Low Value,278,1,130.4
Champions (VIP),12,16,4014.34
Hibernating,24,1,201.37
Hibernating,29,1,276.26
Occasional / At Risk,12,4,520.19
Loyal Customers,22,3,1120.83
Occasional / At Risk,50,2,123.66000000000001
Lost / Low Value,19,1,59.7
Loyal Customers,3,3,724.39
Occasional / At Risk,132,2,59.160000000000004
Champions (VIP),7,12,3204.18
Loyal Customers,12,4,558.05
Champions (VIP),5,7,1745.99
Loyal Customers,32,2,414.3
Loyal Customers,178,4,438.65000000000003
Hibernating,38,1,576.33
Occasional / At Risk,151,3,209.53
Lost / Low Value,162,1,119.15
Occasional / At Risk,69,2,209.85
Loyal Customers,156,10,603.9300000000001
Loyal Customers,25,3,663.01
Loyal Customers,24,4,567.46
Hibernating,177,1,439.4
Occasional / At Risk,50,3,305.28
Hibernating,256,3,413.73
Hibernating,47,1,314.66
Lost / Low Value,71,1,199.8
Loyal Customers,16,5,1648.5
Loyal Customers,101,5,1109.14
Hibernating,35,1,324.57
Hibernating,53,1,223.68
Loyal Customers,27,2,653.6899999999999
Champions (VIP),11,14,5198.57
Occasional / At Risk,8,7,619.7
Hibernating,52,1,216.39
Loyal Customers,36,5,944.5300000000001
Loyal Customers,61,9,2570.92
Lost / Low Value,337,1,87.76
Loyal Customers,60,3,800.16
Hibernating,184,1,268.78000000000003
Lost / Low Value,52,1,112.46000000000001
Occasional / At Risk,10,10,676.71
Occasional / At Risk,36,2,180.15
Champions (VIP),10,22,8027.4800000000005
Loyal Customers,33,4,739.9499999999999
Lost / Low Value,11,1,99.60000000000001
Loyal Customers,57,3,1207.95
Loyal Customers,4,3,202.01000000000002
Champions (VIP),43,9,3050.79
Hibernating,141,1,229.43
Occasional / At Risk,117,4,511.5
Loyal Customers,104,4,1161.42
Occasional / At Risk,75,2,562.56
Champions (VIP),5,9,2584.34
Loyal Customers,45,2,977.75
Champions (VIP),16,8,2874.85
Hibernating,17,1,227.65
Occasional / At Risk,90,2,589.5600000000001
Hibernating,53,1,223.36
Hibernating,134,1,178.02
Champions (VIP),4,14,7973.33
Loyal Customers,105,4,1749.32
Occasional / At Risk,192,3,433.95000000000005
Loyal Customers,166,4,732.09
Hibernating,19,1,481.09000000000003
Occasional / At Risk,158,3,364.57000000000005
Occasional / At Risk,204,2,465.20000000000005
Occasional / At Risk,37,3,491.65999999999997
Hibernating,91,1,293.09000000000003
Lost / Low Value,116,1,48.0
Loyal Customers,9,2,380.91
Hibernating,243,1,465.57
Occasional / At Risk,45,4,569.4
Lost / Low Value,23,1,30.0
Occasional / At Risk,190,4,583.85
Lost / Low Value,44,1,77.85
Loyal Customers,25,8,1470.24
Lost / Low Value,317,1,19.8
Lost / Low Value,106,1,124.1
Hibernating,51,1,311.43
Loyal Customers,168,2,1887.45
Hibernating,40,1,301.32
Occasional / At Risk,40,4,437.0
Lost / Low Value,297,1,157.15
Loyal Customers,26,6,1179.81
Loyal Customers,88,4,2054.26
Loyal Customers,73,4,1823.6100000000001
Occasional / At Risk,81,3,216.16
Loyal Customers,19,3,2787.22
Hibernating,49,1,580.93
Hibernating,53,1,290.3
Loyal Customers,24,4,690.98
Loyal Customers,9,3,1153.39
Loyal Customers,25,5,1358.16
Lost / Low Value,117,1,152.95
Champions (VIP),9,9,2344.23
Occasional / At Risk,120,2,238.8
Occasional / At Risk,4,2,201.48
Hibernating,28,1,191.04
Champions (VIP),8,11,2436.7599999999998
Hibernating,267,2,357.81
Champions (VIP),33,8,2235.91
Hibernating,18,1,201.0
Hibernating,172,2,551.43
Champions (VIP),2,4,1175.66
Lost / Low Value,265,1,211.5
Loyal Customers,140,4,1778.3700000000001
Lost / Low Value,201,1,19.5
Loyal Customers,65,3,714.16
Loyal Customers,35,4,793.76
Loyal Customers,41,7,2667.2200000000003
Lost / Low Value,284,1,69.65
Loyal Customers,9,5,842.9
Occasional / At Risk,143,2,266.6
Loyal Customers,12,2,254.53
Loyal Customers,146,4,824.64
Lost / Low Value,234,1,150.3
Champions (VIP),33,13,4629.97
Hibernating,24,1,423.03000000000003
Hibernating,12,1,458.90000000000003
Loyal Customers,36,4,847.4200000000001
Hibernating,365,1,137.0
Occasional / At Risk,201,2,218.25
Hibernating,15,1,382.25
Champions (VIP),17,7,3889.91
Lost / Low Value,213,1,85.0
Loyal Customers,66,3,943.91
Occasional / At Risk,212,2,280.2
Lost / Low Value,283,1,112.4
Occasional / At Risk,115,2,376.35
Loyal Customers,15,7,948.85
Champions (VIP),19,16,3804.94
Lost / Low Value,66,1,77.6
Lost / Low Value,49,1,126.80000000000001
Loyal Customers,16,4,565.76
Lost / Low Value,78,1,6.959999999999999
Loyal Customers,19,4,928.5400000000001
Hibernating,134,1,182.96
Loyal Customers,13,3,631.09
Hibernating,40,1,134.41
Champions (VIP),3,8,2171.15
Champions (VIP),40,7,2594.4700000000003
Occasional / At Risk,51,3,458.57
Champions (VIP),10,6,2059.84
Loyal Customers,61,4,454.41
Loyal Customers,66,2,672.88
Hibernating,25,1,205.25
Occasional / At Risk,297,2,77.24000000000001
Hibernating,65,2,482.95000000000005
Loyal Customers,32,2,602.87
Loyal Customers,88,6,2602.27
Hibernating,64,1,273.65999999999997
Occasional / At Risk,116,3,331.03
Lost / Low Value,235,1,122.03999999999999
Lost / Low Value,6,1,128.8
Hibernating,69,1,189.75
Lost / Low Value,245,1,87.9
Hibernating,133,1,164.13
Occasional / At Risk,241,3,309.21000000000004
Occasional / At Risk,184,3,402.08
Occasional / At Risk,25,3,254.91
Loyal Customers,10,3,1351.38
Hibernating,11,1,165.62
Loyal Customers,33,5,1115.67
Loyal Customers,46,3,4164.45
Loyal Customers,26,3,752.56
Hibernating,358,1,297.65999999999997
Hibernating,10,1,143.43
Loyal Customers,44,2,1297.17
Occasional / At Risk,15,2,133.92000000000002
Hibernating,150,1,495.52
Champions (VIP),1,8,2046.21
Loyal Customers,76,3,715.04
Loyal Customers,107,2,588.69
Loyal Customers,46,3,997.85
Lost / Low Value,51,1,154.86
Champions (VIP),1,13,3350.18
Champions (VIP),23,16,4665.85
Occasional / At Risk,46,3,671.22
Loyal Customers,50,2,798.1
Loyal Customers,306,4,2909.07
Occasional / At Risk,36,4,321.4
Loyal Customers,79,4,1307.23
Loyal Customers,22,6,1910.63
Occasional / At Risk,107,4,506.38000000000005
Hibernating,208,2,728.86
Loyal Customers,17,4,994.09
Occasional / At Risk,64,3,522.48
Loyal Customers,49,4,1728.57
Lost / Low Value,320,1,116.97999999999999
Hibernating,44,2,396.86
Occasional / At Risk,3,2,627.02
Hibernating,172,1,199.44
Loyal Customers,56,3,1331.97
Loyal Customers,73,14,1463.24
Hibernating,99,2,517.8199999999999
Hibernating,38,1,459.5
Loyal Customers,58,3,392.02
Hibernating,254,1,821.49
Loyal Customers,70,3,1478.98
Loyal Customers,44,4,802.09
Lost / Low Value,50,1,49.97
Hibernating,65,1,300.23
Occasional / At Risk,25,5,717.84
Loyal Customers,33,3,1022.21
Occasional / At Risk,59,2,317.8
Occasional / At Risk,73,4,735.0
Lost / Low Value,304,1,80.70000000000002
Lost / Low Value,46,1,108.83999999999999
Champions (VIP),18,8,2953.07
Occasional / At Risk,38,2,278.04
Loyal Customers,19,2,202.97
Hibernating,187,2,109.71000000000001
Hibernating,52,1,110.8
Champions (VIP),4,11,1986.7300000000002
Loyal Customers,137,5,712.24
Champions (VIP),4,25,9401.32
Hibernating,19,1,174.6
Loyal Customers,16,5,1175.8
Loyal Customers,41,8,754.76
Champions (VIP),12,7,2751.17
Loyal Customers,8,4,657.29
Occasional / At Risk,26,2,42.44
Occasional / At Risk,67,3,334.8
Occasional / At Risk,41,3,460.18
Hibernating,101,1,161.49
Champions (VIP),5,15,2246.76
Lost / Low Value,277,2,119.4
Hibernating,33,1,334.69
Hibernating,15,2,268.2
Loyal Customers,64,7,1584.3500000000001
Loyal Customers,2,2,376.18
Hibernating,369,1,292.18
Hibernating,312,4,216.19
Occasional / At Risk,199,4,423.48
Loyal Customers,2,2,348.28
Hibernating,93,1,258.55
Lost / Low Value,60,1,104.5
Lost / Low Value,81,1,86.14
Loyal Customers,157,2,330.27
Hibernating,227,1,391.77
Hibernating,253,2,249.65
Lost / Low Value,150,1,21.85
Lost / Low Value,194,2,90.53
Loyal Customers,1,5,683.53
Lost / Low Value,369,1,43.5
Hibernating,24,1,337.28
Loyal Customers,17,3,270.78
Loyal Customers,10,7,2050.44
Hibernating,8,1,128.23
Loyal Customers,20,7,1247.79
Loyal Customers,4,3,756.47
Lost / Low Value,174,1,191.94
Champions (VIP),1,8,1154.23
Occasional / At Risk,178,2,254.67000000000002
Loyal Customers,16,7,1076.44
Lost / Low Value,248,1,60.550000000000004
Hibernating,191,2,334.23
Loyal Customers,20,2,483.74
Hibernating,154,3,154.6
Hibernating,173,1,151.06
Lost / Low Value,373,1,208.10000000000002
Lost / Low Value,373,1,78.3
Lost / Low Value,194,1,168.9
Hibernating,67,1,393.63
Champions (VIP),4,8,1591.41
Loyal Customers,21,3,1035.05
Lost / Low Value,239,1,91.04
Lost / Low Value,64,1,145.35
Occasional / At Risk,112,5,297.58
Occasional / At Risk,90,11,834.16
Hibernating,134,1,255.54
Lost / Low Value,277,1,149.9
Lost / Low Value,365,1,13.6
Hibernating,83,1,349.64
Loyal Customers,8,2,931.84
Occasional / At Risk,17,2,349.6
Loyal Customers,32,4,1586.91
Occasional / At Risk,9,2,583.27
Loyal Customers,34,4,670.0400000000001
Loyal Customers,15,8,955.93
Champions (VIP),24,14,3714.51
Hibernating,32,1,399.04
Lost / Low Value,74,1,87.85
Loyal Customers,20,2,434.36
Loyal Customers,17,4,752.0
Loyal Customers,23,2,352.28
Occasional / At Risk,3,3,272.7
Hibernating,304,1,314.1
Occasional / At Risk,53,7,268.1
Lost / Low Value,367,1,34.4
Champions (VIP),39,7,2880.81
Hibernating,84,1,371.01
Hibernating,165,2,375.78000000000003
Loyal Customers,17,2,633.32
Hibernating,77,1,942.58
Loyal Customers,89,3,1250.0
Loyal Customers,25,8,2328.48
Loyal Customers,22,4,1119.91
Champions (VIP),3,9,1815.66
Occasional / At Risk,123,2,569.1800000000001
Lost / Low Value,30,1,126.11999999999999
Loyal Customers,12,5,506.44
Hibernating,19,1,112.13
Loyal Customers,44,2,604.01
Lost / Low Value,4,1,27.04
Champions (VIP),9,6,2239.98
Hibernating,55,1,342.37
Loyal Customers,88,6,792.23
Champions (VIP),37,5,2464.11
Loyal Customers,30,5,1628.8700000000001
Loyal Customers,12,4,470.06
Lost / Low Value,211,1,101.4
Loyal Customers,48,4,1592.6200000000001
Occasional / At Risk,24,3,428.26
Loyal Customers,22,4,665.1600000000001
Hibernating,246,3,392.4
Champions (VIP),8,16,3224.48
Loyal Customers,35,3,984.87
Loyal Customers,8,7,869.9
Loyal Customers,38,3,554.58
Loyal Customers,4,3,566.56
Champions (VIP),3,8,1246.56
Hibernating,47,1,172.03
Occasional / At Risk,39,2,332.46
Champions (VIP),47,9,2397.83
Loyal Customers,17,3,707.01
Hibernating,260,1,532.28
Loyal Customers,46,3,548.86
Hibernating,12,1,219.11
Hibernating,30,1,423.15999999999997
Hibernating,43,1,236.09
Occasional / At Risk,137,3,64.75
Occasional / At Risk,66,16,1324.35
Hibernating,310,1,312.85
Loyal Customers,92,2,434.05
Champions (VIP),6,20,6909.12
Occasional / At Risk,196,3,407.1
Loyal Customers,87,2,607.69
Loyal Customers,270,3,675.4200000000001
Occasional / At Risk,8,3,431.98
Loyal Customers,65,3,1018.86
Loyal Customers,22,5,1095.27
Occasional / At Risk,38,4,598.74
Loyal Customers,120,4,1133.4
Lost / Low Value,373,2,256.44
Loyal Customers,40,3,973.99
Lost / Low Value,174,1,77.48
Hibernating,54,1,303.54
Loyal Customers,33,2,1075.45
Hibernating,145,1,608.5600000000001
Lost / Low Value,221,1,78.0
Hibernating,45,1,485.85
Champions (VIP),16,7,1955.47
Loyal Customers,66,6,1303.51
Loyal Customers,10,4,571.52
Hibernating,260,1,335.32
Hibernating,365,1,317.84000000000003
Loyal Customers,17,5,1085.74
Loyal Customers,22,2,852.15
Hibernating,45,1,299.29
Lost / Low Value,288,1,138.15
Champions (VIP),3,9,2002.96
Lost / Low Value,284,1,79.2
Occasional / At Risk,17,3,98.34
Occasional / At Risk,82,2,217.16
Loyal Customers,56,5,2321.37
Occasional / At Risk,101,2,606.14
Hibernating,299,1,397.58
Loyal Customers,23,5,852.4
Occasional / At Risk,59,5,794.0600000000001
Hibernating,155,2,315.06
Loyal Customers,115,3,752.5600000000001
Lost / Low Value,107,1,17.0
Loyal Customers,12,4,847.93
Lost / Low Value,264,1,124.62
Lost / Low Value,240,1,110.4
Loyal Customers,88,7,1107.51
Loyal Customers,50,3,731.9
Hibernating,71,1,1261.7
Loyal Customers,42,3,1562.74
Occasional / At Risk,80,4,644.6
Hibernating,62,1,239.41
Lost / Low Value,249,1,165.6
Lost / Low Value,66,1,108.38
Occasional / At Risk,29,6,577.9000000000001
Hibernating,85,1,811.58
Occasional / At Risk,219,2,208.32
Loyal Customers,45,3,1232.15
Occasional / At Risk,143,2,100.7
Hibernating,183,1,110.15
Lost / Low Value,171,1,135.75000000000003
Champions (VIP),10,8,1512.38
Hibernating,212,1,446.98
Hibernating,190,1,195.31
Occasional / At Risk,8,2,363.96000000000004
Hibernating,59,3,588.1
Loyal Customers,57,2,817.51
Occasional / At Risk,73,4,342.18
Hibernating,52,1,254.88
Lost / Low Value,317,1,113.4
Hibernating,367,1,273.45
Loyal Customers,29,4,4571.2300000000005
Hibernating,39,1,656.25
Loyal Customers,18,5,1819.27
Loyal Customers,52,5,1984.6399999999999
Champions (VIP),4,31,5853.43
Occasional / At Risk,22,2,586.29
Hibernating,263,1,313.7
Occasional / At Risk,60,3,535.94
Occasional / At Risk,19,3,635.41
Occasional / At Risk,66,2,501.9
Hibernating,88,1,430.70000000000005
Hibernating,250,1,356.04
Champions (VIP),3,6,1948.19
Champions (VIP),9,11,3235.35
Hibernating,204,2,557.13
Hibernating,134,1,243.08
Occasional / At Risk,5,2,251.24
Loyal Customers,43,5,1841.32
Hibernating,269,1,712.46
Loyal Customers,50,5,1463.53
Champions (VIP),9,9,2681.6400000000003
Occasional / At Risk,16,3,369.95000000000005
Hibernating,282,1,348.2
Lost / Low Value,65,1,173.09999999999997
Champions (VIP),2,19,4613.87
Lost / Low Value,252,1,11.9
Lost / Low Value,365,1,50.1
Loyal Customers,17,3,678.54
Champions (VIP),11,23,1838.22
Loyal Customers,8,4,1651.8200000000002
Loyal Customers,51,6,1598.52
Lost / Low Value,59,1,73.2
Loyal Customers,95,5,1091.31
Loyal Customers,16,6,1216.6200000000001
Hibernating,126,2,313.0
Loyal Customers,94,4,885.09
Hibernating,50,1,179.35
Lost / Low Value,138,1,150.1
Lost / Low Value,61,1,177.58
Loyal Customers,100,8,1928.33
Lost / Low Value,73,1,163.94
Lost / Low Value,72,1,72.8
Hibernating,67,1,338.71000000000004
Occasional / At Risk,64,6,722.58
Occasional / At Risk,17,2,473.26
Champions (VIP),23,12,3643.08
Champions (VIP),32,15,5428.56
Loyal Customers,45,4,910.87
Occasional / At Risk,16,2,125.57999999999998
Lost / Low Value,40,1,94.99000000000001
Champions (VIP),3,11,2661.2200000000003
Hibernating,237,1,280.63
Hibernating,75,1,286.28000000000003
Loyal Customers,4,2,854.4200000000001
Champions (VIP),3,4,1739.92
Hibernating,361,1,247.52
Occasional / At Risk,59,4,592.9
Hibernating,23,1,384.18
Loyal Customers,31,4,603.3299999999999
Loyal Customers,55,4,502.71000000000004
Hibernating,25,1,310.38
Loyal Customers,45,2,534.06
Loyal Customers,89,4,744.28
Champions (VIP),2,14,1664.8
Hibernating,89,1,329.22
Occasional / At Risk,19,2,552.09
Lost / Low Value,79,1,82.5
Loyal Customers,171,3,653.45
Lost / Low Value,81,1,186.9
Hibernating,267,1,605.88
Occasional / At Risk,235,2,288.45000000000005
Loyal Customers,30,5,1186.38
Loyal Customers,37,3,668.08
Hibernating,318,1,620.7
Loyal Customers,57,4,1072.85
Loyal Customers,45,5,1077.8700000000001
Occasional / At Risk,203,3,181.20000000000002
Lost / Low Value,225,1,314.22
Loyal Customers,87,2,836.6
Hibernating,190,2,516.53
Loyal Customers,44,4,795.88
Occasional / At Risk,71,2,373.38
Occasional / At Risk,41,4,595.71
Hibernating,78,1,416.3
Occasional / At Risk,57,2,363.2
Loyal Customers,24,2,2055.47
Champions (VIP),10,13,2287.15
Champions (VIP),8,7,3221.08
Hibernating,34,2,227.4
Loyal Customers,212,2,1475.05
Loyal Customers,24,3,1217.76
Lost / Low Value,170,1,56.28
Lost / Low Value,62,1,152.94
Loyal Customers,53,5,1103.39
Occasional / At Risk,261,2,373.54
Loyal Customers,67,2,2191.18
Champions (VIP),17,8,2180.61
Lost / Low Value,267,1,169.95000000000002
Loyal Customers,45,5,3245.31
Hibernating,51,1,427.45000000000005
Loyal Customers,17,4,597.09
Champions (VIP),9,9,4018.51
Loyal Customers,74,7,607.99
Hibernating,71,2,495.2
Hibernating,353,1,685.99
Loyal Customers,16,4,1221.8500000000001
Hibernating,117,1,411.7
Hibernating,373,1,194.2
Hibernating,197,1,322.12
Lost / Low Value,177,1,177.0
Hibernating,100,1,211.03
Loyal Customers,21,3,1393.0
Lost / Low Value,72,1,121.5
Lost / Low Value,340,1,129.75
Champions (VIP),6,5,1320.41
Loyal Customers,31,2,759.84
Lost / Low Value,170,1,125.22000000000001
Hibernating,122,1,282.35
Champions (VIP),22,10,1877.74
Loyal Customers,10,4,967.26
Hibernating,269,1,277.34000000000003
Occasional / At Risk,23,3,385.2
Hibernating,127,1,233.22
Loyal Customers,26,3,3904.43
Hibernating,139,1,361.21999999999997
Loyal Customers,214,6,585.17
Loyal Customers,106,2,666.77
Loyal Customers,18,2,568.89
Occasional / At Risk,3,2,203.57
Lost / Low Value,331,1,155.52
Loyal Customers,64,7,1803.72
Loyal Customers,120,3,1055.63
Hibernating,35,1,304.75
Lost / Low Value,218,1,404.40000000000003
Hibernating,172,2,922.64
Occasional / At Risk,72,5,346.8
Loyal Customers,1,2,306.85
Hibernating,128,3,369.89
Occasional / At Risk,47,3,560.74
Champions (VIP),6,14,1310.02
Champions (VIP),14,6,3170.06
Loyal Customers,18,3,122.66
Loyal Customers,28,7,1231.9
Lost / Low Value,37,1,133.15
Lost / Low Value,157,1,199.85
Lost / Low Value,284,1,30.45
Hibernating,107,1,465.44
Loyal Customers,25,4,1040.37
Occasional / At Risk,75,4,193.96
Hibernating,16,2,278.83
Lost / Low Value,158,1,101.10000000000001
Hibernating,44,1,421.76
Loyal Customers,11,2,620.58
Loyal Customers,32,7,1125.71
Lost / Low Value,291,1,12.65
Loyal Customers,21,4,932.7
Lost / Low Value,333,1,153.9
Loyal Customers,18,2,494.44
Champions (VIP),18,16,2745.05
Hibernating,63,2,361.40000000000003
Hibernating,198,3,211.77
Occasional / At Risk,33,3,538.6800000000001
Champions (VIP),1,4,2027.5
Occasional / At Risk,7,8,429.36
Champions (VIP),5,6,2929.14
Loyal Customers,10,4,711.36
Loyal Customers,32,5,659.3000000000001
Lost / Low Value,53,1,75.36
Loyal Customers,12,2,467.64
Occasional / At Risk,18,7,547.61
Hibernating,19,1,281.90000000000003
Loyal Customers,37,2,696.76
Loyal Customers,2,2,421.07
Loyal Customers,18,3,1306.96
Loyal Customers,82,4,977.21
Hibernating,33,2,271.48
Loyal Customers,66,2,396.28000000000003
Loyal Customers,9,2,721.59
Occasional / At Risk,247,3,362.95
Champions (VIP),4,4,2006.68
Hibernating,61,1,142.79
Loyal Customers,75,2,515.89
Occasional / At Risk,90,2,502.2
Loyal Customers,60,3,478.01
Loyal Customers,29,2,273.07
Lost / Low Value,323,1,94.36
Occasional / At Risk,53,4,807.51
Hibernating,270,1,210.24
Champions (VIP),2,13,3025.84
Loyal Customers,57,5,786.44
Loyal Customers,61,5,1270.64
Loyal Customers,154,2,972.95
Loyal Customers,19,2,324.2
Hibernating,95,1,271.08
Champions (VIP),1,12,2683.04
Hibernating,265,2,208.6
Lost / Low Value,312,1,177.5
Hibernating,70,1,296.45
Lost / Low Value,302,2,74.85
Hibernating,19,1,146.4
Champions (VIP),13,9,1638.98
Loyal Customers,36,5,1737.14
Occasional / At Risk,19,2,203.75
Hibernating,54,1,135.99
Hibernating,57,1,247.25
Occasional / At Risk,22,2,31.6
Hibernating,44,1,181.62
Loyal Customers,27,3,752.3
Loyal Customers,45,3,490.12
Occasional / At Risk,113,6,522.09
Champions (VIP),17,37,3487.44
Hibernating,25,1,268.78
Lost / Low Value,191,1,70.56
Lost / Low Value,302,1,157.4
Champions (VIP),2,10,1640.4
Lost / Low Value,263,2,166.06
Lost / Low Value,106,1,4.95
Lost / Low Value,57,1,200.05
Hibernating,213,3,547.68
Lost / Low Value,64,1,111.0
Hibernating,28,1,120.66
Loyal Customers,29,7,1192.4
Loyal Customers,6,5,748.6
Champions (VIP),8,5,3503.27
Occasional / At Risk,67,2,358.75
Loyal Customers,2,3,495.2
Loyal Customers,46,4,552.17
Hibernating,34,1,208.06
Lost / Low Value,206,1,2.9
Hibernating,136,1,116.56
Hibernating,198,1,157.49
Hibernating,198,2,606.54
Hibernating,150,1,311.92
Hibernating,88,1,266.97
Lost / Low Value,64,1,5.9
Loyal Customers,64,7,1841.18
Loyal Customers,99,5,1407.13
Lost / Low Value,218,1,161.56
Champions (VIP),3,18,3469.3
Loyal Customers,28,3,726.0
Hibernating,178,1,76.67
Loyal Customers,21,4,1295.48
Loyal Customers,20,3,1087.25
Loyal Customers,34,7,1368.42
Loyal Customers,24,4,523.17
Loyal Customers,52,4,664.9
Hibernating,275,1,223.95000000000002
Occasional / At Risk,165,3,289.16
Champions (VIP),7,6,1681.0900000000001
Occasional / At Risk,144,3,417.7
Loyal Customers,64,7,2450.7200000000003
Occasional / At Risk,25,2,251.26000000000002
Hibernating,10,2,255.63
Hibernating,76,1,416.57
Hibernating,16,1,167.34
Lost / Low Value,192,1,95.7
Hibernating,174,2,376.8
Hibernating,77,1,279.35
Occasional / At Risk,33,3,290.3
Hibernating,47,1,617.84
Loyal Customers,80,4,1002.6
Hibernating,297,1,723.93
Loyal Customers,3,2,420.61
Loyal Customers,9,3,1259.63
Loyal Customers,50,6,2296.79
Lost / Low Value,161,2,93.02
Hibernating,360,2,294.55
Occasional / At Risk,5,5,235.86
Loyal Customers,107,4,1124.28
Hibernating,25,1,451.84
Occasional / At Risk,20,2,90.30000000000001
Lost / Low Value,297,1,169.50000000000003
Lost / Low Value,372,1,178.54999999999998
Loyal Customers,22,3,665.33
Loyal Customers,5,4,874.59
Loyal Customers,52,5,1367.54
Lost / Low Value,30,1,101.69999999999999
Hibernating,277,1,154.75
Occasional / At Risk,61,2,376.07
Occasional / At Risk,25,2,72.28
Loyal Customers,186,3,912.72
Champions (VIP),2,19,4755.91
Champions (VIP),2,26,4041.79
Hibernating,172,1,237.66
Hibernating,81,1,219.81
Hibernating,4,1,175.02
Hibernating,190,1,391.65000000000003
Loyal Customers,22,7,1050.32
Loyal Customers,19,3,896.97
Hibernating,5,1,384.63
Hibernating,110,1,356.17
Loyal Customers,3,4,1372.91
Lost / Low Value,54,1,119.62
Lost / Low Value,165,1,101.7
Occasional / At Risk,291,2,564.95
Champions (VIP),10,10,3659.3
Loyal Customers,109,5,1934.1000000000001
Occasional / At Risk,96,3,426.38
Occasional / At Risk,243,2,189.19000000000003
Occasional / At Risk,205,6,977.24
Loyal Customers,42,3,742.8
Occasional / At Risk,35,2,269.39
Loyal Customers,67,7,2316.6
Occasional / At Risk,24,2,174.1
Champions (VIP),1,20,6452.22
Occasional / At Risk,27,2,652.66
Loyal Customers,6,2,494.12
Hibernating,54,1,324.5
Lost / Low Value,364,1,35.7
Occasional / At Risk,15,5,287.28000000000003
Occasional / At Risk,194,2,561.4
Lost / Low Value,3,1,76.5
Champions (VIP),15,9,2176.71
Loyal Customers,27,3,1249.37
Loyal Customers,127,3,855.55
Occasional / At Risk,85,2,525.96
Hibernating,71,1,409.14
Lost / Low Value,183,1,105.84
Lost / Low Value,113,1,50.099999999999994
Hibernating,374,1,233.45
Occasional / At Risk,80,2,675.38
Lost / Low Value,249,1,361.95
Lost / Low Value,232,1,127.85000000000001
Loyal Customers,71,3,459.24
Hibernating,69,1,213.5
Champions (VIP),4,16,3584.33
Occasional / At Risk,51,2,104.47999999999999
Hibernating,75,1,123.44
Hibernating,61,1,341.96
Occasional / At Risk,16,2,193.85000000000002
Lost / Low Value,4,1,44.24
Lost / Low Value,286,1,145.04999999999998
Loyal Customers,4,6,658.1
Hibernating,41,1,159.74
Hibernating,36,1,497.21
Hibernating,75,2,465.97
Champions (VIP),18,12,2374.72
Champions (VIP),15,7,4808.900000000001
Lost / Low Value,219,1,75.66
Lost / Low Value,186,1,129.49
Loyal Customers,33,4,1036.76
Hibernating,70,1,586.79
Hibernating,183,1,305.79
Occasional / At Risk,15,2,420.52
Lost / Low Value,236,1,79.1
Loyal Customers,31,4,1561.08
Hibernating,264,1,226.21
Occasional / At Risk,4,2,144.96
Occasional / At Risk,52,4,282.71000000000004
Lost / Low Value,246,1,129.45
Loyal Customers,81,2,439.49
Hibernating,275,1,300.68
Champions (VIP),1,16,2337.14
Lost / Low Value,79,1,162.38
Loyal Customers,30,5,1963.05
Hibernating,74,2,328.95
Loyal Customers,17,6,2259.55
Occasional / At Risk,223,2,172.5
Loyal Customers,32,4,921.76
Loyal Customers,23,10,1125.55
Loyal Customers,31,3,974.01
Lost / Low Value,106,1,123.38
Occasional / At Risk,5,2,428.73
Hibernating,246,1,401.31
Hibernating,178,2,813.88
Occasional / At Risk,170,2,142.42000000000002
Hibernating,43,1,267.26
Hibernating,72,1,430.38
Loyal Customers,59,5,2879.15
Loyal Customers,16,2,1043.31
Occasional / At Risk,141,4,381.87
Champions (VIP),18,6,2721.36
Occasional / At Risk,22,12,1325.28
Loyal Customers,10,4,756.46
Lost / Low Value,368,1,91.44
Lost / Low Value,189,1,20.4
Occasional / At Risk,16,2,205.97
Lost / Low Value,362,1,39.25
Hibernating,19,1,118.98
Loyal Customers,68,2,469.98
Occasional / At Risk,15,6,286.56
Loyal Customers,24,2,1101.78
Champions (VIP),17,11,3472.7200000000003
Lost / Low Value,36,1,81.75
Champions (VIP),2,17,4005.3
Hibernating,55,2,293.84
Loyal Customers,34,4,1062.78
Champions (VIP),3,12,2564.91
Lost / Low Value,366,1,117.0
Lost / Low Value,43,1,149.7
Occasional / At Risk,78,5,939.64
Occasional / At Risk,5,5,363.42
Occasional / At Risk,4,8,1357.74
Hibernating,61,1,227.82
Champions (VIP),47,7,2273.28
Loyal Customers,1,4,1000.88
Hibernating,76,2,293.52
Occasional / At Risk,72,2,156.43
Loyal Customers,69,2,361.86
Occasional / At Risk,135,4,462.3
Lost / Low Value,241,1,50.85
Champions (VIP),9,13,4800.46
Champions (VIP),9,12,2023.07
Champions (VIP),1,20,6634.37
Loyal Customers,37,3,398.1
Hibernating,46,1,571.03
Loyal Customers,85,5,1667.8300000000002
Champions (VIP),19,10,2122.44
Occasional / At Risk,3,3,273.03000000000003
Champions (VIP),18,10,2515.83
Champions (VIP),19,15,4707.88
Hibernating,317,1,806.41
Lost / Low Value,78,1,99.39999999999999
Lost / Low Value,267,1,166.8
Champions (VIP),24,6,3239.63
Hibernating,369,1,482.93
Loyal Customers,15,7,1263.97
Hibernating,26,1,114.28
Hibernating,262,1,292.47
Champions (VIP),17,13,3271.29
Hibernating,108,1,246.99
Loyal Customers,302,6,578.48
Loyal Customers,26,5,1132.15
Hibernating,364,1,256.32
Loyal Customers,46,4,838.78
Champions (VIP),38,21,6348.52
Loyal Customers,52,3,627.87
Hibernating,32,1,540.33
Loyal Customers,52,3,462.16
Loyal Customers,79,5,1949.05
Lost / Low Value,298,1,3.75
Hibernating,177,1,238.75
Loyal Customers,29,7,2072.65
Champions (VIP),11,7,1034.02
Champions (VIP),87,17,4417.53
Champions (VIP),5,18,5265.54
Hibernating,38,2,590.73
Loyal Customers,18,5,1515.9
Loyal Customers,45,5,414.13
Hibernating,31,1,216.01999999999998
Lost / Low Value,373,1,77.7
Hibernating,58,1,198.92000000000002
Loyal Customers,114,3,1156.54
Hibernating,215,1,213.9
Lost / Low Value,319,1,106.83000000000001
Hibernating,65,1,207.86
Loyal Customers,8,3,643.1
Lost / Low Value,97,1,195.9
Loyal Customers,20,3,1110.3400000000001
Hibernating,199,1,287.45
Champions (VIP),4,13,2538.85
Hibernating,273,2,989.0
Champions (VIP),31,10,3910.87
Occasional / At Risk,48,3,223.69
Hibernating,260,1,206.19
Loyal Customers,58,5,683.0500000000001
Loyal Customers,33,5,1807.19
Hibernating,57,1,106.89
Loyal Customers,68,4,590.12
Champions (VIP),10,11,1271.1100000000001
Hibernating,60,1,356.59000000000003
Occasional / At Risk,80,2,134.32
Occasional / At Risk,74,2,228.94
Champions (VIP),2,22,7656.4800000000005
Loyal Customers,100,2,386.79
Hibernating,372,1,216.8
Champions (VIP),10,13,1786.3500000000001
Lost / Low Value,20,1,107.6
Loyal Customers,123,2,574.29
Lost / Low Value,8,1,80.8
Champions (VIP),4,6,1485.38
Champions (VIP),29,7,1414.38
Lost / Low Value,282,1,87.68
Hibernating,57,1,226.84
Champions (VIP),1,10,1114.82
Hibernating,365,1,392.18
Hibernating,89,1,305.62
Loyal Customers,11,1,817.98
Loyal Customers,163,4,884.03
Hibernating,65,1,332.3
Loyal Customers,23,3,445.84000000000003
Hibernating,174,2,365.31
Loyal Customers,103,4,607.16
Loyal Customers,143,3,934.6899999999999
Occasional / At Risk,99,2,222.97
Loyal Customers,23,5,882.59
Hibernating,192,1,289.64
Loyal Customers,5,2,464.23
Lost / Low Value,361,1,204.15
Champions (VIP),8,10,1385.57
Champions (VIP),14,21,4873.4800000000005
Occasional / At Risk,103,4,401.16
Champions (VIP),3,9,1262.71
Champions (VIP),11,11,3091.15
Hibernating,96,1,415.94
Hibernating,227,1,269.68
Occasional / At Risk,16,2,402.74
Occasional / At Risk,39,2,521.48
Hibernating,51,1,279.45
Lost / Low Value,112,1,113.5
Lost / Low Value,157,1,181.32
Hibernating,39,1,325.91
Lost / Low Value,217,1,39.0
Loyal Customers,1,4,1021.53
Hibernating,228,1,413.46
Occasional / At Risk,128,2,133.15
Occasional / At Risk,40,2,175.55
Champions (VIP),31,9,2083.25
Occasional / At Risk,197,2,353.9
Champions (VIP),9,29,3731.29
Loyal Customers,37,6,1692.7
Loyal Customers,101,3,935.49
Champions (VIP),43,16,7099.72
Hibernating,50,1,197.82
Hibernating,43,1,176.94
Hibernating,53,1,281.42
Lost / Low Value,187,1,84.77
Hibernating,334,1,317.29
Loyal Customers,4,3,322.28999999999996
Occasional / At Risk,10,2,70.96000000000001
Hibernating,24,2,285.8
Lost / Low Value,15,1,35.400000000000006
Lost / Low Value,369,1,320.04
Loyal Customers,145,2,587.63
Occasional / At Risk,60,2,112.80000000000001
Occasional / At Risk,31,2,438.88
Occasional / At Risk,141,3,108.24000000000001
Loyal Customers,23,4,690.79
Loyal Customers,22,6,2267.2400000000002
Champions (VIP),5,6,5218.74
Loyal Customers,67,5,1643.83
Loyal Customers,12,6,772.77
Lost / Low Value,84,1,13.3
Loyal Customers,31,7,809.37
Occasional / At Risk,67,3,529.47
Occasional / At Risk,187,2,208.78
Hibernating,38,2,399.96
Loyal Customers,15,3,326.26
Hibernating,35,1,167.58
Loyal Customers,195,3,1273.84
Champions (VIP),2,5,615.9300000000001
Loyal Customers,1,5,367.99
Hibernating,367,1,126.03
Hibernating,65,1,175.12
Hibernating,299,2,154.23000000000002
Loyal Customers,26,3,441.54
Loyal Customers,8,6,811.56
Loyal Customers,20,2,748.95
Hibernating,116,1,1094.69
Hibernating,29,1,326.8
Champions (VIP),4,14,2624.73
Champions (VIP),5,7,2036.51
Loyal Customers,82,4,332.58000000000004
Loyal Customers,29,5,733.21
Hibernating,72,1,213.72
Champions (VIP),4,8,1136.41
Champions (VIP),29,11,1691.08
Lost / Low Value,290,1,53.44
Hibernating,36,1,113.86
Occasional / At Risk,9,5,305.63
Loyal Customers,24,2,498.18
Lost / Low Value,277,1,121.9
Loyal Customers,50,6,923.52
Loyal Customers,156,11,1592.8
Hibernating,61,1,145.93
Champions (VIP),12,17,5265.91
Loyal Customers,21,3,681.39
Lost / Low Value,371,1,33.45
Occasional / At Risk,276,2,139.85
Champions (VIP),80,17,1867.22
Champions (VIP),4,7,1211.81
Loyal Customers,26,3,292.17
Champions (VIP),5,21,4190.9
Hibernating,53,1,133.73000000000002
Loyal Customers,1,2,452.36
Hibernating,55,2,786.38
Hibernating,26,1,246.11
Champions (VIP),9,4,1712.49
Loyal Customers,52,3,2879.89
Champions (VIP),13,9,1504.19
Occasional / At Risk,212,3,431.18
Champions (VIP),22,19,4126.04
Hibernating,236,1,339.48
Occasional / At Risk,139,3,212.9
Loyal Customers,4,6,674.72
Occasional / At Risk,57,3,741.3000000000001
Loyal Customers,135,3,1125.06
Lost / Low Value,109,2,101.75999999999999
Lost / Low Value,30,1,20.8
Champions (VIP),1,7,1026.71
Occasional / At Risk,185,4,373.87
Hibernating,18,1,225.04
Hibernating,239,2,376.84000000000003
Lost / Low Value,87,1,117.35000000000001
Loyal Customers,39,3,486.65000000000003
Hibernating,116,1,234.17
Lost / Low Value,187,1,110.55000000000001
Hibernating,227,1,117.4
Occasional / At Risk,45,2,116.05
Hibernating,189,1,305.09999999999997
Loyal Customers,4,2,370.73
Loyal Customers,39,3,522.2
Hibernating,38,1,116.21
Hibernating,78,1,294.43
Loyal Customers,4,6,1137.33
Hibernating,255,2,738.51
Hibernating,61,1,384.06
Champions (VIP),13,7,1529.87
Loyal Customers,88,2,2944.9
Champions (VIP),17,9,3875.84
Lost / Low Value,30,1,20.8
Champions (VIP),3,6,879.6
Lost / Low Value,5,1,67.87
Occasional / At Risk,7,3,110.54999999999998
Loyal Customers,11,5,1302.16
Occasional / At Risk,30,6,1335.2800000000002
Occasional / At Risk,288,2,117.0
Occasional / At Risk,150,3,105.4
Occasional / At Risk,23,2,289.92
Champions (VIP),1,11,3317.16
Occasional / At Risk,86,3,801.3
Loyal Customers,46,2,665.64
Loyal Customers,5,4,703.9300000000001
Loyal Customers,51,6,675.91
Hibernating,18,1,171.96
Hibernating,30,1,270.9
Loyal Customers,8,3,484.98
Loyal Customers,29,3,1743.84
Champions (VIP),3,19,5224.44
Occasional / At Risk,41,2,748.5
Loyal Customers,11,4,1115.28
Lost / Low Value,31,1,71.0
Occasional / At Risk,45,3,95.85
Occasional / At Risk,61,3,236.45
Lost / Low Value,370,1,20.4
Loyal Customers,79,6,818.26
Lost / Low Value,64,1,115.95
Occasional / At Risk,12,2,317.95
Occasional / At Risk,86,3,617.76
Occasional / At Risk,16,3,585.07
Hibernating,246,2,347.08
Hibernating,88,1,1182.32
Hibernating,30,1,88.25
Lost / Low Value,138,1,159.78
Loyal Customers,27,3,954.57
Loyal Customers,3,5,959.68
Loyal Customers,32,4,1144.98
Hibernating,113,2,210.24
Hibernating,157,1,248.6
Loyal Customers,85,3,882.9
Loyal Customers,118,3,772.25
Champions (VIP),3,9,4300.39
Loyal Customers,96,6,2640.84
Hibernating,194,1,230.94
Hibernating,28,1,350.08
Hibernating,131,1,373.08000000000004
Loyal Customers,28,5,795.28
Loyal Customers,82,3,965.54
Champions (VIP),30,5,2549.16
Lost / Low Value,266,1,50.400000000000006
Loyal Customers,74,7,1653.0
Hibernating,314,4,488.0
Loyal Customers,21,7,1276.7
Loyal Customers,59,3,681.3000000000001
Champions (VIP),12,21,4232.74
Champions (VIP),28,9,2422.9500000000003
Hibernating,114,1,284.34
Champions (VIP),28,9,1836.0800000000002
Loyal Customers,18,4,1141.77
Loyal Customers,18,4,624.52
Occasional / At Risk,36,3,386.9599999999999
Hibernating,36,2,259.94
Lost / Low Value,78,1,118.80000000000001
Lost / Low Value,22,1,125.39999999999999
Hibernating,25,2,210.51
Loyal Customers,33,2,1408.1
Loyal Customers,109,3,1219.0
Loyal Customers,35,2,2101.58
Loyal Customers,123,5,1366.7
Champions (VIP),7,6,1307.9
Loyal Customers,28,4,1651.6100000000001
Loyal Customers,4,5,1346.74
Champions (VIP),3,9,3421.37
Loyal Customers,50,4,1634.44
Hibernating,322,1,254.3
Loyal Customers,23,3,1184.91
Loyal Customers,15,4,771.84
Champions (VIP),2,8,799.72
Loyal Customers,18,2,948.34
Loyal Customers,30,3,1067.18
Loyal Customers,159,2,560.98
Champions (VIP),33,6,7826.28
Loyal Customers,29,6,812.95
Lost / Low Value,165,1,76.1
Hibernating,47,1,183.39000000000001
Loyal Customers,6,8,434.67
Occasional / At Risk,8,3,563.7
Lost / Low Value,288,1,73.35
Lost / Low Value,318,1,157.02
Loyal Customers,3,2,477.79
Hibernating,233,1,222.96
Lost / Low Value,119,1,138.32
Lost / Low Value,162,1,263.7
Hibernating,185,1,262.44
Hibernating,50,1,158.78
Loyal Customers,152,5,917.16
Lost / Low Value,335,1,131.59
Loyal Customers,5,4,1839.1200000000001
Occasional / At Risk,16,3,32.400000000000006
Occasional / At Risk,107,2,232.35000000000002
Occasional / At Risk,16,5,635.77
Hibernating,276,1,288.3
Champions (VIP),16,12,7840.87
Lost / Low Value,247,1,115.42
Lost / Low Value,239,1,119.7
Loyal Customers,1,2,537.1800000000001
Occasional / At Risk,263,2,400.98
Loyal Customers,23,4,1270.07
Lost / Low Value,52,1,124.88
Occasional / At Risk,195,3,408.8
Hibernating,24,1,213.78
Hibernating,75,1,299.1
Occasional / At Risk,18,2,78.2
Occasional / At Risk,8,2,319.0
Loyal Customers,32,3,954.77
Loyal Customers,22,3,1436.45
Champions (VIP),31,6,3356.97
Loyal Customers,29,10,1293.26
Occasional / At Risk,22,2,293.1
Loyal Customers,33,7,2336.2
Lost / Low Value,284,1,122.88
Occasional / At Risk,39,2,206.34
Loyal Customers,58,2,751.76
Hibernating,289,1,199.41
Hibernating,79,1,224.28
Champions (VIP),5,8,3226.9
Lost / Low Value,218,1,59.9
Loyal Customers,44,4,968.98
Hibernating,202,1,208.03
Loyal Customers,178,3,701.84
Loyal Customers,56,4,661.06
Lost / Low Value,57,1,44.6
Loyal Customers,8,6,2326.41
Lost / Low Value,227,1,114.35
Loyal Customers,11,7,1430.71
Occasional / At Risk,106,2,264.9
Hibernating,59,1,228.74
Champions (VIP),28,7,1795.56
Occasional / At Risk,36,7,1088.8600000000001
Lost / Low Value,361,1,70.28
Hibernating,30,1,463.81
Loyal Customers,24,3,354.97
Hibernating,54,1,155.07999999999998
Loyal Customers,36,6,899.04
Loyal Customers,175,4,1091.3600000000001
Lost / Low Value,54,1,20.5
Lost / Low Value,53,1,204.24
Champions (VIP),27,8,1798.93
Lost / Low Value,253,1,3.95
Loyal Customers,40,7,2176.2000000000003
Loyal Customers,60,6,720.07
Lost / Low Value,234,1,97.6
Champions (VIP),4,10,1554.88
Hibernating,32,1,105.98
Champions (VIP),24,14,2785.73
Loyal Customers,7,2,245.66
Hibernating,65,1,273.0
Hibernating,310,2,225.09
Hibernating,309,1,148.99
Occasional / At Risk,19,6,369.86
Champions (VIP),16,8,1798.95
Hibernating,96,2,308.81
Loyal Customers,264,6,1514.0
Champions (VIP),12,10,2636.2200000000003
Loyal Customers,3,2,417.77
Hibernating,35,1,131.07
Lost / Low Value,183,1,114.04
Occasional / At Risk,25,2,357.46
Loyal Customers,13,6,787.58
Hibernating,11,2,306.74
Champions (VIP),3,17,3278.1
Hibernating,313,1,295.0
Loyal Customers,108,2,915.04
Champions (VIP),1,26,5730.54
Hibernating,53,1,532.53
Lost / Low Value,205,1,171.45
Hibernating,15,1,205.99
Hibernating,120,1,277.85
Loyal Customers,4,2,282.62
Hibernating,363,1,244.33
Hibernating,117,2,294.31
Hibernating,18,1,113.01
Loyal Customers,5,2,235.04
Loyal Customers,41,2,253.45
Occasional / At Risk,107,2,150.29999999999998
Loyal Customers,148,2,485.33
Occasional / At Risk,52,3,391.81
Lost / Low Value,208,1,63.440000000000005
Hibernating,139,2,497.21
Loyal Customers,2,3,226.03
Hibernating,127,2,209.35
Lost / Low Value,150,1,35.0
Loyal Customers,46,3,1868.67
Hibernating,35,1,81.25999999999999
Loyal Customers,228,2,958.0500000000001
Hibernating,241,1,206.09
Lost / Low Value,58,1,25.43
Hibernating,174,2,355.25
Loyal Customers,60,6,1586.08
Hibernating,22,1,142.87
Loyal Customers,26,7,694.46
Loyal Customers,9,6,797.35
Loyal Customers,32,3,877.57
Loyal Customers,4,2,410.49
Champions (VIP),8,8,1387.14
Loyal Customers,29,3,400.12
Hibernating,17,1,91.83
Hibernating,101,2,270.68
Loyal Customers,12,4,532.25
Hibernating,21,1,152.84
Loyal Customers,15,5,1044.48
Hibernating,361,1,192.24
Occasional / At Risk,11,3,109.92
Lost / Low Value,95,1,82.75
Occasional / At Risk,78,2,727.84
Lost / Low Value,155,2,96.35000000000001
Lost / Low Value,31,1,210.60000000000002
Champions (VIP),25,8,2036.24
Champions (VIP),2,36,4194.61
Loyal Customers,100,3,815.88
Hibernating,68,1,411.74
Loyal Customers,15,7,903.12
Occasional / At Risk,18,4,414.84000000000003
Lost / Low Value,280,1,96.8
Occasional / At Risk,14,2,466.56
Occasional / At Risk,23,2,273.9
Hibernating,86,1,479.13
Lost / Low Value,302,2,215.82
Loyal Customers,151,4,1625.41
Champions (VIP),17,8,5788.77
Occasional / At Risk,94,2,199.20000000000002
Champions (VIP),30,11,8982.7
Loyal Customers,157,3,516.3000000000001
Hibernating,355,1,168.74
Hibernating,46,1,132.62
Loyal Customers,15,4,375.74
Champions (VIP),4,15,2230.29
Loyal Customers,15,5,987.76
Lost / Low Value,179,1,35.05
Loyal Customers,8,4,952.0
Occasional / At Risk,36,3,253.5
Lost / Low Value,51,1,56.690000000000005
Hibernating,312,1,178.22
Hibernating,24,2,331.04
Hibernating,303,2,342.36
Lost / Low Value,11,1,56.15
Loyal Customers,17,3,486.79
Occasional / At Risk,49,3,430.85
Hibernating,239,2,276.28
Champions (VIP),1,11,3641.2400000000002
Champions (VIP),13,8,3788.79
Hibernating,238,1,148.60999999999999
Loyal Customers,23,7,613.99
Loyal Customers,73,4,398.21999999999997
Loyal Customers,17,3,205.15
Loyal Customers,41,8,1227.3
Loyal Customers,40,4,623.07
Occasional / At Risk,219,2,109.07000000000001
Loyal Customers,199,3,333.06
Occasional / At Risk,71,2,185.0
Champions (VIP),24,20,3484.42
Hibernating,11,1,342.16
Occasional / At Risk,152,5,632.31
Lost / Low Value,65,1,50.400000000000006
Hibernating,4,1,193.39000000000001
Occasional / At Risk,19,2,122.2
Hibernating,15,1,246.16
Occasional / At Risk,8,3,154.70000000000002
Loyal Customers,20,2,591.82
Occasional / At Risk,78,2,128.48
Champions (VIP),1,26,2717.48
Hibernating,307,2,326.52
Lost / Low Value,219,1,38.4
Occasional / At Risk,149,2,108.75
Loyal Customers,22,2,532.36
Occasional / At Risk,115,3,378.78000000000003
Loyal Customers,126,5,1545.6200000000001
Occasional / At Risk,5,9,619.91
Hibernating,36,1,238.17000000000002
Loyal Customers,26,8,1172.14
Loyal Customers,1,3,754.26
Hibernating,333,2,1169.17
Occasional / At Risk,185,2,111.55000000000001
Loyal Customers,16,5,900.27
Occasional / At Risk,12,3,630.7
Champions (VIP),3,7,1178.74
Lost / Low Value,185,1,28.0
Lost / Low Value,80,1,138.44
Champions (VIP),30,6,4601.58
Occasional / At Risk,42,2,349.76
Champions (VIP),11,12,3475.62
Occasional / At Risk,50,3,485.08
Loyal Customers,16,6,1609.85
Occasional / At Risk,46,2,425.29
Hibernating,61,1,655.97
Champions (VIP),8,6,3895.29
Lost / Low Value,72,1,100.8
Champions (VIP),1,25,5667.59
Loyal Customers,128,3,401.72
Occasional / At Risk,33,2,242.36
Hibernating,313,1,357.4
Hibernating,18,2,349.36
Hibernating,88,1,283.26
Champions (VIP),2,7,2021.72
Occasional / At Risk,2,2,216.29999999999998
Hibernating,254,1,283.05
Lost / Low Value,248,2,22.62
Loyal Customers,37,6,2100.79
Loyal Customers,152,2,1789.94
Occasional / At Risk,177,2,120.9
Hibernating,40,2,541.53
Champions (VIP),2,7,2154.31
Champions (VIP),11,9,2545.34
Champions (VIP),1,7,1638.8
Occasional / At Risk,18,2,457.46999999999997
Loyal Customers,192,4,451.88
Lost / Low Value,204,1,111.8
Hibernating,365,1,219.62
Occasional / At Risk,127,4,216.49
Hibernating,15,1,300.40000000000003
Hibernating,43,2,551.99
Occasional / At Risk,94,5,534.08
Loyal Customers,23,3,612.01
Occasional / At Risk,60,2,612.44
Loyal Customers,16,5,1641.31
Lost / Low Value,158,1,248.20000000000002
Loyal Customers,10,2,531.88
Lost / Low Value,10,2,137.0
Loyal Customers,16,5,1695.97
Loyal Customers,45,5,734.41
Loyal Customers,191,3,656.14
Hibernating,79,1,194.37
Hibernating,78,1,511.82
Loyal Customers,4,4,1091.96
Occasional / At Risk,65,3,381.64
Hibernating,261,1,376.97
Occasional / At Risk,59,2,361.52
Champions (VIP),1,7,1169.33
Champions (VIP),1,10,2138.03
Hibernating,248,1,288.62
Loyal Customers,8,2,432.26
Lost / Low Value,359,1,251.10000000000002
Hibernating,76,1,235.74
Hibernating,290,1,460.1
Hibernating,221,2,259.35
Loyal Customers,9,4,633.36
Loyal Customers,3,2,478.91
Loyal Customers,206,9,1794.82
Hibernating,162,2,1006.94
Hibernating,76,1,302.2
Hibernating,262,2,574.73
Hibernating,281,1,387.31
Champions (VIP),58,8,6083.64
Hibernating,25,1,282.98
Champions (VIP),3,28,12117.42
Loyal Customers,51,8,1702.6100000000001
Lost / Low Value,72,1,140.39999999999998
Hibernating,128,1,200.15
Loyal Customers,31,4,403.17
Loyal Customers,15,5,651.71
Lost / Low Value,309,1,128.44
Loyal Customers,17,6,1151.1000000000001
Hibernating,54,1,441.29
Loyal Customers,30,3,684.59
Loyal Customers,2,5,645.2
Hibernating,11,2,263.43
Lost / Low Value,361,1,145.0
Lost / Low Value,360,1,295.5
Occasional / At Risk,5,3,155.20000000000002
Loyal Customers,54,4,712.4200000000001
Champions (VIP),1,8,2755.06
Champions (VIP),1,10,2084.2
Lost / Low Value,190,1,233.1
Hibernating,54,1,223.36
Lost / Low Value,280,1,164.4
Loyal Customers,30,2,777.16
Lost / Low Value,26,1,92.66
Occasional / At Risk,25,2,544.9
Hibernating,270,1,141.55
Loyal Customers,43,3,409.94
Lost / Low Value,234,1,103.3
Occasional / At Risk,24,2,16.439999999999998
Hibernating,197,3,198.41
Hibernating,359,1,281.84
Loyal Customers,60,4,859.27
Champions (VIP),1,5,1220.91
Loyal Customers,20,2,471.81
Lost / Low Value,206,1,67.95
Loyal Customers,14,3,525.01
Occasional / At Risk,155,3,294.67
Hibernating,19,1,137.5
Loyal Customers,14,7,1078.82
Loyal Customers,24,3,409.36
Loyal Customers,8,2,773.87
Champions (VIP),7,8,2775.57
Hibernating,332,1,242.6
Loyal Customers,50,3,1016.56
Occasional / At Risk,71,4,206.85000000000002
Loyal Customers,29,3,336.44
Lost / Low Value,243,1,155.8
Champions (VIP),8,19,2723.0
Lost / Low Value,218,1,96.3
Loyal Customers,5,3,427.65000000000003
Hibernating,312,2,157.12
Champions (VIP),1,24,7926.01
Hibernating,236,1,99.37
Loyal Customers,7,2,771.7
Loyal Customers,109,4,816.77
Occasional / At Risk,100,2,428.5
Loyal Customers,60,4,2085.62
Champions (VIP),2,3,1198.94
Loyal Customers,73,7,1541.47
Champions (VIP),4,5,3083.48
Loyal Customers,85,2,993.18
Loyal Customers,12,2,302.84000000000003
Loyal Customers,23,7,1236.59
Hibernating,214,1,1093.74
Lost / Low Value,18,1,115.68
Lost / Low Value,239,1,108.45
Champions (VIP),2,6,4240.08
Lost / Low Value,78,1,144.72
Hibernating,217,2,266.02
Hibernating,33,2,191.99
Loyal Customers,41,5,952.1899999999999
Champions (VIP),7,15,3295.32
Loyal Customers,53,6,1541.59
Champions (VIP),23,14,3922.42
Hibernating,57,1,346.72
Occasional / At Risk,130,3,195.05
Loyal Customers,6,3,644.63
Hibernating,312,1,198.47
Lost / Low Value,60,1,47.44
Occasional / At Risk,21,3,692.9
Hibernating,33,1,455.45
Loyal Customers,15,2,747.43
Loyal Customers,18,4,1885.15
Lost / Low Value,81,1,75.75
Champions (VIP),6,8,1467.32
Occasional / At Risk,170,2,219.39999999999998
Loyal Customers,2,3,445.29
Loyal Customers,31,4,1243.34
Champions (VIP),36,9,1588.89
Hibernating,19,1,285.56
Loyal Customers,31,2,464.51
Lost / Low Value,276,1,60.2
Lost / Low Value,87,1,114.3
Hibernating,120,2,635.49
Lost / Low Value,373,1,58.8
Champions (VIP),1,11,2287.71
Loyal Customers,219,3,810.7900000000001
Lost / Low Value,65,1,82.11
Loyal Customers,61,3,1224.6000000000001
Hibernating,138,1,781.49
Lost / Low Value,21,1,166.08
Champions (VIP),12,10,3623.63
Champions (VIP),25,12,4274.92
Loyal Customers,38,3,531.22
Lost / Low Value,277,1,80.65
Loyal Customers,11,7,1342.44
Loyal Customers,73,5,1177.25
Occasional / At Risk,26,2,200.22
Champions (VIP),17,12,2354.81
Hibernating,141,1,168.8
Loyal Customers,26,7,1542.3600000000001
Loyal Customers,19,2,547.94
Occasional / At Risk,4,2,110.58
Loyal Customers,66,5,1708.07
Occasional / At Risk,1,2,145.25
Loyal Customers,43,7,880.52
Lost / Low Value,228,1,173.9
Loyal Customers,16,4,1119.59
Loyal Customers,50,2,2010.42
Champions (VIP),2,6,1387.25
Occasional / At Risk,74,2,271.32
Champions (VIP),1,31,14162.95
Loyal Customers,4,6,1291.6000000000001
Champions (VIP),2,22,3506.64
Hibernating,264,1,298.11
Loyal Customers,53,2,892.86
Hibernating,24,1,151.4
Loyal Customers,10,6,2353.4900000000002
Hibernating,44,1,201.01
Champions (VIP),17,7,2499.56
Champions (VIP),7,7,4067.48
Champions (VIP),30,15,3278.02
Hibernating,358,2,242.70000000000002
Occasional / At Risk,127,4,611.04
Hibernating,137,1,166.47
Hibernating,142,1,251.92000000000002
Hibernating,132,2,607.94
Loyal Customers,38,8,1751.63
Hibernating,236,1,298.25
Lost / Low Value,261,1,154.95
Loyal Customers,17,4,2135.39
Lost / Low Value,253,1,193.65
Loyal Customers,30,4,1016.99
Loyal Customers,35,3,798.74
Hibernating,169,2,729.99
Champions (VIP),3,9,1511.72
Champions (VIP),4,17,6826.93
Occasional / At Risk,185,2,50.400000000000006
Occasional / At Risk,188,2,254.82999999999998
Lost / Low Value,170,1,58.25
Occasional / At Risk,11,2,369.8
Hibernating,45,1,403.21
Lost / Low Value,321,1,153.0
Champions (VIP),29,10,4455.29
Lost / Low Value,232,1,113.85
Champions (VIP),38,15,3669.72
Occasional / At Risk,26,4,860.54
Loyal Customers,96,4,1560.26
Occasional / At Risk,173,2,163.9
Loyal Customers,71,3,820.2
Champions (VIP),16,11,2946.2799999999997
Hibernating,15,1,923.35
Champions (VIP),4,3,2549.93
Champions (VIP),3,13,3979.48
Loyal Customers,79,4,871.06
Hibernating,373,1,222.52
Occasional / At Risk,39,2,471.63
Loyal Customers,54,3,567.91
Champions (VIP),2,19,12077.380000000001
Occasional / At Risk,9,2,215.59
Occasional / At Risk,9,2,137.64000000000001
Loyal Customers,19,4,1351.81
Loyal Customers,12,7,2131.35
Occasional / At Risk,113,2,200.86
Champions (VIP),4,6,1613.26
Lost / Low Value,240,1,74.8
Lost / Low Value,113,1,71.4
Occasional / At Risk,178,2,478.95
Champions (VIP),5,9,1101.16
Champions (VIP),1,5,982.55
Champions (VIP),1,30,4296.3
Champions (VIP),19,8,3081.55
Loyal Customers,17,3,664.21
Occasional / At Risk,22,2,218.25
Hibernating,33,1,285.64
Lost / Low Value,263,1,15.0
Loyal Customers,51,2,679.35
Hibernating,159,3,259.58
Hibernating,15,1,262.95
Loyal Customers,8,3,1360.91
Champions (VIP),13,10,3271.08
Occasional / At Risk,199,3,286.57
Occasional / At Risk,57,2,213.23
Hibernating,11,2,125.0
Loyal Customers,97,4,985.74
Lost / Low Value,255,1,56.4
Loyal Customers,25,3,629.11
Loyal Customers,21,3,494.86
Lost / Low Value,159,1,62.17
Loyal Customers,72,2,274.97
Lost / Low Value,53,1,123.44
Loyal Customers,85,2,226.78
Loyal Customers,153,4,1630.29
Lost / Low Value,130,1,3.25
Lost / Low Value,281,1,191.65
Champions (VIP),27,14,1652.25
Lost / Low Value,30,1,106.1
Hibernating,25,1,162.37
Hibernating,180,2,311.48
Loyal Customers,40,4,578.05
Loyal Customers,22,3,644.63
Champions (VIP),22,10,2534.95
Loyal Customers,37,9,951.36
Loyal Customers,82,3,1145.07
Lost / Low Value,74,1,211.83
Hibernating,11,1,445.11
Occasional / At Risk,16,4,729.45
Champions (VIP),4,39,5594.68
Loyal Customers,13,4,547.26
Champions (VIP),14,5,1156.17
Occasional / At Risk,37,4,36.56
Occasional / At Risk,4,2,114.43
Occasional / At Risk,72,6,676.81
Hibernating,51,1,235.84
Champions (VIP),5,5,1751.3600000000001
Loyal Customers,23,4,902.02
Hibernating,299,1,765.34
Occasional / At Risk,2,3,200.75
Lost / Low Value,33,1,35.400000000000006
Hibernating,50,1,148.53
Loyal Customers,3,3,279.54
Hibernating,47,1,109.83
Loyal Customers,42,8,1080.68
Loyal Customers,27,5,1812.06
Hibernating,42,1,318.15
Champions (VIP),2,123,32200.74
Hibernating,303,1,170.88
Lost / Low Value,107,1,51.559999999999995
Occasional / At Risk,148,6,331.02
Occasional / At Risk,264,3,64.60000000000001
Champions (VIP),372,34,4462.16
Hibernating,12,2,114.34
Occasional / At Risk,185,2,120.01
Hibernating,373,1,199.02
Occasional / At Risk,233,2,131.0
Lost / Low Value,358,1,5.5
Champions (VIP),6,9,2056.11
Hibernating,305,1,118.52000000000001
Hibernating,369,1,194.65
Champions (VIP),3,8,1606.44
Lost / Low Value,324,1,260.0
Loyal Customers,59,6,2891.44
Loyal Customers,13,3,495.75
Champions (VIP),31,18,6388.72
Lost / Low Value,143,1,170.8
Loyal Customers,30,3,201.54000000000002
Occasional / At Risk,107,5,275.03
Champions (VIP),2,11,1296.07
Lost / Low Value,205,1,131.42000000000002
Occasional / At Risk,80,5,1073.26
Loyal Customers,185,6,527.07
Lost / Low Value,170,1,158.01
Hibernating,44,1,244.83
Lost / Low Value,174,1,154.67
Hibernating,365,1,387.82
Lost / Low Value,304,1,133.35000000000002
Loyal Customers,3,4,493.34
Loyal Customers,4,4,537.22
Hibernating,12,1,139.59
Loyal Customers,32,3,468.23
Lost / Low Value,129,1,47.05
Loyal Customers,60,6,392.42
Occasional / At Risk,212,2,159.92
Hibernating,323,2,508.57
Hibernating,162,1,203.85999999999999
Occasional / At Risk,57,2,121.1
Lost / Low Value,225,1,66.31
Loyal Customers,72,8,904.49
Lost / Low Value,44,1,80.36
Loyal Customers,173,3,380.56
Occasional / At Risk,85,2,138.14
Hibernating,159,1,94.34
Lost / Low Value,190,2,97.19999999999999
Lost / Low Value,29,1,41.78
Hibernating,21,1,91.62
Occasional / At Risk,157,3,338.59000000000003
Lost / Low Value,247,1,55.95
Hibernating,374,1,218.2
Hibernating,9,1,294.35
Hibernating,310,5,194.18
Occasional / At Risk,59,2,339.39
Hibernating,4,1,230.68
Loyal Customers,45,3,318.08
Hibernating,88,1,615.48
Champions (VIP),4,17,3375.62
Loyal Customers,64,4,769.38
Occasional / At Risk,12,4,703.38
Occasional / At Risk,133,2,309.23
Occasional / At Risk,45,2,155.56
Lost / Low Value,309,1,196.20000000000002
Occasional / At Risk,36,5,707.4
Hibernating,134,2,255.0
Loyal Customers,29,3,1188.92
Hibernating,59,1,307.68
Hibernating,138,2,134.39
Hibernating,5,1,327.53
Occasional / At Risk,9,4,172.5
Lost / Low Value,160,1,99.14
Lost / Low Value,8,1,1.9
Lost / Low Value,233,2,79.78
Lost / Low Value,37,1,136.68
Occasional / At Risk,8,4,258.29999999999995
Loyal Customers,72,3,365.15
Occasional / At Risk,40,3,208.38000000000002
Champions (VIP),5,11,2017.57
Lost / Low Value,220,2,55.599999999999994
Hibernating,66,1,95.28999999999999
Lost / Low Value,117,1,136.16
Hibernating,171,1,73.78
Champions (VIP),21,37,858.24
Hibernating,142,1,82.02
Loyal Customers,32,2,326.25
Champions (VIP),38,14,2060.67
Hibernating,151,2,155.43
Hibernating,372,1,84.42
Hibernating,374,1,257.15
Occasional / At Risk,166,2,63.45
Hibernating,211,1,279.33
Hibernating,242,1,96.54
Hibernating,52,1,299.48
Loyal Customers,25,3,651.1
Champions (VIP),15,13,3819.2000000000003
Hibernating,372,1,282.64
Lost / Low Value,29,1,95.29
Lost / Low Value,365,1,129.5
Loyal Customers,36,4,573.03
Occasional / At Risk,166,3,228.15
Hibernating,145,1,131.68
Hibernating,22,1,571.35
Lost / Low Value,56,1,20.8
Lost / Low Value,185,1,123.92999999999999
Occasional / At Risk,12,7,99.92
Occasional / At Risk,237,3,585.84
Lost / Low Value,225,2,67.85
Loyal Customers,122,4,545.83
Lost / Low Value,282,1,23.6
Loyal Customers,74,8,1264.1
Loyal Customers,37,2,334.79
Loyal Customers,12,2,272.93
Hibernating,362,1,112.37
Loyal Customers,4,2,163.02
Hibernating,23,1,251.53000000000003
Occasional / At Risk,70,4,71.53
Hibernating,235,1,182.29
Lost / Low Value,257,1,61.6
Hibernating,373,1,92.84
Hibernating,155,2,129.81
Hibernating,28,1,146.32
Hibernating,4,1,120.03
Loyal Customers,32,5,949.6
Occasional / At Risk,108,2,53.589999999999996
Lost / Low Value,52,1,28.5
Hibernating,36,1,542.25
Lost / Low Value,153,1,67.63
Hibernating,99,1,115.31
Occasional / At Risk,4,2,35.45
Lost / Low Value,334,1,73.5
Hibernating,65,1,71.82
Hibernating,22,2,342.84
Hibernating,36,3,240.92999999999998
Loyal Customers,32,3,403.12
Occasional / At Risk,154,6,33.17
Occasional / At Risk,19,2,340.20000000000005
Champions (VIP),12,21,2896.07
Lost / Low Value,54,1,93.35
Loyal Customers,25,3,426.59000000000003
Champions (VIP),4,10,1388.7
Hibernating,45,1,145.09
Lost / Low Value,203,2,95.97
Lost / Low Value,359,1,74.4
Hibernating,71,1,283.02
Champions (VIP),7,10,5424.71
Hibernating,288,1,293.7
Lost / Low Value,10,1,6.959999999999999
Occasional / At Risk,23,3,290.56
Occasional / At Risk,22,10,1053.39
Occasional / At Risk,173,3,282.45
Lost / Low Value,133,1,48.0
Champions (VIP),6,14,1803.16
Hibernating,75,1,318.0
Hibernating,40,1,319.03
Champions (VIP),26,5,1852.42
Occasional / At Risk,258,2,369.4
Hibernating,186,1,247.44
Loyal Customers,114,11,707.6
Lost / Low Value,374,1,185.3
Champions (VIP),23,10,2141.4900000000002
Champions (VIP),8,11,2404.95
Hibernating,217,2,185.98
Loyal Customers,45,3,571.69
Occasional / At Risk,36,3,290.58000000000004
Hibernating,26,1,562.88
Hibernating,330,2,689.95
Lost / Low Value,274,1,101.34
Hibernating,61,1,132.03
Champions (VIP),2,9,2818.12
Occasional / At Risk,120,2,398.59999999999997
Loyal Customers,82,6,1705.46
Hibernating,313,2,283.8
Loyal Customers,12,3,724.54
Loyal Customers,8,6,1977.94
Hibernating,127,1,160.35999999999999
Occasional / At Risk,11,2,162.7
Champions (VIP),1,13,5344.04
Hibernating,37,1,424.64
Hibernating,38,1,103.53
Hibernating,330,1,196.05
Hibernating,254,1,201.2
Champions (VIP),2,26,3443.77
Hibernating,20,1,180.9
Occasional / At Risk,12,2,198.52
Hibernating,290,1,137.9
Loyal Customers,68,8,1080.55
Hibernating,26,1,219.42
Champions (VIP),11,26,4641.61
Hibernating,368,1,140.09
Lost / Low Value,214,1,75.35
Hibernating,149,2,615.8
Champions (VIP),8,6,1608.4
Hibernating,24,2,374.16
Loyal Customers,30,4,1024.07
Hibernating,61,1,190.33
Loyal Customers,19,3,257.09000000000003
Lost / Low Value,243,1,99.80000000000001
Loyal Customers,15,3,941.16
Occasional / At Risk,29,4,206.25
Occasional / At Risk,63,3,767.33
Lost / Low Value,295,1,67.80000000000001
Loyal Customers,18,6,3112.86
Lost / Low Value,216,1,134.4
Hibernating,117,2,895.8100000000001
Occasional / At Risk,31,11,912.1500000000001
Champions (VIP),13,4,2761.12
Occasional / At Risk,141,2,160.35000000000002
Occasional / At Risk,46,2,147.83999999999997
Occasional / At Risk,51,3,323.7
Loyal Customers,32,3,566.58
Occasional / At Risk,135,2,560.7
Loyal Customers,3,2,360.94
Occasional / At Risk,75,3,351.46
Loyal Customers,13,2,639.19
Loyal Customers,9,2,453.4
Hibernating,301,1,257.25
Occasional / At Risk,57,2,499.06
Loyal Customers,15,5,1281.32
Hibernating,37,1,337.40000000000003
Lost / Low Value,177,1,177.66
Loyal Customers,23,3,1259.46
Loyal Customers,176,6,853.78
Lost / Low Value,61,1,151.65
Occasional / At Risk,33,3,490.51
Occasional / At Risk,59,5,675.6800000000001
Champions (VIP),31,15,4039.5
Occasional / At Risk,87,4,884.98
Hibernating,358,1,419.05
Loyal Customers,31,6,1278.47
Loyal Customers,129,4,1521.22
Loyal Customers,9,5,1233.24
Champions (VIP),5,6,1637.38
Hibernating,24,1,324.40000000000003
Hibernating,227,2,512.87
Hibernating,249,1,214.25
Loyal Customers,15,3,1344.72
Loyal Customers,78,2,891.34
Occasional / At Risk,192,2,219.16000000000003
Lost / Low Value,262,1,37.4
Hibernating,72,1,698.82
Hibernating,165,1,208.91
Loyal Customers,95,2,585.93
Champions (VIP),4,16,2018.14
Hibernating,106,1,150.35
Loyal Customers,200,3,1058.99
Hibernating,157,1,126.07
Loyal Customers,71,3,1655.2
Hibernating,36,2,408.86
Lost / Low Value,29,1,139.10000000000002
Champions (VIP),2,6,1907.18
Loyal Customers,26,5,515.0699999999999
Hibernating,326,1,175.47
Hibernating,237,1,232.48000000000002
Hibernating,89,1,266.34000000000003
Hibernating,31,1,360.85
Loyal Customers,29,2,515.67
Occasional / At Risk,211,2,299.0
Champions (VIP),3,10,1616.92
Loyal Customers,22,5,913.82
Hibernating,93,1,333.87
Champions (VIP),5,14,5481.32
Lost / Low Value,264,1,158.95000000000002
Champions (VIP),3,12,4244.35
Champions (VIP),44,11,4400.21
Lost / Low Value,218,1,30.0
Hibernating,57,2,760.0
Champions (VIP),12,20,3664.7
Loyal Customers,9,7,2032.9
Loyal Customers,192,5,1480.52
Loyal Customers,82,4,533.57
Loyal Customers,72,3,1477.78
Loyal Customers,30,6,818.64
Loyal Customers,3,5,819.5699999999999
Loyal Customers,219,5,1457.81
Lost / Low Value,46,1,125.58000000000001
Champions (VIP),10,17,1786.64
Loyal Customers,72,4,1629.92
Champions (VIP),7,7,2266.43
Lost / Low Value,233,1,29.5
Hibernating,123,2,599.84
Lost / Low Value,17,1,81.66
Hibernating,310,1,270.62
Loyal Customers,51,2,377.27
Lost / Low Value,89,1,103.3
Loyal Customers,39,8,2012.26
Loyal Customers,25,3,2203.6000000000004
Loyal Customers,173,6,2112.46
Occasional / At Risk,43,2,314.29
Lost / Low Value,140,1,149.48
Loyal Customers,26,3,1042.4
Loyal Customers,72,2,609.11
Lost / Low Value,366,1,168.6
Occasional / At Risk,38,2,244.9
Champions (VIP),3,6,2794.96
Occasional / At Risk,2,2,102.0
Hibernating,30,1,163.17
Hibernating,44,1,213.46
Lost / Low Value,58,1,110.38
Lost / Low Value,74,1,173.9
Lost / Low Value,278,1,137.0
Lost / Low Value,181,1,46.92
Occasional / At Risk,8,2,113.13000000000001
Champions (VIP),4,16,1996.68
Loyal Customers,43,3,960.76
